name,path,split,weather_raw,timeofday_raw,label
002b485a-3f6603f2.jpg,F:\xlw\bdd100k_final\images\100k\train\002b485a-3f6603f2.jpg,train,clear,night,night
003c4a61-52588960.jpg,F:\xlw\bdd100k_final\images\100k\train\003c4a61-52588960.jpg,train,clear,night,night
0048f391-2c5344eb.jpg,F:\xlw\bdd100k_final\images\100k\train\0048f391-2c5344eb.jpg,train,clear,daytime,clear
0048f391-eae6a189.jpg,F:\xlw\bdd100k_final\images\100k\train\0048f391-eae6a189.jpg,train,clear,daytime,clear
008d2a0a-ac995caf.jpg,F:\xlw\bdd100k_final\images\100k\train\008d2a0a-ac995caf.jpg,train,clear,night,night
0090c713-683fc99a.jpg,F:\xlw\bdd100k_final\images\100k\train\0090c713-683fc99a.jpg,train,clear,daytime,clear
0096bcca-42d2702c.jpg,F:\xlw\bdd100k_final\images\100k\train\0096bcca-42d2702c.jpg,train,clear,night,night
00c4c672-26d36ad8.jpg,F:\xlw\bdd100k_final\images\100k\train\00c4c672-26d36ad8.jpg,train,clear,night,night
01460ec4-a1d65b66.jpg,F:\xlw\bdd100k_final\images\100k\train\01460ec4-a1d65b66.jpg,train,clear,night,night
01460ec4-ae03e419.jpg,F:\xlw\bdd100k_final\images\100k\train\01460ec4-ae03e419.jpg,train,clear,night,night
01a54273-6df5e1d3.jpg,F:\xlw\bdd100k_final\images\100k\train\01a54273-6df5e1d3.jpg,train,clear,night,night
01ad8d8a-49bb0c93.jpg,F:\xlw\bdd100k_final\images\100k\train\01ad8d8a-49bb0c93.jpg,train,snowy,night,night
01c5cd64-192464e1.jpg,F:\xlw\bdd100k_final\images\100k\train\01c5cd64-192464e1.jpg,train,clear,daytime,clear
01ebc74a-5c69af71.jpg,F:\xlw\bdd100k_final\images\100k\train\01ebc74a-5c69af71.jpg,train,clear,night,night
0226f407-491ed238.jpg,F:\xlw\bdd100k_final\images\100k\train\0226f407-491ed238.jpg,train,clear,night,night
02982dfe-1dd674e5.jpg,F:\xlw\bdd100k_final\images\100k\train\02982dfe-1dd674e5.jpg,train,clear,daytime,clear
02995fe4-1e0fc944.jpg,F:\xlw\bdd100k_final\images\100k\train\02995fe4-1e0fc944.jpg,train,clear,night,night
02a0f142-c9c4b7d5.jpg,F:\xlw\bdd100k_final\images\100k\train\02a0f142-c9c4b7d5.jpg,train,clear,night,night
02ae4a52-e4715e65.jpg,F:\xlw\bdd100k_final\images\100k\train\02ae4a52-e4715e65.jpg,train,clear,night,night
02d91e68-dffa6840.jpg,F:\xlw\bdd100k_final\images\100k\train\02d91e68-dffa6840.jpg,train,rainy,night,night
036f3b5f-ee1521de.jpg,F:\xlw\bdd100k_final\images\100k\train\036f3b5f-ee1521de.jpg,train,clear,night,night
03b8bba0-73b58cc3.jpg,F:\xlw\bdd100k_final\images\100k\train\03b8bba0-73b58cc3.jpg,train,clear,night,night
04488604-72f099d0.jpg,F:\xlw\bdd100k_final\images\100k\train\04488604-72f099d0.jpg,train,foggy,night,night
044c6e60-4826118b.jpg,F:\xlw\bdd100k_final\images\100k\train\044c6e60-4826118b.jpg,train,clear,night,night
0482d45a-7f2f06ba.jpg,F:\xlw\bdd100k_final\images\100k\train\0482d45a-7f2f06ba.jpg,train,clear,night,night
04ce1444-39056242.jpg,F:\xlw\bdd100k_final\images\100k\train\04ce1444-39056242.jpg,train,clear,night,night
05584a52-730a88df.jpg,F:\xlw\bdd100k_final\images\100k\train\05584a52-730a88df.jpg,train,clear,night,night
0573beee-2e0c3c4d.jpg,F:\xlw\bdd100k_final\images\100k\train\0573beee-2e0c3c4d.jpg,train,rainy,night,night
05a93853-0d9f37e7.jpg,F:\xlw\bdd100k_final\images\100k\train\05a93853-0d9f37e7.jpg,train,rainy,night,night
05ce9fd0-0572fbc3.jpg,F:\xlw\bdd100k_final\images\100k\train\05ce9fd0-0572fbc3.jpg,train,overcast,daytime,clear
0610bc6f-aa7d796b.jpg,F:\xlw\bdd100k_final\images\100k\train\0610bc6f-aa7d796b.jpg,train,clear,night,night
06238b9d-364b8d6a.jpg,F:\xlw\bdd100k_final\images\100k\train\06238b9d-364b8d6a.jpg,train,snowy,night,night
06687ca4-d3f8f800.jpg,F:\xlw\bdd100k_final\images\100k\train\06687ca4-d3f8f800.jpg,train,clear,night,night
068fa72c-06df5852.jpg,F:\xlw\bdd100k_final\images\100k\train\068fa72c-06df5852.jpg,train,clear,night,night
07184fbb-33a15da2.jpg,F:\xlw\bdd100k_final\images\100k\train\07184fbb-33a15da2.jpg,train,clear,night,night
072819f3-efb329f9.jpg,F:\xlw\bdd100k_final\images\100k\train\072819f3-efb329f9.jpg,train,clear,night,night
0739a8ae-7098f8b5.jpg,F:\xlw\bdd100k_final\images\100k\train\0739a8ae-7098f8b5.jpg,train,clear,night,night
0778f573-ec85d34b.jpg,F:\xlw\bdd100k_final\images\100k\train\0778f573-ec85d34b.jpg,train,rainy,night,night
07e49e2a-08324f2c.jpg,F:\xlw\bdd100k_final\images\100k\train\07e49e2a-08324f2c.jpg,train,snowy,night,night
0814c9ab-92e16892.jpg,F:\xlw\bdd100k_final\images\100k\train\0814c9ab-92e16892.jpg,train,clear,daytime,clear
083bc808-43718f9d.jpg,F:\xlw\bdd100k_final\images\100k\train\083bc808-43718f9d.jpg,train,rainy,night,night
08d439aa-43ab5cc0.jpg,F:\xlw\bdd100k_final\images\100k\train\08d439aa-43ab5cc0.jpg,train,rainy,night,night
099d8913-a6af05ae.jpg,F:\xlw\bdd100k_final\images\100k\train\099d8913-a6af05ae.jpg,train,clear,night,night
09a1bb0d-8acc7b23.jpg,F:\xlw\bdd100k_final\images\100k\train\09a1bb0d-8acc7b23.jpg,train,clear,daytime,clear
09ac7416-5a77d689.jpg,F:\xlw\bdd100k_final\images\100k\train\09ac7416-5a77d689.jpg,train,clear,night,night
09bde9c2-2b5493a6.jpg,F:\xlw\bdd100k_final\images\100k\train\09bde9c2-2b5493a6.jpg,train,clear,daytime,clear
0a4ef631-6a2cae37.jpg,F:\xlw\bdd100k_final\images\100k\train\0a4ef631-6a2cae37.jpg,train,clear,night,night
0a4fd219-3d34b17c.jpg,F:\xlw\bdd100k_final\images\100k\train\0a4fd219-3d34b17c.jpg,train,clear,daytime,clear
0a57a646-4f1ee91b.jpg,F:\xlw\bdd100k_final\images\100k\train\0a57a646-4f1ee91b.jpg,train,clear,night,night
0a70b8c5-05f892e4.jpg,F:\xlw\bdd100k_final\images\100k\train\0a70b8c5-05f892e4.jpg,train,snowy,night,night
0a8aa157-907adcff.jpg,F:\xlw\bdd100k_final\images\100k\train\0a8aa157-907adcff.jpg,train,clear,night,night
0a9fa6b4-51db4df5.jpg,F:\xlw\bdd100k_final\images\100k\train\0a9fa6b4-51db4df5.jpg,train,partly cloudy,daytime,clear
0b08c1ce-c8ad666b.jpg,F:\xlw\bdd100k_final\images\100k\train\0b08c1ce-c8ad666b.jpg,train,clear,daytime,clear
0b426da1-d4116b83.jpg,F:\xlw\bdd100k_final\images\100k\train\0b426da1-d4116b83.jpg,train,clear,night,night
0b6c3c8a-0861ada0.jpg,F:\xlw\bdd100k_final\images\100k\train\0b6c3c8a-0861ada0.jpg,train,clear,daytime,clear
0b7b613f-aca8634e.jpg,F:\xlw\bdd100k_final\images\100k\train\0b7b613f-aca8634e.jpg,train,rainy,night,night
0b833acc-8f627b72.jpg,F:\xlw\bdd100k_final\images\100k\train\0b833acc-8f627b72.jpg,train,rainy,night,night
0bd143f9-c7d0cfdd.jpg,F:\xlw\bdd100k_final\images\100k\train\0bd143f9-c7d0cfdd.jpg,train,clear,night,night
0bdf6421-0cca8ba2.jpg,F:\xlw\bdd100k_final\images\100k\train\0bdf6421-0cca8ba2.jpg,train,clear,night,night
0bf2ff3e-62c584e1.jpg,F:\xlw\bdd100k_final\images\100k\train\0bf2ff3e-62c584e1.jpg,train,clear,daytime,clear
0c0c2d36-1ead07b3.jpg,F:\xlw\bdd100k_final\images\100k\train\0c0c2d36-1ead07b3.jpg,train,undefined,night,night
0cb98c04-13604dd3.jpg,F:\xlw\bdd100k_final\images\100k\train\0cb98c04-13604dd3.jpg,train,rainy,night,night
0cccba64-e38d7dd3.jpg,F:\xlw\bdd100k_final\images\100k\train\0cccba64-e38d7dd3.jpg,train,clear,night,night
0cdd0b65-7f73759a.jpg,F:\xlw\bdd100k_final\images\100k\train\0cdd0b65-7f73759a.jpg,train,clear,night,night
0cf7b3ad-55395104.jpg,F:\xlw\bdd100k_final\images\100k\train\0cf7b3ad-55395104.jpg,train,clear,daytime,clear
0e2511a1-0a336015.jpg,F:\xlw\bdd100k_final\images\100k\train\0e2511a1-0a336015.jpg,train,rainy,night,night
0e48b61d-831f1846.jpg,F:\xlw\bdd100k_final\images\100k\train\0e48b61d-831f1846.jpg,train,partly cloudy,daytime,clear
0e6671dd-f4382d9a.jpg,F:\xlw\bdd100k_final\images\100k\train\0e6671dd-f4382d9a.jpg,train,clear,night,night
0e6d508b-c0f521b7.jpg,F:\xlw\bdd100k_final\images\100k\train\0e6d508b-c0f521b7.jpg,train,clear,night,night
0e751e9e-176bbee8.jpg,F:\xlw\bdd100k_final\images\100k\train\0e751e9e-176bbee8.jpg,train,clear,night,night
0e7c79f9-c1092d03.jpg,F:\xlw\bdd100k_final\images\100k\train\0e7c79f9-c1092d03.jpg,train,rainy,night,night
0ea8daed-e2e9b101.jpg,F:\xlw\bdd100k_final\images\100k\train\0ea8daed-e2e9b101.jpg,train,clear,daytime,clear
0f062b89-9780bfa6.jpg,F:\xlw\bdd100k_final\images\100k\train\0f062b89-9780bfa6.jpg,train,snowy,night,night
0f08e0e9-79b87900.jpg,F:\xlw\bdd100k_final\images\100k\train\0f08e0e9-79b87900.jpg,train,clear,night,night
0f2148e5-9bebb385.jpg,F:\xlw\bdd100k_final\images\100k\train\0f2148e5-9bebb385.jpg,train,rainy,night,night
105b027f-f35d97e1.jpg,F:\xlw\bdd100k_final\images\100k\train\105b027f-f35d97e1.jpg,train,clear,night,night
105ed275-6dc667a4.jpg,F:\xlw\bdd100k_final\images\100k\train\105ed275-6dc667a4.jpg,train,rainy,night,night
10a2cb36-d2f2a857.jpg,F:\xlw\bdd100k_final\images\100k\train\10a2cb36-d2f2a857.jpg,train,partly cloudy,daytime,clear
10b090cc-5359747e.jpg,F:\xlw\bdd100k_final\images\100k\train\10b090cc-5359747e.jpg,train,clear,night,night
10b29d06-1114fd4d.jpg,F:\xlw\bdd100k_final\images\100k\train\10b29d06-1114fd4d.jpg,train,rainy,night,night
10c868d4-8af68f5a.jpg,F:\xlw\bdd100k_final\images\100k\train\10c868d4-8af68f5a.jpg,train,clear,night,night
1127aff5-0c155779.jpg,F:\xlw\bdd100k_final\images\100k\train\1127aff5-0c155779.jpg,train,snowy,night,night
112b268e-413fa870.jpg,F:\xlw\bdd100k_final\images\100k\train\112b268e-413fa870.jpg,train,clear,night,night
112b268e-654359ba.jpg,F:\xlw\bdd100k_final\images\100k\train\112b268e-654359ba.jpg,train,clear,night,night
112b268e-b5c0d0a3.jpg,F:\xlw\bdd100k_final\images\100k\train\112b268e-b5c0d0a3.jpg,train,clear,night,night
11612dc4-bdf82ccc.jpg,F:\xlw\bdd100k_final\images\100k\train\11612dc4-bdf82ccc.jpg,train,clear,night,night
1183ef80-67676319.jpg,F:\xlw\bdd100k_final\images\100k\train\1183ef80-67676319.jpg,train,clear,daytime,clear
119b71aa-3ca5b095.jpg,F:\xlw\bdd100k_final\images\100k\train\119b71aa-3ca5b095.jpg,train,clear,night,night
11bfabe9-b15ca8b4.jpg,F:\xlw\bdd100k_final\images\100k\train\11bfabe9-b15ca8b4.jpg,train,clear,night,night
11bfabe9-d1fb025b.jpg,F:\xlw\bdd100k_final\images\100k\train\11bfabe9-d1fb025b.jpg,train,undefined,night,night
11e74a9d-6a73e2eb.jpg,F:\xlw\bdd100k_final\images\100k\train\11e74a9d-6a73e2eb.jpg,train,clear,night,night
120b754f-9614b050.jpg,F:\xlw\bdd100k_final\images\100k\train\120b754f-9614b050.jpg,train,overcast,daytime,clear
1212a7d8-00c5d91e.jpg,F:\xlw\bdd100k_final\images\100k\train\1212a7d8-00c5d91e.jpg,train,clear,night,night
1236ceb8-804401af.jpg,F:\xlw\bdd100k_final\images\100k\train\1236ceb8-804401af.jpg,train,rainy,daytime,rain
12467302-1df0898e.jpg,F:\xlw\bdd100k_final\images\100k\train\12467302-1df0898e.jpg,train,clear,daytime,clear
1246dba2-f1807614.jpg,F:\xlw\bdd100k_final\images\100k\train\1246dba2-f1807614.jpg,train,clear,night,night
1270de59-3fdc5d86.jpg,F:\xlw\bdd100k_final\images\100k\train\1270de59-3fdc5d86.jpg,train,clear,daytime,clear
1282cc8a-c395d7f1.jpg,F:\xlw\bdd100k_final\images\100k\train\1282cc8a-c395d7f1.jpg,train,clear,night,night
12899e0d-3e341af3.jpg,F:\xlw\bdd100k_final\images\100k\train\12899e0d-3e341af3.jpg,train,clear,night,night
128ed7c7-3481584d.jpg,F:\xlw\bdd100k_final\images\100k\train\128ed7c7-3481584d.jpg,train,rainy,night,night
12da3d5b-b58d573d.jpg,F:\xlw\bdd100k_final\images\100k\train\12da3d5b-b58d573d.jpg,train,clear,night,night
12ededf4-c496cf5a.jpg,F:\xlw\bdd100k_final\images\100k\train\12ededf4-c496cf5a.jpg,train,clear,night,night
12f37766-8e36a1f4.jpg,F:\xlw\bdd100k_final\images\100k\train\12f37766-8e36a1f4.jpg,train,clear,night,night
1314451a-c985e0fd.jpg,F:\xlw\bdd100k_final\images\100k\train\1314451a-c985e0fd.jpg,train,clear,night,night
137ec1c1-d8f95673.jpg,F:\xlw\bdd100k_final\images\100k\train\137ec1c1-d8f95673.jpg,train,snowy,night,night
13fbfc19-6595f3a6.jpg,F:\xlw\bdd100k_final\images\100k\train\13fbfc19-6595f3a6.jpg,train,rainy,night,night
1407063b-16833596.jpg,F:\xlw\bdd100k_final\images\100k\train\1407063b-16833596.jpg,train,clear,night,night
14b50a39-1b5d5b59.jpg,F:\xlw\bdd100k_final\images\100k\train\14b50a39-1b5d5b59.jpg,train,clear,daytime,clear
14ba20d7-62f8447d.jpg,F:\xlw\bdd100k_final\images\100k\train\14ba20d7-62f8447d.jpg,train,clear,night,night
14c79cde-fc65f3fd.jpg,F:\xlw\bdd100k_final\images\100k\train\14c79cde-fc65f3fd.jpg,train,clear,night,night
14dd13c4-2865e565.jpg,F:\xlw\bdd100k_final\images\100k\train\14dd13c4-2865e565.jpg,train,clear,daytime,clear
152cef85-09732771.jpg,F:\xlw\bdd100k_final\images\100k\train\152cef85-09732771.jpg,train,clear,night,night
15522130-a3bfe2b4.jpg,F:\xlw\bdd100k_final\images\100k\train\15522130-a3bfe2b4.jpg,train,clear,daytime,clear
155732cc-5398e1a1.jpg,F:\xlw\bdd100k_final\images\100k\train\155732cc-5398e1a1.jpg,train,clear,night,night
157c2b67-a8007367.jpg,F:\xlw\bdd100k_final\images\100k\train\157c2b67-a8007367.jpg,train,clear,daytime,clear
15f559a7-4211d746.jpg,F:\xlw\bdd100k_final\images\100k\train\15f559a7-4211d746.jpg,train,rainy,night,night
165a8caf-719192c2.jpg,F:\xlw\bdd100k_final\images\100k\train\165a8caf-719192c2.jpg,train,clear,night,night
166ef80b-7625e157.jpg,F:\xlw\bdd100k_final\images\100k\train\166ef80b-7625e157.jpg,train,clear,night,night
1685d3d8-713b2e3d.jpg,F:\xlw\bdd100k_final\images\100k\train\1685d3d8-713b2e3d.jpg,train,clear,night,night
16a98dc3-c4e841ab.jpg,F:\xlw\bdd100k_final\images\100k\train\16a98dc3-c4e841ab.jpg,train,clear,daytime,clear
16c96d9c-9791ea15.jpg,F:\xlw\bdd100k_final\images\100k\train\16c96d9c-9791ea15.jpg,train,clear,night,night
16ca9fed-7d8bb556.jpg,F:\xlw\bdd100k_final\images\100k\train\16ca9fed-7d8bb556.jpg,train,rainy,daytime,rain
16cc1363-369afeba.jpg,F:\xlw\bdd100k_final\images\100k\train\16cc1363-369afeba.jpg,train,clear,night,night
16d1557b-1bcf4dff.jpg,F:\xlw\bdd100k_final\images\100k\train\16d1557b-1bcf4dff.jpg,train,clear,night,night
1749b27b-d2571fa3.jpg,F:\xlw\bdd100k_final\images\100k\train\1749b27b-d2571fa3.jpg,train,clear,night,night
17d2c5d1-3da97736.jpg,F:\xlw\bdd100k_final\images\100k\train\17d2c5d1-3da97736.jpg,train,clear,night,night
17d2c5d1-79fb9661.jpg,F:\xlw\bdd100k_final\images\100k\train\17d2c5d1-79fb9661.jpg,train,clear,night,night
185382a2-5c52f09a.jpg,F:\xlw\bdd100k_final\images\100k\train\185382a2-5c52f09a.jpg,train,rainy,night,night
18628df3-982c878e.jpg,F:\xlw\bdd100k_final\images\100k\train\18628df3-982c878e.jpg,train,clear,night,night
1882c199-2064fdc5.jpg,F:\xlw\bdd100k_final\images\100k\train\1882c199-2064fdc5.jpg,train,clear,night,night
189114f7-ca84c140.jpg,F:\xlw\bdd100k_final\images\100k\train\189114f7-ca84c140.jpg,train,clear,night,night
192792cc-6d0a0709.jpg,F:\xlw\bdd100k_final\images\100k\train\192792cc-6d0a0709.jpg,train,clear,night,night
194d4323-fb83c047.jpg,F:\xlw\bdd100k_final\images\100k\train\194d4323-fb83c047.jpg,train,clear,night,night
1989c447-0fac8a3c.jpg,F:\xlw\bdd100k_final\images\100k\train\1989c447-0fac8a3c.jpg,train,clear,daytime,clear
19d0074c-61393621.jpg,F:\xlw\bdd100k_final\images\100k\train\19d0074c-61393621.jpg,train,clear,night,night
19ed538d-6fcac9d6.jpg,F:\xlw\bdd100k_final\images\100k\train\19ed538d-6fcac9d6.jpg,train,clear,night,night
1a032081-e82ac2e1.jpg,F:\xlw\bdd100k_final\images\100k\train\1a032081-e82ac2e1.jpg,train,snowy,night,night
1a29c177-773be697.jpg,F:\xlw\bdd100k_final\images\100k\train\1a29c177-773be697.jpg,train,clear,night,night
1a8d12f7-9b8384a3.jpg,F:\xlw\bdd100k_final\images\100k\train\1a8d12f7-9b8384a3.jpg,train,clear,night,night
1a9edd0e-cd77b966.jpg,F:\xlw\bdd100k_final\images\100k\train\1a9edd0e-cd77b966.jpg,train,clear,night,night
1aa6dd36-f19e02e5.jpg,F:\xlw\bdd100k_final\images\100k\train\1aa6dd36-f19e02e5.jpg,train,clear,night,night
1aa7dd83-7d29fcfb.jpg,F:\xlw\bdd100k_final\images\100k\train\1aa7dd83-7d29fcfb.jpg,train,clear,night,night
1accee17-e3ef2a44.jpg,F:\xlw\bdd100k_final\images\100k\train\1accee17-e3ef2a44.jpg,train,clear,night,night
1ada33f6-0ec661fb.jpg,F:\xlw\bdd100k_final\images\100k\train\1ada33f6-0ec661fb.jpg,train,clear,daytime,clear
1b6c9e66-ce3cbf13.jpg,F:\xlw\bdd100k_final\images\100k\train\1b6c9e66-ce3cbf13.jpg,train,rainy,night,night
1b892748-85c80a37.jpg,F:\xlw\bdd100k_final\images\100k\train\1b892748-85c80a37.jpg,train,clear,night,night
1b8e71ba-c57f5bfb.jpg,F:\xlw\bdd100k_final\images\100k\train\1b8e71ba-c57f5bfb.jpg,train,snowy,night,night
1bd2a81a-16d27acb.jpg,F:\xlw\bdd100k_final\images\100k\train\1bd2a81a-16d27acb.jpg,train,overcast,daytime,clear
1bdb6097-52ab2d3f.jpg,F:\xlw\bdd100k_final\images\100k\train\1bdb6097-52ab2d3f.jpg,train,clear,daytime,clear
1c1f26a3-92dbad98.jpg,F:\xlw\bdd100k_final\images\100k\train\1c1f26a3-92dbad98.jpg,train,clear,night,night
1c57005f-7cca2429.jpg,F:\xlw\bdd100k_final\images\100k\train\1c57005f-7cca2429.jpg,train,partly cloudy,daytime,clear
1d01d435-108c63dd.jpg,F:\xlw\bdd100k_final\images\100k\train\1d01d435-108c63dd.jpg,train,overcast,daytime,clear
1d1c2bfe-e1f37b84.jpg,F:\xlw\bdd100k_final\images\100k\train\1d1c2bfe-e1f37b84.jpg,train,clear,daytime,clear
1d20db39-1e1e61c2.jpg,F:\xlw\bdd100k_final\images\100k\train\1d20db39-1e1e61c2.jpg,train,clear,daytime,clear
1d3825e0-6aafe66d.jpg,F:\xlw\bdd100k_final\images\100k\train\1d3825e0-6aafe66d.jpg,train,clear,daytime,clear
1dc40a8d-44cca20b.jpg,F:\xlw\bdd100k_final\images\100k\train\1dc40a8d-44cca20b.jpg,train,clear,night,night
1dea280f-7a3a5728.jpg,F:\xlw\bdd100k_final\images\100k\train\1dea280f-7a3a5728.jpg,train,clear,night,night
1e376185-0fda0b16.jpg,F:\xlw\bdd100k_final\images\100k\train\1e376185-0fda0b16.jpg,train,clear,night,night
1e3c65ba-a00f2631.jpg,F:\xlw\bdd100k_final\images\100k\train\1e3c65ba-a00f2631.jpg,train,snowy,night,night
1e79ca92-5b0bc85a.jpg,F:\xlw\bdd100k_final\images\100k\train\1e79ca92-5b0bc85a.jpg,train,partly cloudy,daytime,clear
1eb002c1-ffb893a6.jpg,F:\xlw\bdd100k_final\images\100k\train\1eb002c1-ffb893a6.jpg,train,clear,night,night
1ec24130-a6a343c7.jpg,F:\xlw\bdd100k_final\images\100k\train\1ec24130-a6a343c7.jpg,train,clear,night,night
1ee240ee-4d5e5918.jpg,F:\xlw\bdd100k_final\images\100k\train\1ee240ee-4d5e5918.jpg,train,clear,night,night
1ee240ee-f8c97df3.jpg,F:\xlw\bdd100k_final\images\100k\train\1ee240ee-f8c97df3.jpg,train,clear,night,night
1f0d66a9-dd83aa1b.jpg,F:\xlw\bdd100k_final\images\100k\train\1f0d66a9-dd83aa1b.jpg,train,clear,night,night
1f2adee2-d0541020.jpg,F:\xlw\bdd100k_final\images\100k\train\1f2adee2-d0541020.jpg,train,foggy,night,night
1fb82715-1dfa34fd.jpg,F:\xlw\bdd100k_final\images\100k\train\1fb82715-1dfa34fd.jpg,train,rainy,night,night
2072d9e8-5af145d7.jpg,F:\xlw\bdd100k_final\images\100k\train\2072d9e8-5af145d7.jpg,train,clear,night,night
208f060f-18f29b6e.jpg,F:\xlw\bdd100k_final\images\100k\train\208f060f-18f29b6e.jpg,train,clear,night,night
20a9d23f-708fdd77.jpg,F:\xlw\bdd100k_final\images\100k\train\20a9d23f-708fdd77.jpg,train,clear,night,night
20a9d23f-f43e0dfd.jpg,F:\xlw\bdd100k_final\images\100k\train\20a9d23f-f43e0dfd.jpg,train,clear,daytime,clear
2118d97b-3d7bd5d7.jpg,F:\xlw\bdd100k_final\images\100k\train\2118d97b-3d7bd5d7.jpg,train,clear,daytime,clear
212b39e1-dec5ebae.jpg,F:\xlw\bdd100k_final\images\100k\train\212b39e1-dec5ebae.jpg,train,overcast,daytime,clear
21f46308-24a6a851.jpg,F:\xlw\bdd100k_final\images\100k\train\21f46308-24a6a851.jpg,train,clear,night,night
222d61fa-4a59b227.jpg,F:\xlw\bdd100k_final\images\100k\train\222d61fa-4a59b227.jpg,train,rainy,daytime,rain
2295f926-672f33ca.jpg,F:\xlw\bdd100k_final\images\100k\train\2295f926-672f33ca.jpg,train,clear,night,night
22a06018-0b8d2fc6.jpg,F:\xlw\bdd100k_final\images\100k\train\22a06018-0b8d2fc6.jpg,train,clear,daytime,clear
230c0a94-6e7e47c6.jpg,F:\xlw\bdd100k_final\images\100k\train\230c0a94-6e7e47c6.jpg,train,clear,night,night
2332ba2c-be5321f8.jpg,F:\xlw\bdd100k_final\images\100k\train\2332ba2c-be5321f8.jpg,train,snowy,night,night
239471e5-2431dd3d.jpg,F:\xlw\bdd100k_final\images\100k\train\239471e5-2431dd3d.jpg,train,clear,night,night
23b178c6-68aff848.jpg,F:\xlw\bdd100k_final\images\100k\train\23b178c6-68aff848.jpg,train,clear,night,night
23d12210-4f62b2f7.jpg,F:\xlw\bdd100k_final\images\100k\train\23d12210-4f62b2f7.jpg,train,partly cloudy,daytime,clear
23ea6cd1-28084fcd.jpg,F:\xlw\bdd100k_final\images\100k\train\23ea6cd1-28084fcd.jpg,train,clear,night,night
23ee48e1-71fa6571.jpg,F:\xlw\bdd100k_final\images\100k\train\23ee48e1-71fa6571.jpg,train,undefined,night,night
23f11120-c54caaca.jpg,F:\xlw\bdd100k_final\images\100k\train\23f11120-c54caaca.jpg,train,clear,night,night
23fbd58b-dd9f93ba.jpg,F:\xlw\bdd100k_final\images\100k\train\23fbd58b-dd9f93ba.jpg,train,clear,night,night
2439c8bb-607b98db.jpg,F:\xlw\bdd100k_final\images\100k\train\2439c8bb-607b98db.jpg,train,clear,daytime,clear
248ff6e8-e72cf531.jpg,F:\xlw\bdd100k_final\images\100k\train\248ff6e8-e72cf531.jpg,train,clear,night,night
2495cb5c-72708d44.jpg,F:\xlw\bdd100k_final\images\100k\train\2495cb5c-72708d44.jpg,train,clear,night,night
24cef2ba-da1aac1d.jpg,F:\xlw\bdd100k_final\images\100k\train\24cef2ba-da1aac1d.jpg,train,clear,night,night
24f6fc60-a5adc1e0.jpg,F:\xlw\bdd100k_final\images\100k\train\24f6fc60-a5adc1e0.jpg,train,clear,daytime,clear
250d9cd1-2a9273c0.jpg,F:\xlw\bdd100k_final\images\100k\train\250d9cd1-2a9273c0.jpg,train,clear,night,night
255400b7-0def2a8f.jpg,F:\xlw\bdd100k_final\images\100k\train\255400b7-0def2a8f.jpg,train,clear,night,night
258c0fc3-d0776ef2.jpg,F:\xlw\bdd100k_final\images\100k\train\258c0fc3-d0776ef2.jpg,train,undefined,night,night
25baae21-c242bb75.jpg,F:\xlw\bdd100k_final\images\100k\train\25baae21-c242bb75.jpg,train,clear,night,night
25f18204-26cda37a.jpg,F:\xlw\bdd100k_final\images\100k\train\25f18204-26cda37a.jpg,train,clear,night,night
25f18204-2d1549f9.jpg,F:\xlw\bdd100k_final\images\100k\train\25f18204-2d1549f9.jpg,train,clear,night,night
25f2bdad-aaebd58e.jpg,F:\xlw\bdd100k_final\images\100k\train\25f2bdad-aaebd58e.jpg,train,clear,night,night
25f2bdad-f5fdecc8.jpg,F:\xlw\bdd100k_final\images\100k\train\25f2bdad-f5fdecc8.jpg,train,clear,night,night
25fb7e7c-97133621.jpg,F:\xlw\bdd100k_final\images\100k\train\25fb7e7c-97133621.jpg,train,overcast,daytime,clear
26088906-6e0e437f.jpg,F:\xlw\bdd100k_final\images\100k\train\26088906-6e0e437f.jpg,train,foggy,night,night
26255520-b61e1f67.jpg,F:\xlw\bdd100k_final\images\100k\train\26255520-b61e1f67.jpg,train,clear,night,night
2739a1a1-f8e21276.jpg,F:\xlw\bdd100k_final\images\100k\train\2739a1a1-f8e21276.jpg,train,clear,daytime,clear
2776d65d-188ddbff.jpg,F:\xlw\bdd100k_final\images\100k\train\2776d65d-188ddbff.jpg,train,clear,night,night
277ff2e0-7e7e3e0d.jpg,F:\xlw\bdd100k_final\images\100k\train\277ff2e0-7e7e3e0d.jpg,train,clear,night,night
278f9663-033c4bae.jpg,F:\xlw\bdd100k_final\images\100k\train\278f9663-033c4bae.jpg,train,snowy,night,night
281636dd-f68d72f2.jpg,F:\xlw\bdd100k_final\images\100k\train\281636dd-f68d72f2.jpg,train,rainy,night,night
28977da4-85c4b295.jpg,F:\xlw\bdd100k_final\images\100k\train\28977da4-85c4b295.jpg,train,clear,night,night
28d6efaa-b54d565f.jpg,F:\xlw\bdd100k_final\images\100k\train\28d6efaa-b54d565f.jpg,train,clear,night,night
29459f46-aef26c7a.jpg,F:\xlw\bdd100k_final\images\100k\train\29459f46-aef26c7a.jpg,train,clear,daytime,clear
2946f63f-f61eaf59.jpg,F:\xlw\bdd100k_final\images\100k\train\2946f63f-f61eaf59.jpg,train,clear,night,night
296a8bda-97cd6082.jpg,F:\xlw\bdd100k_final\images\100k\train\296a8bda-97cd6082.jpg,train,clear,night,night
29fc1296-29b820a4.jpg,F:\xlw\bdd100k_final\images\100k\train\29fc1296-29b820a4.jpg,train,clear,night,night
2a0b0ab3-a0798ab1.jpg,F:\xlw\bdd100k_final\images\100k\train\2a0b0ab3-a0798ab1.jpg,train,snowy,night,night
2a27ffe5-f4780aac.jpg,F:\xlw\bdd100k_final\images\100k\train\2a27ffe5-f4780aac.jpg,train,rainy,night,night
2a68cbc2-9f90ba31.jpg,F:\xlw\bdd100k_final\images\100k\train\2a68cbc2-9f90ba31.jpg,train,clear,night,night
2a9af7d8-6373df6d.jpg,F:\xlw\bdd100k_final\images\100k\train\2a9af7d8-6373df6d.jpg,train,clear,night,night
2acfcd8d-8fc71939.jpg,F:\xlw\bdd100k_final\images\100k\train\2acfcd8d-8fc71939.jpg,train,snowy,night,night
2acfcd8d-e11839d0.jpg,F:\xlw\bdd100k_final\images\100k\train\2acfcd8d-e11839d0.jpg,train,snowy,night,night
2ae5baeb-6c3992ac.jpg,F:\xlw\bdd100k_final\images\100k\train\2ae5baeb-6c3992ac.jpg,train,clear,daytime,clear
2b0cf575-3d4fa0c8.jpg,F:\xlw\bdd100k_final\images\100k\train\2b0cf575-3d4fa0c8.jpg,train,clear,night,night
2b375998-748eebb4.jpg,F:\xlw\bdd100k_final\images\100k\train\2b375998-748eebb4.jpg,train,clear,night,night
2bcdafa3-0013d653.jpg,F:\xlw\bdd100k_final\images\100k\train\2bcdafa3-0013d653.jpg,train,rainy,daytime,rain
2c22175e-09e5b22a.jpg,F:\xlw\bdd100k_final\images\100k\train\2c22175e-09e5b22a.jpg,train,clear,night,night
2c3a9ee8-764c4ee3.jpg,F:\xlw\bdd100k_final\images\100k\train\2c3a9ee8-764c4ee3.jpg,train,clear,night,night
2ce0b449-97417a00.jpg,F:\xlw\bdd100k_final\images\100k\train\2ce0b449-97417a00.jpg,train,overcast,daytime,clear
2d30775d-def8ee37.jpg,F:\xlw\bdd100k_final\images\100k\train\2d30775d-def8ee37.jpg,train,snowy,night,night
2d84b717-e6099b49.jpg,F:\xlw\bdd100k_final\images\100k\train\2d84b717-e6099b49.jpg,train,clear,night,night
2d84b717-f5aaff2e.jpg,F:\xlw\bdd100k_final\images\100k\train\2d84b717-f5aaff2e.jpg,train,clear,night,night
2dae5d57-780eaaae.jpg,F:\xlw\bdd100k_final\images\100k\train\2dae5d57-780eaaae.jpg,train,clear,daytime,clear
2daed639-040b9c19.jpg,F:\xlw\bdd100k_final\images\100k\train\2daed639-040b9c19.jpg,train,rainy,daytime,rain
2dd5a370-30ab27d1.jpg,F:\xlw\bdd100k_final\images\100k\train\2dd5a370-30ab27d1.jpg,train,snowy,night,night
2e10c246-09106efb.jpg,F:\xlw\bdd100k_final\images\100k\train\2e10c246-09106efb.jpg,train,clear,night,night
2e40dcb9-b1698602.jpg,F:\xlw\bdd100k_final\images\100k\train\2e40dcb9-b1698602.jpg,train,clear,night,night
2e489f81-548d28c9.jpg,F:\xlw\bdd100k_final\images\100k\train\2e489f81-548d28c9.jpg,train,snowy,night,night
2e7b727b-f6b5694b.jpg,F:\xlw\bdd100k_final\images\100k\train\2e7b727b-f6b5694b.jpg,train,rainy,night,night
2f117fe3-73f92283.jpg,F:\xlw\bdd100k_final\images\100k\train\2f117fe3-73f92283.jpg,train,clear,night,night
2f1f5dd9-4dd1d1d6.jpg,F:\xlw\bdd100k_final\images\100k\train\2f1f5dd9-4dd1d1d6.jpg,train,clear,night,night
2f78a740-04e99765.jpg,F:\xlw\bdd100k_final\images\100k\train\2f78a740-04e99765.jpg,train,undefined,night,night
2f8c93a6-e4cb07b8.jpg,F:\xlw\bdd100k_final\images\100k\train\2f8c93a6-e4cb07b8.jpg,train,clear,night,night
2f97ca3c-e70f7c06.jpg,F:\xlw\bdd100k_final\images\100k\train\2f97ca3c-e70f7c06.jpg,train,clear,night,night
2f97ca3c-ff753fe9.jpg,F:\xlw\bdd100k_final\images\100k\train\2f97ca3c-ff753fe9.jpg,train,clear,night,night
2faba7d4-bec2d8b4.jpg,F:\xlw\bdd100k_final\images\100k\train\2faba7d4-bec2d8b4.jpg,train,clear,daytime,clear
2fc7852e-e73e230a.jpg,F:\xlw\bdd100k_final\images\100k\train\2fc7852e-e73e230a.jpg,train,rainy,night,night
2fd43662-6d86a1bb.jpg,F:\xlw\bdd100k_final\images\100k\train\2fd43662-6d86a1bb.jpg,train,snowy,daytime,snow
2ffeb6fe-319d2e74.jpg,F:\xlw\bdd100k_final\images\100k\train\2ffeb6fe-319d2e74.jpg,train,clear,daytime,clear
300f18e4-d2e68a2e.jpg,F:\xlw\bdd100k_final\images\100k\train\300f18e4-d2e68a2e.jpg,train,clear,night,night
302e431c-227244ee.jpg,F:\xlw\bdd100k_final\images\100k\train\302e431c-227244ee.jpg,train,overcast,daytime,clear
30b16a45-cddd32f9.jpg,F:\xlw\bdd100k_final\images\100k\train\30b16a45-cddd32f9.jpg,train,partly cloudy,daytime,clear
30db227a-0c8224c4.jpg,F:\xlw\bdd100k_final\images\100k\train\30db227a-0c8224c4.jpg,train,clear,night,night
30f5542e-82d8ee52.jpg,F:\xlw\bdd100k_final\images\100k\train\30f5542e-82d8ee52.jpg,train,clear,night,night
30f81e5a-fd4b6c11.jpg,F:\xlw\bdd100k_final\images\100k\train\30f81e5a-fd4b6c11.jpg,train,snowy,night,night
3143da7b-b56cff73.jpg,F:\xlw\bdd100k_final\images\100k\train\3143da7b-b56cff73.jpg,train,clear,night,night
316fc6f3-aa8bed06.jpg,F:\xlw\bdd100k_final\images\100k\train\316fc6f3-aa8bed06.jpg,train,undefined,night,night
3224bf75-f5df6b65.jpg,F:\xlw\bdd100k_final\images\100k\train\3224bf75-f5df6b65.jpg,train,rainy,night,night
32261703-2a8fbb58.jpg,F:\xlw\bdd100k_final\images\100k\train\32261703-2a8fbb58.jpg,train,clear,night,night
32915c03-00731b36.jpg,F:\xlw\bdd100k_final\images\100k\train\32915c03-00731b36.jpg,train,clear,night,night
32cf0c44-670283f0.jpg,F:\xlw\bdd100k_final\images\100k\train\32cf0c44-670283f0.jpg,train,clear,daytime,clear
32e110e5-e149b20f.jpg,F:\xlw\bdd100k_final\images\100k\train\32e110e5-e149b20f.jpg,train,clear,night,night
332351b2-c8f2b7a5.jpg,F:\xlw\bdd100k_final\images\100k\train\332351b2-c8f2b7a5.jpg,train,clear,night,night
334adaf8-b57e30c1.jpg,F:\xlw\bdd100k_final\images\100k\train\334adaf8-b57e30c1.jpg,train,overcast,daytime,clear
337745ff-6b26e42d.jpg,F:\xlw\bdd100k_final\images\100k\train\337745ff-6b26e42d.jpg,train,snowy,night,night
33ac7be1-656dfb40.jpg,F:\xlw\bdd100k_final\images\100k\train\33ac7be1-656dfb40.jpg,train,clear,daytime,clear
33af4b43-61e90aee.jpg,F:\xlw\bdd100k_final\images\100k\train\33af4b43-61e90aee.jpg,train,clear,night,night
33c2f246-d240b10d.jpg,F:\xlw\bdd100k_final\images\100k\train\33c2f246-d240b10d.jpg,train,clear,night,night
34388031-cb06ab9e.jpg,F:\xlw\bdd100k_final\images\100k\train\34388031-cb06ab9e.jpg,train,rainy,night,night
348c187f-5a4a79bf.jpg,F:\xlw\bdd100k_final\images\100k\train\348c187f-5a4a79bf.jpg,train,snowy,night,night
34a50e9e-b9803539.jpg,F:\xlw\bdd100k_final\images\100k\train\34a50e9e-b9803539.jpg,train,partly cloudy,daytime,clear
351e2c4f-fbe8d451.jpg,F:\xlw\bdd100k_final\images\100k\train\351e2c4f-fbe8d451.jpg,train,clear,night,night
3574c195-fa5fd434.jpg,F:\xlw\bdd100k_final\images\100k\train\3574c195-fa5fd434.jpg,train,clear,night,night
35b1e745-bb2bcfa5.jpg,F:\xlw\bdd100k_final\images\100k\train\35b1e745-bb2bcfa5.jpg,train,clear,night,night
3627e147-a4f9350d.jpg,F:\xlw\bdd100k_final\images\100k\train\3627e147-a4f9350d.jpg,train,snowy,night,night
3676a637-204f9d27.jpg,F:\xlw\bdd100k_final\images\100k\train\3676a637-204f9d27.jpg,train,snowy,night,night
36862c9d-e3b3f343.jpg,F:\xlw\bdd100k_final\images\100k\train\36862c9d-e3b3f343.jpg,train,clear,night,night
3699d0e1-a1bc855c.jpg,F:\xlw\bdd100k_final\images\100k\train\3699d0e1-a1bc855c.jpg,train,clear,night,night
37167c7e-34173db2.jpg,F:\xlw\bdd100k_final\images\100k\train\37167c7e-34173db2.jpg,train,clear,night,night
37167c7e-7b0cea90.jpg,F:\xlw\bdd100k_final\images\100k\train\37167c7e-7b0cea90.jpg,train,rainy,night,night
37363715-991ac532.jpg,F:\xlw\bdd100k_final\images\100k\train\37363715-991ac532.jpg,train,clear,night,night
3792a8ed-ee68d1ea.jpg,F:\xlw\bdd100k_final\images\100k\train\3792a8ed-ee68d1ea.jpg,train,undefined,night,night
37a1995b-38d8756d.jpg,F:\xlw\bdd100k_final\images\100k\train\37a1995b-38d8756d.jpg,train,clear,daytime,clear
37bb7d81-51f87f68.jpg,F:\xlw\bdd100k_final\images\100k\train\37bb7d81-51f87f68.jpg,train,clear,night,night
37eac3cc-1d732e66.jpg,F:\xlw\bdd100k_final\images\100k\train\37eac3cc-1d732e66.jpg,train,clear,night,night
38d7971a-57a58f9f.jpg,F:\xlw\bdd100k_final\images\100k\train\38d7971a-57a58f9f.jpg,train,rainy,night,night
38ebbd50-e1deb318.jpg,F:\xlw\bdd100k_final\images\100k\train\38ebbd50-e1deb318.jpg,train,clear,night,night
3927fe20-9d5dec3a.jpg,F:\xlw\bdd100k_final\images\100k\train\3927fe20-9d5dec3a.jpg,train,clear,night,night
39558894-caedc70d.jpg,F:\xlw\bdd100k_final\images\100k\train\39558894-caedc70d.jpg,train,rainy,night,night
395a0c12-b142b4b3.jpg,F:\xlw\bdd100k_final\images\100k\train\395a0c12-b142b4b3.jpg,train,clear,night,night
396eea49-d10c2cb7.jpg,F:\xlw\bdd100k_final\images\100k\train\396eea49-d10c2cb7.jpg,train,partly cloudy,daytime,clear
3a2593a8-92e66849.jpg,F:\xlw\bdd100k_final\images\100k\train\3a2593a8-92e66849.jpg,train,clear,night,night
3a519584-fd3854f5.jpg,F:\xlw\bdd100k_final\images\100k\train\3a519584-fd3854f5.jpg,train,snowy,night,night
3a72b687-5f8177ec.jpg,F:\xlw\bdd100k_final\images\100k\train\3a72b687-5f8177ec.jpg,train,clear,night,night
3a738d45-741ab2b5.jpg,F:\xlw\bdd100k_final\images\100k\train\3a738d45-741ab2b5.jpg,train,clear,night,night
3aafb329-013c1c00.jpg,F:\xlw\bdd100k_final\images\100k\train\3aafb329-013c1c00.jpg,train,clear,night,night
3b44ef5a-29bd5420.jpg,F:\xlw\bdd100k_final\images\100k\train\3b44ef5a-29bd5420.jpg,train,clear,night,night
3b91b77b-c78bfd61.jpg,F:\xlw\bdd100k_final\images\100k\train\3b91b77b-c78bfd61.jpg,train,overcast,night,night
3b9a8e05-f2b400e6.jpg,F:\xlw\bdd100k_final\images\100k\train\3b9a8e05-f2b400e6.jpg,train,clear,night,night
3be7ea59-0c16cdf0.jpg,F:\xlw\bdd100k_final\images\100k\train\3be7ea59-0c16cdf0.jpg,train,clear,daytime,clear
3c919d3c-51f0f671.jpg,F:\xlw\bdd100k_final\images\100k\train\3c919d3c-51f0f671.jpg,train,clear,night,night
3d15596d-83ebf732.jpg,F:\xlw\bdd100k_final\images\100k\train\3d15596d-83ebf732.jpg,train,clear,night,night
3de73ef3-29ef57ff.jpg,F:\xlw\bdd100k_final\images\100k\train\3de73ef3-29ef57ff.jpg,train,clear,night,night
3e8726da-4d3cd4e5.jpg,F:\xlw\bdd100k_final\images\100k\train\3e8726da-4d3cd4e5.jpg,train,clear,daytime,clear
3ef1a77a-002ed0f8.jpg,F:\xlw\bdd100k_final\images\100k\train\3ef1a77a-002ed0f8.jpg,train,partly cloudy,daytime,clear
3f81e504-ff4660a7.jpg,F:\xlw\bdd100k_final\images\100k\train\3f81e504-ff4660a7.jpg,train,clear,night,night
3fde3de4-88c6e02c.jpg,F:\xlw\bdd100k_final\images\100k\train\3fde3de4-88c6e02c.jpg,train,clear,daytime,clear
3fe058f1-e14bfa7b.jpg,F:\xlw\bdd100k_final\images\100k\train\3fe058f1-e14bfa7b.jpg,train,clear,daytime,clear
404ef715-a7286429.jpg,F:\xlw\bdd100k_final\images\100k\train\404ef715-a7286429.jpg,train,clear,night,night
40c206d3-99ad2b46.jpg,F:\xlw\bdd100k_final\images\100k\train\40c206d3-99ad2b46.jpg,train,clear,night,night
4147ffb6-e8c25537.jpg,F:\xlw\bdd100k_final\images\100k\train\4147ffb6-e8c25537.jpg,train,snowy,night,night
417b0aed-b701e0f7.jpg,F:\xlw\bdd100k_final\images\100k\train\417b0aed-b701e0f7.jpg,train,overcast,daytime,clear
419377d8-8878b744.jpg,F:\xlw\bdd100k_final\images\100k\train\419377d8-8878b744.jpg,train,clear,night,night
419377d8-a82e695b.jpg,F:\xlw\bdd100k_final\images\100k\train\419377d8-a82e695b.jpg,train,clear,night,night
41cc0108-aec78b26.jpg,F:\xlw\bdd100k_final\images\100k\train\41cc0108-aec78b26.jpg,train,clear,night,night
426f3d6f-86382e49.jpg,F:\xlw\bdd100k_final\images\100k\train\426f3d6f-86382e49.jpg,train,undefined,night,night
429c57cd-d75c693b.jpg,F:\xlw\bdd100k_final\images\100k\train\429c57cd-d75c693b.jpg,train,clear,daytime,clear
42a6ba72-bd6758ac.jpg,F:\xlw\bdd100k_final\images\100k\train\42a6ba72-bd6758ac.jpg,train,clear,night,night
42c1fbc0-0d445c50.jpg,F:\xlw\bdd100k_final\images\100k\train\42c1fbc0-0d445c50.jpg,train,clear,night,night
43368e23-0f2e495b.jpg,F:\xlw\bdd100k_final\images\100k\train\43368e23-0f2e495b.jpg,train,clear,night,night
439b2e81-72143d9b.jpg,F:\xlw\bdd100k_final\images\100k\train\439b2e81-72143d9b.jpg,train,clear,night,night
43b8f5a5-2cbb4432.jpg,F:\xlw\bdd100k_final\images\100k\train\43b8f5a5-2cbb4432.jpg,train,undefined,night,night
443a279a-99e9af33.jpg,F:\xlw\bdd100k_final\images\100k\train\443a279a-99e9af33.jpg,train,clear,night,night
445c4ab2-57916647.jpg,F:\xlw\bdd100k_final\images\100k\train\445c4ab2-57916647.jpg,train,clear,night,night
446c9850-f050158a.jpg,F:\xlw\bdd100k_final\images\100k\train\446c9850-f050158a.jpg,train,clear,night,night
449f1d66-b3740de2.jpg,F:\xlw\bdd100k_final\images\100k\train\449f1d66-b3740de2.jpg,train,clear,night,night
4581b7e0-8d9554f8.jpg,F:\xlw\bdd100k_final\images\100k\train\4581b7e0-8d9554f8.jpg,train,snowy,night,night
45c120dc-9b1e5601.jpg,F:\xlw\bdd100k_final\images\100k\train\45c120dc-9b1e5601.jpg,train,clear,night,night
4681caf8-42e23f21.jpg,F:\xlw\bdd100k_final\images\100k\train\4681caf8-42e23f21.jpg,train,clear,night,night
468e751b-1ae34214.jpg,F:\xlw\bdd100k_final\images\100k\train\468e751b-1ae34214.jpg,train,clear,night,night
46a7d013-036fdf2c.jpg,F:\xlw\bdd100k_final\images\100k\train\46a7d013-036fdf2c.jpg,train,rainy,night,night
46a8c5cc-c15f83cc.jpg,F:\xlw\bdd100k_final\images\100k\train\46a8c5cc-c15f83cc.jpg,train,clear,night,night
46b110b6-f4bb1591.jpg,F:\xlw\bdd100k_final\images\100k\train\46b110b6-f4bb1591.jpg,train,overcast,night,night
46c5b118-58111437.jpg,F:\xlw\bdd100k_final\images\100k\train\46c5b118-58111437.jpg,train,clear,night,night
47276d25-2f258ed3.jpg,F:\xlw\bdd100k_final\images\100k\train\47276d25-2f258ed3.jpg,train,undefined,night,night
47545163-ef9895f2.jpg,F:\xlw\bdd100k_final\images\100k\train\47545163-ef9895f2.jpg,train,clear,night,night
47698026-0b99faa7.jpg,F:\xlw\bdd100k_final\images\100k\train\47698026-0b99faa7.jpg,train,clear,night,night
47698026-b4ba8228.jpg,F:\xlw\bdd100k_final\images\100k\train\47698026-b4ba8228.jpg,train,clear,night,night
476d0402-848e10d5.jpg,F:\xlw\bdd100k_final\images\100k\train\476d0402-848e10d5.jpg,train,rainy,night,night
47a82975-ef61287a.jpg,F:\xlw\bdd100k_final\images\100k\train\47a82975-ef61287a.jpg,train,snowy,night,night
48555005-1d33c180.jpg,F:\xlw\bdd100k_final\images\100k\train\48555005-1d33c180.jpg,train,rainy,night,night
4878655f-a50d3d53.jpg,F:\xlw\bdd100k_final\images\100k\train\4878655f-a50d3d53.jpg,train,snowy,night,night
49695e0e-44e18b72.jpg,F:\xlw\bdd100k_final\images\100k\train\49695e0e-44e18b72.jpg,train,clear,daytime,clear
4972a144-ceafbb24.jpg,F:\xlw\bdd100k_final\images\100k\train\4972a144-ceafbb24.jpg,train,clear,night,night
49799649-38f59a86.jpg,F:\xlw\bdd100k_final\images\100k\train\49799649-38f59a86.jpg,train,clear,daytime,clear
49b0887e-05a75377.jpg,F:\xlw\bdd100k_final\images\100k\train\49b0887e-05a75377.jpg,train,clear,night,night
49ce932b-ba792bb2.jpg,F:\xlw\bdd100k_final\images\100k\train\49ce932b-ba792bb2.jpg,train,clear,daytime,clear
4a3a255e-74549365.jpg,F:\xlw\bdd100k_final\images\100k\train\4a3a255e-74549365.jpg,train,overcast,daytime,clear
4a833a8e-e64b5cd2.jpg,F:\xlw\bdd100k_final\images\100k\train\4a833a8e-e64b5cd2.jpg,train,undefined,night,night
4a93cba4-ee6da914.jpg,F:\xlw\bdd100k_final\images\100k\train\4a93cba4-ee6da914.jpg,train,snowy,night,night
4a98efa1-38ca78ac.jpg,F:\xlw\bdd100k_final\images\100k\train\4a98efa1-38ca78ac.jpg,train,undefined,night,night
4b43f62c-0e017e00.jpg,F:\xlw\bdd100k_final\images\100k\train\4b43f62c-0e017e00.jpg,train,clear,daytime,clear
4b9930a7-95c5f50e.jpg,F:\xlw\bdd100k_final\images\100k\train\4b9930a7-95c5f50e.jpg,train,clear,night,night
4b9ab8ac-da0d8fb2.jpg,F:\xlw\bdd100k_final\images\100k\train\4b9ab8ac-da0d8fb2.jpg,train,clear,night,night
4bada711-fc4c8df5.jpg,F:\xlw\bdd100k_final\images\100k\train\4bada711-fc4c8df5.jpg,train,clear,night,night
4bb5ca13-ee4c31ec.jpg,F:\xlw\bdd100k_final\images\100k\train\4bb5ca13-ee4c31ec.jpg,train,clear,night,night
4bc988df-9f67f74c.jpg,F:\xlw\bdd100k_final\images\100k\train\4bc988df-9f67f74c.jpg,train,clear,night,night
4c1d2408-e4626100.jpg,F:\xlw\bdd100k_final\images\100k\train\4c1d2408-e4626100.jpg,train,overcast,daytime,clear
4c641856-5f5db7a5.jpg,F:\xlw\bdd100k_final\images\100k\train\4c641856-5f5db7a5.jpg,train,clear,night,night
4c6a58cd-1a3383aa.jpg,F:\xlw\bdd100k_final\images\100k\train\4c6a58cd-1a3383aa.jpg,train,snowy,night,night
4cbfd3a6-c9c7d431.jpg,F:\xlw\bdd100k_final\images\100k\train\4cbfd3a6-c9c7d431.jpg,train,clear,night,night
4cdfb16b-a37d9336.jpg,F:\xlw\bdd100k_final\images\100k\train\4cdfb16b-a37d9336.jpg,train,clear,night,night
4cfb0c9b-572603b8.jpg,F:\xlw\bdd100k_final\images\100k\train\4cfb0c9b-572603b8.jpg,train,clear,night,night
4d5ee20a-344c9a6e.jpg,F:\xlw\bdd100k_final\images\100k\train\4d5ee20a-344c9a6e.jpg,train,clear,night,night
4d868c45-22de24fa.jpg,F:\xlw\bdd100k_final\images\100k\train\4d868c45-22de24fa.jpg,train,snowy,night,night
4de4e4b8-4523e485.jpg,F:\xlw\bdd100k_final\images\100k\train\4de4e4b8-4523e485.jpg,train,clear,night,night
4e406457-8b86d347.jpg,F:\xlw\bdd100k_final\images\100k\train\4e406457-8b86d347.jpg,train,rainy,night,night
4e8103eb-f045099f.jpg,F:\xlw\bdd100k_final\images\100k\train\4e8103eb-f045099f.jpg,train,clear,night,night
4eb84057-ffe89417.jpg,F:\xlw\bdd100k_final\images\100k\train\4eb84057-ffe89417.jpg,train,clear,night,night
4f02b4dd-b52faaaa.jpg,F:\xlw\bdd100k_final\images\100k\train\4f02b4dd-b52faaaa.jpg,train,partly cloudy,daytime,clear
4f628c4b-87016af5.jpg,F:\xlw\bdd100k_final\images\100k\train\4f628c4b-87016af5.jpg,train,clear,night,night
4f666ca3-43a8b2ca.jpg,F:\xlw\bdd100k_final\images\100k\train\4f666ca3-43a8b2ca.jpg,train,snowy,night,night
5010e679-8b1de397.jpg,F:\xlw\bdd100k_final\images\100k\train\5010e679-8b1de397.jpg,train,undefined,night,night
5038cdec-ad86168a.jpg,F:\xlw\bdd100k_final\images\100k\train\5038cdec-ad86168a.jpg,train,clear,night,night
506b3495-bc614894.jpg,F:\xlw\bdd100k_final\images\100k\train\506b3495-bc614894.jpg,train,rainy,night,night
507f88dc-7f8860f5.jpg,F:\xlw\bdd100k_final\images\100k\train\507f88dc-7f8860f5.jpg,train,clear,night,night
51323ecf-345268e2.jpg,F:\xlw\bdd100k_final\images\100k\train\51323ecf-345268e2.jpg,train,snowy,daytime,snow
514fff01-c3d4bf0e.jpg,F:\xlw\bdd100k_final\images\100k\train\514fff01-c3d4bf0e.jpg,train,snowy,night,night
51614b4d-cf941485.jpg,F:\xlw\bdd100k_final\images\100k\train\51614b4d-cf941485.jpg,train,partly cloudy,daytime,clear
518a19b7-3339e6de.jpg,F:\xlw\bdd100k_final\images\100k\train\518a19b7-3339e6de.jpg,train,clear,night,night
518a19b7-398435a5.jpg,F:\xlw\bdd100k_final\images\100k\train\518a19b7-398435a5.jpg,train,clear,night,night
51ce5cb3-fbb8cae8.jpg,F:\xlw\bdd100k_final\images\100k\train\51ce5cb3-fbb8cae8.jpg,train,partly cloudy,daytime,clear
5220c352-cebd8c98.jpg,F:\xlw\bdd100k_final\images\100k\train\5220c352-cebd8c98.jpg,train,rainy,night,night
522fd0a2-3e3297ac.jpg,F:\xlw\bdd100k_final\images\100k\train\522fd0a2-3e3297ac.jpg,train,clear,night,night
52421cc3-c054d3fe.jpg,F:\xlw\bdd100k_final\images\100k\train\52421cc3-c054d3fe.jpg,train,clear,night,night
524c80fc-cdfd09c9.jpg,F:\xlw\bdd100k_final\images\100k\train\524c80fc-cdfd09c9.jpg,train,clear,night,night
5262b509-768fd8e8.jpg,F:\xlw\bdd100k_final\images\100k\train\5262b509-768fd8e8.jpg,train,rainy,night,night
52cf7a9c-df8b873e.jpg,F:\xlw\bdd100k_final\images\100k\train\52cf7a9c-df8b873e.jpg,train,clear,night,night
536e0568-076db2b3.jpg,F:\xlw\bdd100k_final\images\100k\train\536e0568-076db2b3.jpg,train,rainy,night,night
53f57c2b-19a17ec5.jpg,F:\xlw\bdd100k_final\images\100k\train\53f57c2b-19a17ec5.jpg,train,clear,night,night
5425a121-f8208562.jpg,F:\xlw\bdd100k_final\images\100k\train\5425a121-f8208562.jpg,train,rainy,night,night
545024fb-23b3b438.jpg,F:\xlw\bdd100k_final\images\100k\train\545024fb-23b3b438.jpg,train,clear,night,night
5465ec8c-3e52faf7.jpg,F:\xlw\bdd100k_final\images\100k\train\5465ec8c-3e52faf7.jpg,train,clear,night,night
54c815f7-0ca561b9.jpg,F:\xlw\bdd100k_final\images\100k\train\54c815f7-0ca561b9.jpg,train,clear,night,night
54cd3017-4b69e4ed.jpg,F:\xlw\bdd100k_final\images\100k\train\54cd3017-4b69e4ed.jpg,train,clear,night,night
55a4aa90-8f3d79bf.jpg,F:\xlw\bdd100k_final\images\100k\train\55a4aa90-8f3d79bf.jpg,train,rainy,night,night
562315a3-781be4df.jpg,F:\xlw\bdd100k_final\images\100k\train\562315a3-781be4df.jpg,train,snowy,night,night
56265db5-fe64bdb0.jpg,F:\xlw\bdd100k_final\images\100k\train\56265db5-fe64bdb0.jpg,train,clear,night,night
5663f149-7db88258.jpg,F:\xlw\bdd100k_final\images\100k\train\5663f149-7db88258.jpg,train,clear,daytime,clear
566b4cba-07f09cc3.jpg,F:\xlw\bdd100k_final\images\100k\train\566b4cba-07f09cc3.jpg,train,snowy,night,night
567108bc-1cbb0301.jpg,F:\xlw\bdd100k_final\images\100k\train\567108bc-1cbb0301.jpg,train,clear,night,night
567b4b61-8e4caf25.jpg,F:\xlw\bdd100k_final\images\100k\train\567b4b61-8e4caf25.jpg,train,snowy,night,night
56851e65-6a5e2db5.jpg,F:\xlw\bdd100k_final\images\100k\train\56851e65-6a5e2db5.jpg,train,rainy,night,night
569d86dc-04ea6451.jpg,F:\xlw\bdd100k_final\images\100k\train\569d86dc-04ea6451.jpg,train,rainy,night,night
56fc2581-8879d0c6.jpg,F:\xlw\bdd100k_final\images\100k\train\56fc2581-8879d0c6.jpg,train,clear,daytime,clear
571f7885-8ecfc675.jpg,F:\xlw\bdd100k_final\images\100k\train\571f7885-8ecfc675.jpg,train,clear,daytime,clear
57671c58-6f118aeb.jpg,F:\xlw\bdd100k_final\images\100k\train\57671c58-6f118aeb.jpg,train,rainy,daytime,rain
576e2c55-8153db2d.jpg,F:\xlw\bdd100k_final\images\100k\train\576e2c55-8153db2d.jpg,train,clear,daytime,clear
57eb2bd4-0d6f2eae.jpg,F:\xlw\bdd100k_final\images\100k\train\57eb2bd4-0d6f2eae.jpg,train,snowy,night,night
58095711-e6a46ebe.jpg,F:\xlw\bdd100k_final\images\100k\train\58095711-e6a46ebe.jpg,train,rainy,night,night
5866bd5d-0505f61a.jpg,F:\xlw\bdd100k_final\images\100k\train\5866bd5d-0505f61a.jpg,train,snowy,daytime,snow
5872965e-cafaee72.jpg,F:\xlw\bdd100k_final\images\100k\train\5872965e-cafaee72.jpg,train,rainy,night,night
58885f23-989b4562.jpg,F:\xlw\bdd100k_final\images\100k\train\58885f23-989b4562.jpg,train,rainy,night,night
58c02a66-19ced8ff.jpg,F:\xlw\bdd100k_final\images\100k\train\58c02a66-19ced8ff.jpg,train,clear,night,night
58ee04a1-7912e53e.jpg,F:\xlw\bdd100k_final\images\100k\train\58ee04a1-7912e53e.jpg,train,clear,night,night
58ffc70b-6137230d.jpg,F:\xlw\bdd100k_final\images\100k\train\58ffc70b-6137230d.jpg,train,clear,daytime,clear
591a0d3a-7c148839.jpg,F:\xlw\bdd100k_final\images\100k\train\591a0d3a-7c148839.jpg,train,snowy,night,night
59410dd8-408ecd39.jpg,F:\xlw\bdd100k_final\images\100k\train\59410dd8-408ecd39.jpg,train,clear,daytime,clear
594ff64f-3b6a1ae3.jpg,F:\xlw\bdd100k_final\images\100k\train\594ff64f-3b6a1ae3.jpg,train,rainy,night,night
594ff64f-f0e4aaac.jpg,F:\xlw\bdd100k_final\images\100k\train\594ff64f-f0e4aaac.jpg,train,rainy,night,night
596498f9-2cf6c07e.jpg,F:\xlw\bdd100k_final\images\100k\train\596498f9-2cf6c07e.jpg,train,clear,night,night
59a32ea7-e7ff0904.jpg,F:\xlw\bdd100k_final\images\100k\train\59a32ea7-e7ff0904.jpg,train,clear,night,night
59b835eb-38cec085.jpg,F:\xlw\bdd100k_final\images\100k\train\59b835eb-38cec085.jpg,train,overcast,daytime,clear
59d03a0e-ca968711.jpg,F:\xlw\bdd100k_final\images\100k\train\59d03a0e-ca968711.jpg,train,clear,night,night
5a22d9ce-60f3da72.jpg,F:\xlw\bdd100k_final\images\100k\train\5a22d9ce-60f3da72.jpg,train,clear,daytime,clear
5a4fb1bd-81bf0834.jpg,F:\xlw\bdd100k_final\images\100k\train\5a4fb1bd-81bf0834.jpg,train,clear,night,night
5a95393b-934a1c4e.jpg,F:\xlw\bdd100k_final\images\100k\train\5a95393b-934a1c4e.jpg,train,snowy,night,night
5a9be5ef-5132ed75.jpg,F:\xlw\bdd100k_final\images\100k\train\5a9be5ef-5132ed75.jpg,train,clear,night,night
5ab4b4dd-99980fd8.jpg,F:\xlw\bdd100k_final\images\100k\train\5ab4b4dd-99980fd8.jpg,train,rainy,daytime,rain
5af4a8f7-a861623b.jpg,F:\xlw\bdd100k_final\images\100k\train\5af4a8f7-a861623b.jpg,train,clear,daytime,clear
5b617600-8b1406a0.jpg,F:\xlw\bdd100k_final\images\100k\train\5b617600-8b1406a0.jpg,train,clear,daytime,clear
5bb3e6c6-18468970.jpg,F:\xlw\bdd100k_final\images\100k\train\5bb3e6c6-18468970.jpg,train,clear,night,night
5bcddf89-4365d96d.jpg,F:\xlw\bdd100k_final\images\100k\train\5bcddf89-4365d96d.jpg,train,clear,daytime,clear
5c5ceb1d-975476eb.jpg,F:\xlw\bdd100k_final\images\100k\train\5c5ceb1d-975476eb.jpg,train,clear,night,night
5c6a4aad-6cca1c95.jpg,F:\xlw\bdd100k_final\images\100k\train\5c6a4aad-6cca1c95.jpg,train,clear,night,night
5d170a01-4b2a7c00.jpg,F:\xlw\bdd100k_final\images\100k\train\5d170a01-4b2a7c00.jpg,train,snowy,night,night
5d3a704d-e5338551.jpg,F:\xlw\bdd100k_final\images\100k\train\5d3a704d-e5338551.jpg,train,clear,night,night
5d446bb3-1ca72e0a.jpg,F:\xlw\bdd100k_final\images\100k\train\5d446bb3-1ca72e0a.jpg,train,clear,night,night
5d446bb3-9585cf0c.jpg,F:\xlw\bdd100k_final\images\100k\train\5d446bb3-9585cf0c.jpg,train,clear,night,night
5dba306d-8d574c13.jpg,F:\xlw\bdd100k_final\images\100k\train\5dba306d-8d574c13.jpg,train,snowy,night,night
5dc66059-24111786.jpg,F:\xlw\bdd100k_final\images\100k\train\5dc66059-24111786.jpg,train,clear,night,night
5e03752a-49b1fef4.jpg,F:\xlw\bdd100k_final\images\100k\train\5e03752a-49b1fef4.jpg,train,clear,daytime,clear
5e3cffca-1aace69e.jpg,F:\xlw\bdd100k_final\images\100k\train\5e3cffca-1aace69e.jpg,train,clear,night,night
5e874875-3bb43753.jpg,F:\xlw\bdd100k_final\images\100k\train\5e874875-3bb43753.jpg,train,snowy,night,night
5e91890b-338c9c4d.jpg,F:\xlw\bdd100k_final\images\100k\train\5e91890b-338c9c4d.jpg,train,clear,night,night
5eeaa5aa-e98c176d.jpg,F:\xlw\bdd100k_final\images\100k\train\5eeaa5aa-e98c176d.jpg,train,clear,night,night
5eefe9cc-8d55d9f2.jpg,F:\xlw\bdd100k_final\images\100k\train\5eefe9cc-8d55d9f2.jpg,train,snowy,night,night
5f9289fb-6fc813f5.jpg,F:\xlw\bdd100k_final\images\100k\train\5f9289fb-6fc813f5.jpg,train,clear,night,night
5faedb04-d87d2c8e.jpg,F:\xlw\bdd100k_final\images\100k\train\5faedb04-d87d2c8e.jpg,train,snowy,night,night
5fd54d9b-dfbf5381.jpg,F:\xlw\bdd100k_final\images\100k\train\5fd54d9b-dfbf5381.jpg,train,clear,daytime,clear
5fe4e9d5-2b21347a.jpg,F:\xlw\bdd100k_final\images\100k\train\5fe4e9d5-2b21347a.jpg,train,clear,night,night
5ff2e702-df1735fb.jpg,F:\xlw\bdd100k_final\images\100k\train\5ff2e702-df1735fb.jpg,train,clear,night,night
604b5b3e-39bcad01.jpg,F:\xlw\bdd100k_final\images\100k\train\604b5b3e-39bcad01.jpg,train,clear,daytime,clear
60ad2176-8739b073.jpg,F:\xlw\bdd100k_final\images\100k\train\60ad2176-8739b073.jpg,train,clear,night,night
619348c4-61e28b78.jpg,F:\xlw\bdd100k_final\images\100k\train\619348c4-61e28b78.jpg,train,clear,night,night
61c0de9c-0a41300c.jpg,F:\xlw\bdd100k_final\images\100k\train\61c0de9c-0a41300c.jpg,train,snowy,night,night
61e03a5f-08413871.jpg,F:\xlw\bdd100k_final\images\100k\train\61e03a5f-08413871.jpg,train,clear,night,night
61f458b8-1ba950cb.jpg,F:\xlw\bdd100k_final\images\100k\train\61f458b8-1ba950cb.jpg,train,clear,night,night
61f458b8-8e34f383.jpg,F:\xlw\bdd100k_final\images\100k\train\61f458b8-8e34f383.jpg,train,clear,night,night
6260e8e8-d83130a0.jpg,F:\xlw\bdd100k_final\images\100k\train\6260e8e8-d83130a0.jpg,train,clear,night,night
62816ae0-3d4081f7.jpg,F:\xlw\bdd100k_final\images\100k\train\62816ae0-3d4081f7.jpg,train,clear,daytime,clear
62cc93ce-dc467e02.jpg,F:\xlw\bdd100k_final\images\100k\train\62cc93ce-dc467e02.jpg,train,clear,night,night
62fcbe0d-1018c738.jpg,F:\xlw\bdd100k_final\images\100k\train\62fcbe0d-1018c738.jpg,train,snowy,night,night
634d6bb1-3250373a.jpg,F:\xlw\bdd100k_final\images\100k\train\634d6bb1-3250373a.jpg,train,clear,night,night
63bc88c2-fd7e83a9.jpg,F:\xlw\bdd100k_final\images\100k\train\63bc88c2-fd7e83a9.jpg,train,clear,daytime,clear
63cccae4-2f0b4ca3.jpg,F:\xlw\bdd100k_final\images\100k\train\63cccae4-2f0b4ca3.jpg,train,snowy,night,night
64505e49-86c0bb59.jpg,F:\xlw\bdd100k_final\images\100k\train\64505e49-86c0bb59.jpg,train,clear,night,night
6476b05e-26b5fcd8.jpg,F:\xlw\bdd100k_final\images\100k\train\6476b05e-26b5fcd8.jpg,train,clear,night,night
64b436a6-d35199da.jpg,F:\xlw\bdd100k_final\images\100k\train\64b436a6-d35199da.jpg,train,snowy,daytime,snow
6527b500-42ec39a2.jpg,F:\xlw\bdd100k_final\images\100k\train\6527b500-42ec39a2.jpg,train,clear,night,night
652dc854-863c4827.jpg,F:\xlw\bdd100k_final\images\100k\train\652dc854-863c4827.jpg,train,snowy,night,night
6541f510-fa68117d.jpg,F:\xlw\bdd100k_final\images\100k\train\6541f510-fa68117d.jpg,train,clear,night,night
654cd97d-0625f539.jpg,F:\xlw\bdd100k_final\images\100k\train\654cd97d-0625f539.jpg,train,clear,night,night
657d369a-e6f8727d.jpg,F:\xlw\bdd100k_final\images\100k\train\657d369a-e6f8727d.jpg,train,rainy,night,night
658bf5c8-fc98ee5e.jpg,F:\xlw\bdd100k_final\images\100k\train\658bf5c8-fc98ee5e.jpg,train,undefined,night,night
65aa67f2-a5d74dde.jpg,F:\xlw\bdd100k_final\images\100k\train\65aa67f2-a5d74dde.jpg,train,clear,night,night
65ab45c2-651dc117.jpg,F:\xlw\bdd100k_final\images\100k\train\65ab45c2-651dc117.jpg,train,clear,night,night
65bf7242-133fc019.jpg,F:\xlw\bdd100k_final\images\100k\train\65bf7242-133fc019.jpg,train,snowy,night,night
65f449a7-070d1c31.jpg,F:\xlw\bdd100k_final\images\100k\train\65f449a7-070d1c31.jpg,train,clear,night,night
66269058-fec3df7f.jpg,F:\xlw\bdd100k_final\images\100k\train\66269058-fec3df7f.jpg,train,clear,night,night
66579432-d2d690e2.jpg,F:\xlw\bdd100k_final\images\100k\train\66579432-d2d690e2.jpg,train,clear,night,night
66644eeb-5d10fcde.jpg,F:\xlw\bdd100k_final\images\100k\train\66644eeb-5d10fcde.jpg,train,rainy,night,night
679bfcc9-bb6f05fb.jpg,F:\xlw\bdd100k_final\images\100k\train\679bfcc9-bb6f05fb.jpg,train,snowy,night,night
67d452f9-b27eb1d2.jpg,F:\xlw\bdd100k_final\images\100k\train\67d452f9-b27eb1d2.jpg,train,clear,night,night
67d809f9-9ac5e97c.jpg,F:\xlw\bdd100k_final\images\100k\train\67d809f9-9ac5e97c.jpg,train,clear,night,night
68930b82-89f59985.jpg,F:\xlw\bdd100k_final\images\100k\train\68930b82-89f59985.jpg,train,clear,night,night
689a4d67-9d1f18cb.jpg,F:\xlw\bdd100k_final\images\100k\train\689a4d67-9d1f18cb.jpg,train,clear,daytime,clear
689b4c0a-73ae3ca3.jpg,F:\xlw\bdd100k_final\images\100k\train\689b4c0a-73ae3ca3.jpg,train,partly cloudy,daytime,clear
6917719b-beebebdc.jpg,F:\xlw\bdd100k_final\images\100k\train\6917719b-beebebdc.jpg,train,clear,night,night
691f74cc-62e39a37.jpg,F:\xlw\bdd100k_final\images\100k\train\691f74cc-62e39a37.jpg,train,overcast,night,night
6924aaae-8b0d98ff.jpg,F:\xlw\bdd100k_final\images\100k\train\6924aaae-8b0d98ff.jpg,train,clear,night,night
69519e0a-22b7468f.jpg,F:\xlw\bdd100k_final\images\100k\train\69519e0a-22b7468f.jpg,train,clear,night,night
69703cb9-d074f923.jpg,F:\xlw\bdd100k_final\images\100k\train\69703cb9-d074f923.jpg,train,clear,daytime,clear
69bd834f-138977bd.jpg,F:\xlw\bdd100k_final\images\100k\train\69bd834f-138977bd.jpg,train,undefined,night,night
69c4320c-4efe330c.jpg,F:\xlw\bdd100k_final\images\100k\train\69c4320c-4efe330c.jpg,train,clear,daytime,clear
6a36991f-5f380c0d.jpg,F:\xlw\bdd100k_final\images\100k\train\6a36991f-5f380c0d.jpg,train,clear,night,night
6ad4b8e1-3ddccb99.jpg,F:\xlw\bdd100k_final\images\100k\train\6ad4b8e1-3ddccb99.jpg,train,rainy,night,night
6b224599-7168169f.jpg,F:\xlw\bdd100k_final\images\100k\train\6b224599-7168169f.jpg,train,snowy,night,night
6b9da46d-dc949ba6.jpg,F:\xlw\bdd100k_final\images\100k\train\6b9da46d-dc949ba6.jpg,train,overcast,daytime,clear
6c184230-d531f4f5.jpg,F:\xlw\bdd100k_final\images\100k\train\6c184230-d531f4f5.jpg,train,clear,night,night
6c78b9a1-57b64e13.jpg,F:\xlw\bdd100k_final\images\100k\train\6c78b9a1-57b64e13.jpg,train,clear,daytime,clear
6cdbf4d8-07a39bb8.jpg,F:\xlw\bdd100k_final\images\100k\train\6cdbf4d8-07a39bb8.jpg,train,snowy,night,night
6cdcd971-db347c2c.jpg,F:\xlw\bdd100k_final\images\100k\train\6cdcd971-db347c2c.jpg,train,clear,night,night
6d07f826-5fb21377.jpg,F:\xlw\bdd100k_final\images\100k\train\6d07f826-5fb21377.jpg,train,clear,night,night
6d0c0f2d-84932b7d.jpg,F:\xlw\bdd100k_final\images\100k\train\6d0c0f2d-84932b7d.jpg,train,rainy,night,night
6d206a90-0a1632e2.jpg,F:\xlw\bdd100k_final\images\100k\train\6d206a90-0a1632e2.jpg,train,clear,night,night
6d4ff320-81546c0a.jpg,F:\xlw\bdd100k_final\images\100k\train\6d4ff320-81546c0a.jpg,train,rainy,night,night
6e1ba34a-8012a2ba.jpg,F:\xlw\bdd100k_final\images\100k\train\6e1ba34a-8012a2ba.jpg,train,overcast,daytime,clear
6e376319-5e7f11fa.jpg,F:\xlw\bdd100k_final\images\100k\train\6e376319-5e7f11fa.jpg,train,clear,night,night
6e9fd5aa-8a30449e.jpg,F:\xlw\bdd100k_final\images\100k\train\6e9fd5aa-8a30449e.jpg,train,clear,daytime,clear
6ecef580-8bc0798a.jpg,F:\xlw\bdd100k_final\images\100k\train\6ecef580-8bc0798a.jpg,train,clear,night,night
6efc4740-f22d5800.jpg,F:\xlw\bdd100k_final\images\100k\train\6efc4740-f22d5800.jpg,train,clear,night,night
6f34fdeb-14e24db4.jpg,F:\xlw\bdd100k_final\images\100k\train\6f34fdeb-14e24db4.jpg,train,clear,night,night
6f800f78-4f829141.jpg,F:\xlw\bdd100k_final\images\100k\train\6f800f78-4f829141.jpg,train,clear,night,night
6fc91039-062e138a.jpg,F:\xlw\bdd100k_final\images\100k\train\6fc91039-062e138a.jpg,train,clear,night,night
6fc91039-33a3f08c.jpg,F:\xlw\bdd100k_final\images\100k\train\6fc91039-33a3f08c.jpg,train,clear,night,night
701e4851-28a949dc.jpg,F:\xlw\bdd100k_final\images\100k\train\701e4851-28a949dc.jpg,train,clear,night,night
701e67e8-974f8d39.jpg,F:\xlw\bdd100k_final\images\100k\train\701e67e8-974f8d39.jpg,train,clear,night,night
7062d718-2823864d.jpg,F:\xlw\bdd100k_final\images\100k\train\7062d718-2823864d.jpg,train,clear,night,night
707806c3-ef1eb55b.jpg,F:\xlw\bdd100k_final\images\100k\train\707806c3-ef1eb55b.jpg,train,clear,night,night
708120e0-2b6e9756.jpg,F:\xlw\bdd100k_final\images\100k\train\708120e0-2b6e9756.jpg,train,clear,night,night
70cc96e1-fdf9f7e1.jpg,F:\xlw\bdd100k_final\images\100k\train\70cc96e1-fdf9f7e1.jpg,train,snowy,night,night
70d7bfdd-9300b893.jpg,F:\xlw\bdd100k_final\images\100k\train\70d7bfdd-9300b893.jpg,train,clear,night,night
70e33c4f-068ef228.jpg,F:\xlw\bdd100k_final\images\100k\train\70e33c4f-068ef228.jpg,train,clear,night,night
7106b604-5705c78b.jpg,F:\xlw\bdd100k_final\images\100k\train\7106b604-5705c78b.jpg,train,clear,night,night
71d396dd-06ca25c5.jpg,F:\xlw\bdd100k_final\images\100k\train\71d396dd-06ca25c5.jpg,train,clear,night,night
71dfad78-d97f1285.jpg,F:\xlw\bdd100k_final\images\100k\train\71dfad78-d97f1285.jpg,train,snowy,night,night
71e1e7e0-3058cb2e.jpg,F:\xlw\bdd100k_final\images\100k\train\71e1e7e0-3058cb2e.jpg,train,clear,night,night
71ee4d90-039440f5.jpg,F:\xlw\bdd100k_final\images\100k\train\71ee4d90-039440f5.jpg,train,clear,night,night
725b2d54-eef5a587.jpg,F:\xlw\bdd100k_final\images\100k\train\725b2d54-eef5a587.jpg,train,clear,daytime,clear
72894d6e-d33ddba2.jpg,F:\xlw\bdd100k_final\images\100k\train\72894d6e-d33ddba2.jpg,train,overcast,daytime,clear
728d5596-0ca25787.jpg,F:\xlw\bdd100k_final\images\100k\train\728d5596-0ca25787.jpg,train,snowy,night,night
728d5596-2daae9ce.jpg,F:\xlw\bdd100k_final\images\100k\train\728d5596-2daae9ce.jpg,train,snowy,night,night
72b0329a-1cf80b17.jpg,F:\xlw\bdd100k_final\images\100k\train\72b0329a-1cf80b17.jpg,train,clear,night,night
72d18371-22afb89d.jpg,F:\xlw\bdd100k_final\images\100k\train\72d18371-22afb89d.jpg,train,clear,night,night
73a02af4-f282a760.jpg,F:\xlw\bdd100k_final\images\100k\train\73a02af4-f282a760.jpg,train,clear,night,night
73ff1213-fa9d446b.jpg,F:\xlw\bdd100k_final\images\100k\train\73ff1213-fa9d446b.jpg,train,clear,night,night
743b260b-309b2914.jpg,F:\xlw\bdd100k_final\images\100k\train\743b260b-309b2914.jpg,train,clear,night,night
7443f60f-6a5a5d05.jpg,F:\xlw\bdd100k_final\images\100k\train\7443f60f-6a5a5d05.jpg,train,rainy,night,night
746cfddf-55fb6c89.jpg,F:\xlw\bdd100k_final\images\100k\train\746cfddf-55fb6c89.jpg,train,clear,night,night
749cb001-c0ecb9de.jpg,F:\xlw\bdd100k_final\images\100k\train\749cb001-c0ecb9de.jpg,train,clear,daytime,clear
74d9471a-b76ad3f0.jpg,F:\xlw\bdd100k_final\images\100k\train\74d9471a-b76ad3f0.jpg,train,clear,night,night
750720eb-5089ab52.jpg,F:\xlw\bdd100k_final\images\100k\train\750720eb-5089ab52.jpg,train,clear,night,night
75843303-69f07159.jpg,F:\xlw\bdd100k_final\images\100k\train\75843303-69f07159.jpg,train,clear,night,night
76201b1f-54456da5.jpg,F:\xlw\bdd100k_final\images\100k\train\76201b1f-54456da5.jpg,train,clear,night,night
76d821b3-37284cd3.jpg,F:\xlw\bdd100k_final\images\100k\train\76d821b3-37284cd3.jpg,train,clear,daytime,clear
76db321f-d583d2cb.jpg,F:\xlw\bdd100k_final\images\100k\train\76db321f-d583d2cb.jpg,train,clear,night,night
76ebdfa2-4ff27ed3.jpg,F:\xlw\bdd100k_final\images\100k\train\76ebdfa2-4ff27ed3.jpg,train,clear,night,night
773c53f2-71ecfbd5.jpg,F:\xlw\bdd100k_final\images\100k\train\773c53f2-71ecfbd5.jpg,train,snowy,night,night
774e985e-a5fc457a.jpg,F:\xlw\bdd100k_final\images\100k\train\774e985e-a5fc457a.jpg,train,clear,daytime,clear
775b73b8-cf0c5d73.jpg,F:\xlw\bdd100k_final\images\100k\train\775b73b8-cf0c5d73.jpg,train,rainy,night,night
775c146c-bf9e929f.jpg,F:\xlw\bdd100k_final\images\100k\train\775c146c-bf9e929f.jpg,train,clear,night,night
77611dde-f1cafc9e.jpg,F:\xlw\bdd100k_final\images\100k\train\77611dde-f1cafc9e.jpg,train,clear,night,night
776bd5bc-94ee7b35.jpg,F:\xlw\bdd100k_final\images\100k\train\776bd5bc-94ee7b35.jpg,train,clear,daytime,clear
77bde485-a4d57512.jpg,F:\xlw\bdd100k_final\images\100k\train\77bde485-a4d57512.jpg,train,clear,night,night
785e0c92-b4732f16.jpg,F:\xlw\bdd100k_final\images\100k\train\785e0c92-b4732f16.jpg,train,clear,night,night
78abb58f-7b831ee7.jpg,F:\xlw\bdd100k_final\images\100k\train\78abb58f-7b831ee7.jpg,train,clear,night,night
78b09f17-4ed49a31.jpg,F:\xlw\bdd100k_final\images\100k\train\78b09f17-4ed49a31.jpg,train,clear,night,night
78ef68cb-f61b9567.jpg,F:\xlw\bdd100k_final\images\100k\train\78ef68cb-f61b9567.jpg,train,clear,night,night
7915c0ec-89720a35.jpg,F:\xlw\bdd100k_final\images\100k\train\7915c0ec-89720a35.jpg,train,snowy,night,night
793871d7-82ca5745.jpg,F:\xlw\bdd100k_final\images\100k\train\793871d7-82ca5745.jpg,train,clear,night,night
793ec74e-e01b49d6.jpg,F:\xlw\bdd100k_final\images\100k\train\793ec74e-e01b49d6.jpg,train,clear,night,night
794991fe-2507a1a1.jpg,F:\xlw\bdd100k_final\images\100k\train\794991fe-2507a1a1.jpg,train,rainy,daytime,rain
7969c31d-d9b9a31d.jpg,F:\xlw\bdd100k_final\images\100k\train\7969c31d-d9b9a31d.jpg,train,clear,daytime,clear
799ada26-c53456bd.jpg,F:\xlw\bdd100k_final\images\100k\train\799ada26-c53456bd.jpg,train,clear,daytime,clear
79dc2589-eb1d5aa7.jpg,F:\xlw\bdd100k_final\images\100k\train\79dc2589-eb1d5aa7.jpg,train,clear,night,night
7a536ea9-5955a213.jpg,F:\xlw\bdd100k_final\images\100k\train\7a536ea9-5955a213.jpg,train,clear,night,night
7a536fed-b7971e1e.jpg,F:\xlw\bdd100k_final\images\100k\train\7a536fed-b7971e1e.jpg,train,overcast,daytime,clear
7afdc2c9-7b39d175.jpg,F:\xlw\bdd100k_final\images\100k\train\7afdc2c9-7b39d175.jpg,train,clear,daytime,clear
7b05c187-fbec6224.jpg,F:\xlw\bdd100k_final\images\100k\train\7b05c187-fbec6224.jpg,train,clear,night,night
7b0b665d-01c94d6a.jpg,F:\xlw\bdd100k_final\images\100k\train\7b0b665d-01c94d6a.jpg,train,clear,night,night
7b201764-7000b5fa.jpg,F:\xlw\bdd100k_final\images\100k\train\7b201764-7000b5fa.jpg,train,clear,night,night
7b20c39a-1f331bb1.jpg,F:\xlw\bdd100k_final\images\100k\train\7b20c39a-1f331bb1.jpg,train,overcast,daytime,clear
7b7195a8-5866c244.jpg,F:\xlw\bdd100k_final\images\100k\train\7b7195a8-5866c244.jpg,train,rainy,night,night
7b82cc51-2381b28c.jpg,F:\xlw\bdd100k_final\images\100k\train\7b82cc51-2381b28c.jpg,train,clear,daytime,clear
7b82e261-dc95dc90.jpg,F:\xlw\bdd100k_final\images\100k\train\7b82e261-dc95dc90.jpg,train,undefined,night,night
7b845d62-330ee74e.jpg,F:\xlw\bdd100k_final\images\100k\train\7b845d62-330ee74e.jpg,train,snowy,night,night
7baab307-5a826ea9.jpg,F:\xlw\bdd100k_final\images\100k\train\7baab307-5a826ea9.jpg,train,snowy,night,night
7c313fea-1b32da34.jpg,F:\xlw\bdd100k_final\images\100k\train\7c313fea-1b32da34.jpg,train,undefined,night,night
7c4a750f-95a47741.jpg,F:\xlw\bdd100k_final\images\100k\train\7c4a750f-95a47741.jpg,train,overcast,night,night
7c86b4a8-39fdf571.jpg,F:\xlw\bdd100k_final\images\100k\train\7c86b4a8-39fdf571.jpg,train,snowy,night,night
7d1489f1-c833f41c.jpg,F:\xlw\bdd100k_final\images\100k\train\7d1489f1-c833f41c.jpg,train,rainy,night,night
7d3ffa79-52ad63d1.jpg,F:\xlw\bdd100k_final\images\100k\train\7d3ffa79-52ad63d1.jpg,train,undefined,night,night
7d70570b-0c764e3a.jpg,F:\xlw\bdd100k_final\images\100k\train\7d70570b-0c764e3a.jpg,train,clear,night,night
7d707f59-4cc6e1f0.jpg,F:\xlw\bdd100k_final\images\100k\train\7d707f59-4cc6e1f0.jpg,train,clear,night,night
7db4b96f-383967ec.jpg,F:\xlw\bdd100k_final\images\100k\train\7db4b96f-383967ec.jpg,train,clear,night,night
7e5953c8-8659feaf.jpg,F:\xlw\bdd100k_final\images\100k\train\7e5953c8-8659feaf.jpg,train,clear,night,night
7e69d47c-2483a5bc.jpg,F:\xlw\bdd100k_final\images\100k\train\7e69d47c-2483a5bc.jpg,train,overcast,daytime,clear
7e88fcad-7bd9482e.jpg,F:\xlw\bdd100k_final\images\100k\train\7e88fcad-7bd9482e.jpg,train,clear,daytime,clear
7e8b11fe-8e470f0a.jpg,F:\xlw\bdd100k_final\images\100k\train\7e8b11fe-8e470f0a.jpg,train,clear,daytime,clear
7ee4f119-96f1413c.jpg,F:\xlw\bdd100k_final\images\100k\train\7ee4f119-96f1413c.jpg,train,clear,night,night
7f69b1ac-80248f47.jpg,F:\xlw\bdd100k_final\images\100k\train\7f69b1ac-80248f47.jpg,train,rainy,night,night
7f81d4cb-03c9688b.jpg,F:\xlw\bdd100k_final\images\100k\train\7f81d4cb-03c9688b.jpg,train,rainy,daytime,rain
7fa1090b-480c506f.jpg,F:\xlw\bdd100k_final\images\100k\train\7fa1090b-480c506f.jpg,train,clear,night,night
8007c716-bb49c23b.jpg,F:\xlw\bdd100k_final\images\100k\train\8007c716-bb49c23b.jpg,train,undefined,night,night
804da7f8-692d9d9b.jpg,F:\xlw\bdd100k_final\images\100k\train\804da7f8-692d9d9b.jpg,train,rainy,night,night
81171a83-d1a0207f.jpg,F:\xlw\bdd100k_final\images\100k\train\81171a83-d1a0207f.jpg,train,rainy,daytime,rain
811e2cf4-6491bc93.jpg,F:\xlw\bdd100k_final\images\100k\train\811e2cf4-6491bc93.jpg,train,clear,night,night
81775ec4-14cfafc5.jpg,F:\xlw\bdd100k_final\images\100k\train\81775ec4-14cfafc5.jpg,train,clear,night,night
82124e5e-634bb8d0.jpg,F:\xlw\bdd100k_final\images\100k\train\82124e5e-634bb8d0.jpg,train,snowy,night,night
82124e5e-dff89a64.jpg,F:\xlw\bdd100k_final\images\100k\train\82124e5e-dff89a64.jpg,train,clear,night,night
821a7fac-8f6166a1.jpg,F:\xlw\bdd100k_final\images\100k\train\821a7fac-8f6166a1.jpg,train,clear,night,night
823523f9-279a88ad.jpg,F:\xlw\bdd100k_final\images\100k\train\823523f9-279a88ad.jpg,train,clear,night,night
829d2980-0ea0d0b8.jpg,F:\xlw\bdd100k_final\images\100k\train\829d2980-0ea0d0b8.jpg,train,clear,night,night
82a8a2db-033c3333.jpg,F:\xlw\bdd100k_final\images\100k\train\82a8a2db-033c3333.jpg,train,clear,daytime,clear
82ec7a06-1a3375da.jpg,F:\xlw\bdd100k_final\images\100k\train\82ec7a06-1a3375da.jpg,train,clear,daytime,clear
83016505-489f0a0a.jpg,F:\xlw\bdd100k_final\images\100k\train\83016505-489f0a0a.jpg,train,clear,night,night
8317c0f4-f3925f3b.jpg,F:\xlw\bdd100k_final\images\100k\train\8317c0f4-f3925f3b.jpg,train,clear,night,night
832f4eb5-3a101f6b.jpg,F:\xlw\bdd100k_final\images\100k\train\832f4eb5-3a101f6b.jpg,train,rainy,night,night
83316cb8-9f3344c4.jpg,F:\xlw\bdd100k_final\images\100k\train\83316cb8-9f3344c4.jpg,train,clear,night,night
83869105-ce92330e.jpg,F:\xlw\bdd100k_final\images\100k\train\83869105-ce92330e.jpg,train,clear,night,night
83d632ca-744eb735.jpg,F:\xlw\bdd100k_final\images\100k\train\83d632ca-744eb735.jpg,train,clear,night,night
84082729-9a47a3c9.jpg,F:\xlw\bdd100k_final\images\100k\train\84082729-9a47a3c9.jpg,train,rainy,night,night
84271237-e0908b7d.jpg,F:\xlw\bdd100k_final\images\100k\train\84271237-e0908b7d.jpg,train,clear,night,night
84b9a242-df271c64.jpg,F:\xlw\bdd100k_final\images\100k\train\84b9a242-df271c64.jpg,train,clear,night,night
84c59ad5-10612c98.jpg,F:\xlw\bdd100k_final\images\100k\train\84c59ad5-10612c98.jpg,train,clear,night,night
84c59ad5-bdf623b8.jpg,F:\xlw\bdd100k_final\images\100k\train\84c59ad5-bdf623b8.jpg,train,clear,night,night
84cd39d0-beb32965.jpg,F:\xlw\bdd100k_final\images\100k\train\84cd39d0-beb32965.jpg,train,clear,night,night
84cd39d0-d957263b.jpg,F:\xlw\bdd100k_final\images\100k\train\84cd39d0-d957263b.jpg,train,undefined,night,night
8505ce38-d7c0bcc0.jpg,F:\xlw\bdd100k_final\images\100k\train\8505ce38-d7c0bcc0.jpg,train,clear,night,night
85415496-5e90bcbf.jpg,F:\xlw\bdd100k_final\images\100k\train\85415496-5e90bcbf.jpg,train,clear,night,night
8589d81b-f579d3ed.jpg,F:\xlw\bdd100k_final\images\100k\train\8589d81b-f579d3ed.jpg,train,clear,daytime,clear
85aeae90-61ce9bcc.jpg,F:\xlw\bdd100k_final\images\100k\train\85aeae90-61ce9bcc.jpg,train,overcast,night,night
85c77274-7f8ba386.jpg,F:\xlw\bdd100k_final\images\100k\train\85c77274-7f8ba386.jpg,train,clear,night,night
865b326e-cc193747.jpg,F:\xlw\bdd100k_final\images\100k\train\865b326e-cc193747.jpg,train,rainy,night,night
868d1625-f7e4e2d9.jpg,F:\xlw\bdd100k_final\images\100k\train\868d1625-f7e4e2d9.jpg,train,clear,night,night
86ff5edb-9af641cc.jpg,F:\xlw\bdd100k_final\images\100k\train\86ff5edb-9af641cc.jpg,train,clear,night,night
870a5e81-c4896325.jpg,F:\xlw\bdd100k_final\images\100k\train\870a5e81-c4896325.jpg,train,clear,night,night
870b60f7-7c3389bb.jpg,F:\xlw\bdd100k_final\images\100k\train\870b60f7-7c3389bb.jpg,train,clear,night,night
87430974-9b8c109f.jpg,F:\xlw\bdd100k_final\images\100k\train\87430974-9b8c109f.jpg,train,clear,night,night
8764e85b-26db8e30.jpg,F:\xlw\bdd100k_final\images\100k\train\8764e85b-26db8e30.jpg,train,clear,night,night
87a26c38-530fed30.jpg,F:\xlw\bdd100k_final\images\100k\train\87a26c38-530fed30.jpg,train,clear,night,night
87a9cad2-13962338.jpg,F:\xlw\bdd100k_final\images\100k\train\87a9cad2-13962338.jpg,train,clear,daytime,clear
87d1d5f6-861debba.jpg,F:\xlw\bdd100k_final\images\100k\train\87d1d5f6-861debba.jpg,train,clear,night,night
8803cd52-6a72e0e9.jpg,F:\xlw\bdd100k_final\images\100k\train\8803cd52-6a72e0e9.jpg,train,clear,night,night
882f0325-8a07dac2.jpg,F:\xlw\bdd100k_final\images\100k\train\882f0325-8a07dac2.jpg,train,clear,night,night
88901fd7-a785b883.jpg,F:\xlw\bdd100k_final\images\100k\train\88901fd7-a785b883.jpg,train,rainy,night,night
88aa59e9-49cec231.jpg,F:\xlw\bdd100k_final\images\100k\train\88aa59e9-49cec231.jpg,train,overcast,daytime,clear
88e9e61a-3ad4350e.jpg,F:\xlw\bdd100k_final\images\100k\train\88e9e61a-3ad4350e.jpg,train,clear,daytime,clear
88f41009-5e7ef99f.jpg,F:\xlw\bdd100k_final\images\100k\train\88f41009-5e7ef99f.jpg,train,clear,night,night
89538148-810ef8c7.jpg,F:\xlw\bdd100k_final\images\100k\train\89538148-810ef8c7.jpg,train,rainy,night,night
896b4e9f-7f21e3a7.jpg,F:\xlw\bdd100k_final\images\100k\train\896b4e9f-7f21e3a7.jpg,train,clear,night,night
89a866b7-1b46249c.jpg,F:\xlw\bdd100k_final\images\100k\train\89a866b7-1b46249c.jpg,train,clear,night,night
8a56deb7-2c48092c.jpg,F:\xlw\bdd100k_final\images\100k\train\8a56deb7-2c48092c.jpg,train,snowy,daytime,snow
8a58392d-2a150c70.jpg,F:\xlw\bdd100k_final\images\100k\train\8a58392d-2a150c70.jpg,train,overcast,daytime,clear
8a5d96b2-93a83545.jpg,F:\xlw\bdd100k_final\images\100k\train\8a5d96b2-93a83545.jpg,train,rainy,night,night
8ad0b480-0a95e1a1.jpg,F:\xlw\bdd100k_final\images\100k\train\8ad0b480-0a95e1a1.jpg,train,clear,daytime,clear
8ad1a8ff-f23c9a92.jpg,F:\xlw\bdd100k_final\images\100k\train\8ad1a8ff-f23c9a92.jpg,train,clear,night,night
8b24681a-4e1df17a.jpg,F:\xlw\bdd100k_final\images\100k\train\8b24681a-4e1df17a.jpg,train,clear,night,night
8b28c78c-4da1aa3e.jpg,F:\xlw\bdd100k_final\images\100k\train\8b28c78c-4da1aa3e.jpg,train,rainy,night,night
8bea1796-6107aba7.jpg,F:\xlw\bdd100k_final\images\100k\train\8bea1796-6107aba7.jpg,train,rainy,night,night
8bee15cc-f2e6f573.jpg,F:\xlw\bdd100k_final\images\100k\train\8bee15cc-f2e6f573.jpg,train,snowy,night,night
8bf799f2-c13d03f6.jpg,F:\xlw\bdd100k_final\images\100k\train\8bf799f2-c13d03f6.jpg,train,clear,night,night
8c4f4ee6-eff51302.jpg,F:\xlw\bdd100k_final\images\100k\train\8c4f4ee6-eff51302.jpg,train,clear,night,night
8c96235a-bb22c426.jpg,F:\xlw\bdd100k_final\images\100k\train\8c96235a-bb22c426.jpg,train,snowy,night,night
8cb41bd6-d10eb48c.jpg,F:\xlw\bdd100k_final\images\100k\train\8cb41bd6-d10eb48c.jpg,train,clear,night,night
8d091799-5c28a01c.jpg,F:\xlw\bdd100k_final\images\100k\train\8d091799-5c28a01c.jpg,train,clear,night,night
8d091799-924aac58.jpg,F:\xlw\bdd100k_final\images\100k\train\8d091799-924aac58.jpg,train,clear,night,night
8d145c2c-3b0c60b0.jpg,F:\xlw\bdd100k_final\images\100k\train\8d145c2c-3b0c60b0.jpg,train,undefined,night,night
8d21e779-d0cc693b.jpg,F:\xlw\bdd100k_final\images\100k\train\8d21e779-d0cc693b.jpg,train,clear,night,night
8daed08e-825f6173.jpg,F:\xlw\bdd100k_final\images\100k\train\8daed08e-825f6173.jpg,train,overcast,daytime,clear
8dd0f4fa-c30b802a.jpg,F:\xlw\bdd100k_final\images\100k\train\8dd0f4fa-c30b802a.jpg,train,clear,night,night
8e4767d2-135fb49d.jpg,F:\xlw\bdd100k_final\images\100k\train\8e4767d2-135fb49d.jpg,train,clear,night,night
8e4ddcfe-732d85b0.jpg,F:\xlw\bdd100k_final\images\100k\train\8e4ddcfe-732d85b0.jpg,train,clear,daytime,clear
8e50f979-9a46ecc9.jpg,F:\xlw\bdd100k_final\images\100k\train\8e50f979-9a46ecc9.jpg,train,partly cloudy,daytime,clear
8e9ea4fe-9d734f42.jpg,F:\xlw\bdd100k_final\images\100k\train\8e9ea4fe-9d734f42.jpg,train,clear,night,night
8eb5e4a5-d6c7a0ab.jpg,F:\xlw\bdd100k_final\images\100k\train\8eb5e4a5-d6c7a0ab.jpg,train,rainy,night,night
8ee0a2fe-f15c9640.jpg,F:\xlw\bdd100k_final\images\100k\train\8ee0a2fe-f15c9640.jpg,train,clear,night,night
8ee0f773-0980730c.jpg,F:\xlw\bdd100k_final\images\100k\train\8ee0f773-0980730c.jpg,train,rainy,night,night
8ef56b02-6838c01d.jpg,F:\xlw\bdd100k_final\images\100k\train\8ef56b02-6838c01d.jpg,train,clear,daytime,clear
8ef797ca-efa334aa.jpg,F:\xlw\bdd100k_final\images\100k\train\8ef797ca-efa334aa.jpg,train,clear,night,night
8f1e7246-3e7d5433.jpg,F:\xlw\bdd100k_final\images\100k\train\8f1e7246-3e7d5433.jpg,train,clear,night,night
8f31ad3a-6cedf807.jpg,F:\xlw\bdd100k_final\images\100k\train\8f31ad3a-6cedf807.jpg,train,clear,night,night
8fe1095d-194e8f70.jpg,F:\xlw\bdd100k_final\images\100k\train\8fe1095d-194e8f70.jpg,train,clear,night,night
90014937-03a7e438.jpg,F:\xlw\bdd100k_final\images\100k\train\90014937-03a7e438.jpg,train,clear,night,night
90555ed0-6c952166.jpg,F:\xlw\bdd100k_final\images\100k\train\90555ed0-6c952166.jpg,train,clear,night,night
90558d48-e3288dfb.jpg,F:\xlw\bdd100k_final\images\100k\train\90558d48-e3288dfb.jpg,train,rainy,night,night
90845505-432599b4.jpg,F:\xlw\bdd100k_final\images\100k\train\90845505-432599b4.jpg,train,clear,night,night
90ddce5d-79b881f3.jpg,F:\xlw\bdd100k_final\images\100k\train\90ddce5d-79b881f3.jpg,train,clear,daytime,clear
9132ff65-0ee512f5.jpg,F:\xlw\bdd100k_final\images\100k\train\9132ff65-0ee512f5.jpg,train,rainy,night,night
914f9c23-48d8d9bc.jpg,F:\xlw\bdd100k_final\images\100k\train\914f9c23-48d8d9bc.jpg,train,clear,daytime,clear
91a4614d-82bce903.jpg,F:\xlw\bdd100k_final\images\100k\train\91a4614d-82bce903.jpg,train,clear,night,night
92e3c2b8-503a197d.jpg,F:\xlw\bdd100k_final\images\100k\train\92e3c2b8-503a197d.jpg,train,clear,night,night
92ef76c3-0cff125f.jpg,F:\xlw\bdd100k_final\images\100k\train\92ef76c3-0cff125f.jpg,train,clear,night,night
931f3b92-1f2db40e.jpg,F:\xlw\bdd100k_final\images\100k\train\931f3b92-1f2db40e.jpg,train,clear,night,night
93267085-1d3bbcb1.jpg,F:\xlw\bdd100k_final\images\100k\train\93267085-1d3bbcb1.jpg,train,clear,night,night
932cc34c-f1e4028d.jpg,F:\xlw\bdd100k_final\images\100k\train\932cc34c-f1e4028d.jpg,train,clear,daytime,clear
9347585c-30db0854.jpg,F:\xlw\bdd100k_final\images\100k\train\9347585c-30db0854.jpg,train,clear,daytime,clear
93bef6b4-719375de.jpg,F:\xlw\bdd100k_final\images\100k\train\93bef6b4-719375de.jpg,train,rainy,night,night
93e1d28f-e1504a6c.jpg,F:\xlw\bdd100k_final\images\100k\train\93e1d28f-e1504a6c.jpg,train,snowy,night,night
9407d2ae-22e5af96.jpg,F:\xlw\bdd100k_final\images\100k\train\9407d2ae-22e5af96.jpg,train,rainy,daytime,rain
9496c91c-430a530b.jpg,F:\xlw\bdd100k_final\images\100k\train\9496c91c-430a530b.jpg,train,snowy,daytime,snow
949d4285-992e65cc.jpg,F:\xlw\bdd100k_final\images\100k\train\949d4285-992e65cc.jpg,train,overcast,daytime,clear
9577d7c3-ccb30ff7.jpg,F:\xlw\bdd100k_final\images\100k\train\9577d7c3-ccb30ff7.jpg,train,clear,night,night
95ddfd55-175d1c3b.jpg,F:\xlw\bdd100k_final\images\100k\train\95ddfd55-175d1c3b.jpg,train,clear,daytime,clear
96330f54-9aec2a54.jpg,F:\xlw\bdd100k_final\images\100k\train\96330f54-9aec2a54.jpg,train,clear,daytime,clear
963abc08-682639ff.jpg,F:\xlw\bdd100k_final\images\100k\train\963abc08-682639ff.jpg,train,clear,night,night
96473ad2-11a520ce.jpg,F:\xlw\bdd100k_final\images\100k\train\96473ad2-11a520ce.jpg,train,rainy,night,night
96473ad2-4e5e1bf6.jpg,F:\xlw\bdd100k_final\images\100k\train\96473ad2-4e5e1bf6.jpg,train,rainy,night,night
96a9c033-a552017e.jpg,F:\xlw\bdd100k_final\images\100k\train\96a9c033-a552017e.jpg,train,clear,daytime,clear
97093075-2d1293cf.jpg,F:\xlw\bdd100k_final\images\100k\train\97093075-2d1293cf.jpg,train,snowy,night,night
975ed9ec-67427454.jpg,F:\xlw\bdd100k_final\images\100k\train\975ed9ec-67427454.jpg,train,snowy,night,night
97e5e78e-c49f9fa8.jpg,F:\xlw\bdd100k_final\images\100k\train\97e5e78e-c49f9fa8.jpg,train,clear,night,night
9801e81f-304dc29f.jpg,F:\xlw\bdd100k_final\images\100k\train\9801e81f-304dc29f.jpg,train,clear,night,night
983fd5af-212bff3c.jpg,F:\xlw\bdd100k_final\images\100k\train\983fd5af-212bff3c.jpg,train,snowy,night,night
98b32a04-d79a91f7.jpg,F:\xlw\bdd100k_final\images\100k\train\98b32a04-d79a91f7.jpg,train,rainy,night,night
98cb9f15-2dab5b1a.jpg,F:\xlw\bdd100k_final\images\100k\train\98cb9f15-2dab5b1a.jpg,train,overcast,daytime,clear
99506bb8-eb823040.jpg,F:\xlw\bdd100k_final\images\100k\train\99506bb8-eb823040.jpg,train,snowy,night,night
997d5906-b6d33e03.jpg,F:\xlw\bdd100k_final\images\100k\train\997d5906-b6d33e03.jpg,train,clear,daytime,clear
99c3c189-bceb8963.jpg,F:\xlw\bdd100k_final\images\100k\train\99c3c189-bceb8963.jpg,train,clear,night,night
99c55d3c-5dd33812.jpg,F:\xlw\bdd100k_final\images\100k\train\99c55d3c-5dd33812.jpg,train,clear,night,night
99e56d81-cc4659d9.jpg,F:\xlw\bdd100k_final\images\100k\train\99e56d81-cc4659d9.jpg,train,snowy,night,night
9b352e1d-5f1ae653.jpg,F:\xlw\bdd100k_final\images\100k\train\9b352e1d-5f1ae653.jpg,train,clear,night,night
9bae59fb-5a5f4391.jpg,F:\xlw\bdd100k_final\images\100k\train\9bae59fb-5a5f4391.jpg,train,snowy,night,night
9bf40137-4e679caf.jpg,F:\xlw\bdd100k_final\images\100k\train\9bf40137-4e679caf.jpg,train,undefined,night,night
9c5447f2-4ccf44b6.jpg,F:\xlw\bdd100k_final\images\100k\train\9c5447f2-4ccf44b6.jpg,train,rainy,night,night
9d0cdbf3-eea1fe20.jpg,F:\xlw\bdd100k_final\images\100k\train\9d0cdbf3-eea1fe20.jpg,train,snowy,night,night
9d514c98-3a57ace7.jpg,F:\xlw\bdd100k_final\images\100k\train\9d514c98-3a57ace7.jpg,train,clear,night,night
9d9226a1-3cad4b94.jpg,F:\xlw\bdd100k_final\images\100k\train\9d9226a1-3cad4b94.jpg,train,clear,night,night
9e697af6-88a2e4e0.jpg,F:\xlw\bdd100k_final\images\100k\train\9e697af6-88a2e4e0.jpg,train,snowy,night,night
9eca0168-3476cf89.jpg,F:\xlw\bdd100k_final\images\100k\train\9eca0168-3476cf89.jpg,train,snowy,night,night
9ecdf01e-04a222d3.jpg,F:\xlw\bdd100k_final\images\100k\train\9ecdf01e-04a222d3.jpg,train,clear,daytime,clear
9ecdf01e-e10e9740.jpg,F:\xlw\bdd100k_final\images\100k\train\9ecdf01e-e10e9740.jpg,train,overcast,night,night
9eedb397-ce722988.jpg,F:\xlw\bdd100k_final\images\100k\train\9eedb397-ce722988.jpg,train,rainy,daytime,rain
9efc90d8-5e722bd1.jpg,F:\xlw\bdd100k_final\images\100k\train\9efc90d8-5e722bd1.jpg,train,clear,night,night
9f15703f-e794acf0.jpg,F:\xlw\bdd100k_final\images\100k\train\9f15703f-e794acf0.jpg,train,clear,night,night
9f1de7cb-fc6d0f16.jpg,F:\xlw\bdd100k_final\images\100k\train\9f1de7cb-fc6d0f16.jpg,train,rainy,night,night
9f4cfaf2-937b8791.jpg,F:\xlw\bdd100k_final\images\100k\train\9f4cfaf2-937b8791.jpg,train,clear,night,night
9fae1bfd-d11fe667.jpg,F:\xlw\bdd100k_final\images\100k\train\9fae1bfd-d11fe667.jpg,train,snowy,night,night
9ffa2057-494b649c.jpg,F:\xlw\bdd100k_final\images\100k\train\9ffa2057-494b649c.jpg,train,overcast,daytime,clear
a0176cb8-b423de7e.jpg,F:\xlw\bdd100k_final\images\100k\train\a0176cb8-b423de7e.jpg,train,snowy,night,night
a01ff535-b993b4e6.jpg,F:\xlw\bdd100k_final\images\100k\train\a01ff535-b993b4e6.jpg,train,clear,night,night
a047a5a4-d8103f5c.jpg,F:\xlw\bdd100k_final\images\100k\train\a047a5a4-d8103f5c.jpg,train,clear,daytime,clear
a0f7060a-e5670875.jpg,F:\xlw\bdd100k_final\images\100k\train\a0f7060a-e5670875.jpg,train,clear,daytime,clear
a1074845-14475802.jpg,F:\xlw\bdd100k_final\images\100k\train\a1074845-14475802.jpg,train,clear,night,night
a13ab3f9-d1345339.jpg,F:\xlw\bdd100k_final\images\100k\train\a13ab3f9-d1345339.jpg,train,overcast,daytime,clear
a16471ef-ade2f942.jpg,F:\xlw\bdd100k_final\images\100k\train\a16471ef-ade2f942.jpg,train,clear,night,night
a1985314-41ca99ef.jpg,F:\xlw\bdd100k_final\images\100k\train\a1985314-41ca99ef.jpg,train,snowy,night,night
a1c525ce-0e965af8.jpg,F:\xlw\bdd100k_final\images\100k\train\a1c525ce-0e965af8.jpg,train,clear,night,night
a20419d3-d8174f67.jpg,F:\xlw\bdd100k_final\images\100k\train\a20419d3-d8174f67.jpg,train,clear,night,night
a251688d-f97c672e.jpg,F:\xlw\bdd100k_final\images\100k\train\a251688d-f97c672e.jpg,train,clear,night,night
a2612294-4330745b.jpg,F:\xlw\bdd100k_final\images\100k\train\a2612294-4330745b.jpg,train,clear,night,night
a2999f45-78ce72d9.jpg,F:\xlw\bdd100k_final\images\100k\train\a2999f45-78ce72d9.jpg,train,clear,night,night
a2b1ab28-cb84b273.jpg,F:\xlw\bdd100k_final\images\100k\train\a2b1ab28-cb84b273.jpg,train,clear,night,night
a32543af-2192cac1.jpg,F:\xlw\bdd100k_final\images\100k\train\a32543af-2192cac1.jpg,train,clear,night,night
a32543af-60e921b1.jpg,F:\xlw\bdd100k_final\images\100k\train\a32543af-60e921b1.jpg,train,clear,night,night
a32543af-66a35cb8.jpg,F:\xlw\bdd100k_final\images\100k\train\a32543af-66a35cb8.jpg,train,clear,night,night
a32543af-7563b909.jpg,F:\xlw\bdd100k_final\images\100k\train\a32543af-7563b909.jpg,train,clear,night,night
a349aaee-b92a025f.jpg,F:\xlw\bdd100k_final\images\100k\train\a349aaee-b92a025f.jpg,train,clear,night,night
a39e86a5-932bf469.jpg,F:\xlw\bdd100k_final\images\100k\train\a39e86a5-932bf469.jpg,train,clear,night,night
a3b0e062-dc601f28.jpg,F:\xlw\bdd100k_final\images\100k\train\a3b0e062-dc601f28.jpg,train,clear,daytime,clear
a3c8157a-1db05ae3.jpg,F:\xlw\bdd100k_final\images\100k\train\a3c8157a-1db05ae3.jpg,train,clear,night,night
a3f71692-94e88b56.jpg,F:\xlw\bdd100k_final\images\100k\train\a3f71692-94e88b56.jpg,train,clear,daytime,clear
a4042139-0e900e17.jpg,F:\xlw\bdd100k_final\images\100k\train\a4042139-0e900e17.jpg,train,clear,night,night
a501a05a-24c2faf4.jpg,F:\xlw\bdd100k_final\images\100k\train\a501a05a-24c2faf4.jpg,train,clear,daytime,clear
a5054b30-1f6e9166.jpg,F:\xlw\bdd100k_final\images\100k\train\a5054b30-1f6e9166.jpg,train,snowy,night,night
a522a434-273c76fd.jpg,F:\xlw\bdd100k_final\images\100k\train\a522a434-273c76fd.jpg,train,clear,night,night
a58f57b4-290bf846.jpg,F:\xlw\bdd100k_final\images\100k\train\a58f57b4-290bf846.jpg,train,clear,night,night
a5f49541-a0b9cd82.jpg,F:\xlw\bdd100k_final\images\100k\train\a5f49541-a0b9cd82.jpg,train,snowy,night,night
a6007cd7-ba465142.jpg,F:\xlw\bdd100k_final\images\100k\train\a6007cd7-ba465142.jpg,train,snowy,night,night
a616e0d1-152c827c.jpg,F:\xlw\bdd100k_final\images\100k\train\a616e0d1-152c827c.jpg,train,clear,daytime,clear
a62c18f0-be6cb90a.jpg,F:\xlw\bdd100k_final\images\100k\train\a62c18f0-be6cb90a.jpg,train,clear,night,night
a649d6a4-2af8d491.jpg,F:\xlw\bdd100k_final\images\100k\train\a649d6a4-2af8d491.jpg,train,clear,night,night
a6e76c3b-d195e9d8.jpg,F:\xlw\bdd100k_final\images\100k\train\a6e76c3b-d195e9d8.jpg,train,clear,night,night
a7141165-6e7b9db9.jpg,F:\xlw\bdd100k_final\images\100k\train\a7141165-6e7b9db9.jpg,train,clear,night,night
a740e4e5-67eba915.jpg,F:\xlw\bdd100k_final\images\100k\train\a740e4e5-67eba915.jpg,train,clear,night,night
a75fc1fe-4f221a39.jpg,F:\xlw\bdd100k_final\images\100k\train\a75fc1fe-4f221a39.jpg,train,clear,night,night
a782a3f2-58e51ce7.jpg,F:\xlw\bdd100k_final\images\100k\train\a782a3f2-58e51ce7.jpg,train,clear,night,night
a79fd55c-1af590dc.jpg,F:\xlw\bdd100k_final\images\100k\train\a79fd55c-1af590dc.jpg,train,snowy,night,night
a79fd55c-5f770639.jpg,F:\xlw\bdd100k_final\images\100k\train\a79fd55c-5f770639.jpg,train,snowy,daytime,snow
a83dfb8c-9ae29e94.jpg,F:\xlw\bdd100k_final\images\100k\train\a83dfb8c-9ae29e94.jpg,train,clear,night,night
a84a47c0-404d26c0.jpg,F:\xlw\bdd100k_final\images\100k\train\a84a47c0-404d26c0.jpg,train,clear,night,night
a85f276e-8c388ec0.jpg,F:\xlw\bdd100k_final\images\100k\train\a85f276e-8c388ec0.jpg,train,clear,night,night
a89a60f8-e3b9a79d.jpg,F:\xlw\bdd100k_final\images\100k\train\a89a60f8-e3b9a79d.jpg,train,rainy,night,night
a8b57d25-5e1fb7c6.jpg,F:\xlw\bdd100k_final\images\100k\train\a8b57d25-5e1fb7c6.jpg,train,clear,night,night
a8eb909d-12e62047.jpg,F:\xlw\bdd100k_final\images\100k\train\a8eb909d-12e62047.jpg,train,clear,daytime,clear
a9500e18-cf79b8be.jpg,F:\xlw\bdd100k_final\images\100k\train\a9500e18-cf79b8be.jpg,train,clear,night,night
a9859331-3b34f9cf.jpg,F:\xlw\bdd100k_final\images\100k\train\a9859331-3b34f9cf.jpg,train,undefined,night,night
a9d13755-205070e1.jpg,F:\xlw\bdd100k_final\images\100k\train\a9d13755-205070e1.jpg,train,clear,night,night
aa20ff51-294e12d3.jpg,F:\xlw\bdd100k_final\images\100k\train\aa20ff51-294e12d3.jpg,train,rainy,night,night
aa889a05-eea0d18b.jpg,F:\xlw\bdd100k_final\images\100k\train\aa889a05-eea0d18b.jpg,train,rainy,night,night
aa94c316-cf8825cd.jpg,F:\xlw\bdd100k_final\images\100k\train\aa94c316-cf8825cd.jpg,train,clear,daytime,clear
aa9d84a1-eadd44e5.jpg,F:\xlw\bdd100k_final\images\100k\train\aa9d84a1-eadd44e5.jpg,train,rainy,night,night
aac7193c-0677301c.jpg,F:\xlw\bdd100k_final\images\100k\train\aac7193c-0677301c.jpg,train,overcast,night,night
aad75eb8-94893464.jpg,F:\xlw\bdd100k_final\images\100k\train\aad75eb8-94893464.jpg,train,clear,night,night
ab12975c-eafefd7b.jpg,F:\xlw\bdd100k_final\images\100k\train\ab12975c-eafefd7b.jpg,train,clear,night,night
ab8095e6-a1916edb.jpg,F:\xlw\bdd100k_final\images\100k\train\ab8095e6-a1916edb.jpg,train,clear,daytime,clear
ac127234-d1486b99.jpg,F:\xlw\bdd100k_final\images\100k\train\ac127234-d1486b99.jpg,train,clear,daytime,clear
ac3354e7-b7f76b04.jpg,F:\xlw\bdd100k_final\images\100k\train\ac3354e7-b7f76b04.jpg,train,partly cloudy,daytime,clear
ac4ed0a1-e6bb1c6f.jpg,F:\xlw\bdd100k_final\images\100k\train\ac4ed0a1-e6bb1c6f.jpg,train,clear,daytime,clear
acb6b268-871d049c.jpg,F:\xlw\bdd100k_final\images\100k\train\acb6b268-871d049c.jpg,train,clear,daytime,clear
acb8409a-b5bf053d.jpg,F:\xlw\bdd100k_final\images\100k\train\acb8409a-b5bf053d.jpg,train,rainy,night,night
ad519a6f-0c3c6c2b.jpg,F:\xlw\bdd100k_final\images\100k\train\ad519a6f-0c3c6c2b.jpg,train,clear,night,night
ad6bf55f-1df91e65.jpg,F:\xlw\bdd100k_final\images\100k\train\ad6bf55f-1df91e65.jpg,train,clear,night,night
ad7bd963-796bf7a5.jpg,F:\xlw\bdd100k_final\images\100k\train\ad7bd963-796bf7a5.jpg,train,clear,night,night
adb9b134-c7ac2860.jpg,F:\xlw\bdd100k_final\images\100k\train\adb9b134-c7ac2860.jpg,train,clear,daytime,clear
ae08e429-98695ed8.jpg,F:\xlw\bdd100k_final\images\100k\train\ae08e429-98695ed8.jpg,train,snowy,night,night
ae39f31b-1f0cc5cb.jpg,F:\xlw\bdd100k_final\images\100k\train\ae39f31b-1f0cc5cb.jpg,train,clear,night,night
ae49aec7-f7bb4323.jpg,F:\xlw\bdd100k_final\images\100k\train\ae49aec7-f7bb4323.jpg,train,clear,night,night
ae5076b2-a9e4571e.jpg,F:\xlw\bdd100k_final\images\100k\train\ae5076b2-a9e4571e.jpg,train,clear,night,night
ae859cad-913475bc.jpg,F:\xlw\bdd100k_final\images\100k\train\ae859cad-913475bc.jpg,train,clear,night,night
aed601bc-9b22673a.jpg,F:\xlw\bdd100k_final\images\100k\train\aed601bc-9b22673a.jpg,train,clear,night,night
aef25aa7-ede78469.jpg,F:\xlw\bdd100k_final\images\100k\train\aef25aa7-ede78469.jpg,train,clear,night,night
af19251c-0d2faa15.jpg,F:\xlw\bdd100k_final\images\100k\train\af19251c-0d2faa15.jpg,train,snowy,night,night
af23da31-952cabf9.jpg,F:\xlw\bdd100k_final\images\100k\train\af23da31-952cabf9.jpg,train,clear,night,night
af263edb-14a2bb06.jpg,F:\xlw\bdd100k_final\images\100k\train\af263edb-14a2bb06.jpg,train,clear,night,night
af29482b-0f66b54b.jpg,F:\xlw\bdd100k_final\images\100k\train\af29482b-0f66b54b.jpg,train,clear,night,night
af7bf837-14b8ca36.jpg,F:\xlw\bdd100k_final\images\100k\train\af7bf837-14b8ca36.jpg,train,clear,night,night
afcfb1cf-c77ee8d5.jpg,F:\xlw\bdd100k_final\images\100k\train\afcfb1cf-c77ee8d5.jpg,train,clear,night,night
b02523c1-e18bef00.jpg,F:\xlw\bdd100k_final\images\100k\train\b02523c1-e18bef00.jpg,train,snowy,night,night
b09a748e-eff45949.jpg,F:\xlw\bdd100k_final\images\100k\train\b09a748e-eff45949.jpg,train,clear,daytime,clear
b0a681c2-2d86ba17.jpg,F:\xlw\bdd100k_final\images\100k\train\b0a681c2-2d86ba17.jpg,train,clear,night,night
b0f71d5d-949eb873.jpg,F:\xlw\bdd100k_final\images\100k\train\b0f71d5d-949eb873.jpg,train,rainy,night,night
b102b649-31129ee6.jpg,F:\xlw\bdd100k_final\images\100k\train\b102b649-31129ee6.jpg,train,snowy,night,night
b1441e28-1bdefdcc.jpg,F:\xlw\bdd100k_final\images\100k\train\b1441e28-1bdefdcc.jpg,train,clear,daytime,clear
b167cc5c-e19db6e7.jpg,F:\xlw\bdd100k_final\images\100k\train\b167cc5c-e19db6e7.jpg,train,clear,night,night
b1bea966-bcb59872.jpg,F:\xlw\bdd100k_final\images\100k\train\b1bea966-bcb59872.jpg,train,clear,night,night
b1c66a42-6f7d68ca.jpg,F:\xlw\bdd100k_final\images\100k\val\b1c66a42-6f7d68ca.jpg,val,overcast,daytime,clear
b1c81faa-3df17267.jpg,F:\xlw\bdd100k_final\images\100k\val\b1c81faa-3df17267.jpg,val,clear,night,night
b1c81faa-c80764c5.jpg,F:\xlw\bdd100k_final\images\100k\val\b1c81faa-c80764c5.jpg,val,clear,night,night
b1ca2e5d-84cf9134.jpg,F:\xlw\bdd100k_final\images\100k\val\b1ca2e5d-84cf9134.jpg,val,clear,night,night
b1ca8418-84a133a0.jpg,F:\xlw\bdd100k_final\images\100k\val\b1ca8418-84a133a0.jpg,val,clear,night,night
b1cac6a7-04e33135.jpg,F:\xlw\bdd100k_final\images\100k\val\b1cac6a7-04e33135.jpg,val,rainy,daytime,rain
b1cd1e94-26dd524f.jpg,F:\xlw\bdd100k_final\images\100k\val\b1cd1e94-26dd524f.jpg,val,clear,night,night
b1ceb32e-3f481b43.jpg,F:\xlw\bdd100k_final\images\100k\val\b1ceb32e-3f481b43.jpg,val,clear,night,night
b1ceb32e-813f84b2.jpg,F:\xlw\bdd100k_final\images\100k\val\b1ceb32e-813f84b2.jpg,val,undefined,night,night
b1ceb32e-a106591d.jpg,F:\xlw\bdd100k_final\images\100k\val\b1ceb32e-a106591d.jpg,val,overcast,daytime,clear
b1cebfb7-284f5117.jpg,F:\xlw\bdd100k_final\images\100k\val\b1cebfb7-284f5117.jpg,val,clear,daytime,clear
b1d0091f-75824d0d.jpg,F:\xlw\bdd100k_final\images\100k\val\b1d0091f-75824d0d.jpg,val,rainy,daytime,rain
b1d0091f-f2c2d2ae.jpg,F:\xlw\bdd100k_final\images\100k\val\b1d0091f-f2c2d2ae.jpg,val,overcast,daytime,clear
b1d0a191-03dcecc2.jpg,F:\xlw\bdd100k_final\images\100k\val\b1d0a191-03dcecc2.jpg,val,snowy,daytime,snow
b1d0a191-06deb55d.jpg,F:\xlw\bdd100k_final\images\100k\val\b1d0a191-06deb55d.jpg,val,snowy,daytime,snow
b1d0a191-28f0e779.jpg,F:\xlw\bdd100k_final\images\100k\val\b1d0a191-28f0e779.jpg,val,snowy,daytime,snow
b1d0a191-2ed2269e.jpg,F:\xlw\bdd100k_final\images\100k\val\b1d0a191-2ed2269e.jpg,val,snowy,daytime,snow
b1d0a191-5490450b.jpg,F:\xlw\bdd100k_final\images\100k\val\b1d0a191-5490450b.jpg,val,snowy,daytime,snow
b1d0a191-65deaeef.jpg,F:\xlw\bdd100k_final\images\100k\val\b1d0a191-65deaeef.jpg,val,snowy,daytime,snow
b1d0a191-de8948f6.jpg,F:\xlw\bdd100k_final\images\100k\val\b1d0a191-de8948f6.jpg,val,snowy,daytime,snow
b1d10d08-743fd86c.jpg,F:\xlw\bdd100k_final\images\100k\val\b1d10d08-743fd86c.jpg,val,clear,night,night
b1d10d08-c35503b8.jpg,F:\xlw\bdd100k_final\images\100k\val\b1d10d08-c35503b8.jpg,val,clear,daytime,clear
b1d10d08-ec660956.jpg,F:\xlw\bdd100k_final\images\100k\val\b1d10d08-ec660956.jpg,val,snowy,daytime,snow
b1d22449-117aa773.jpg,F:\xlw\bdd100k_final\images\100k\val\b1d22449-117aa773.jpg,val,clear,night,night
b1d22449-15fb948f.jpg,F:\xlw\bdd100k_final\images\100k\val\b1d22449-15fb948f.jpg,val,clear,night,night
b1d3907b-2278601b.jpg,F:\xlw\bdd100k_final\images\100k\val\b1d3907b-2278601b.jpg,val,clear,night,night
b1d4b62c-89eeb5d3.jpg,F:\xlw\bdd100k_final\images\100k\val\b1d4b62c-89eeb5d3.jpg,val,clear,night,night
b1d4b62c-d9805029.jpg,F:\xlw\bdd100k_final\images\100k\val\b1d4b62c-d9805029.jpg,val,clear,night,night
b1d7b3ac-36f2d3b7.jpg,F:\xlw\bdd100k_final\images\100k\val\b1d7b3ac-36f2d3b7.jpg,val,clear,daytime,clear
b1d7b3ac-5744370e.jpg,F:\xlw\bdd100k_final\images\100k\val\b1d7b3ac-5744370e.jpg,val,clear,daytime,clear
b1d7b3ac-5af8623b.jpg,F:\xlw\bdd100k_final\images\100k\val\b1d7b3ac-5af8623b.jpg,val,clear,daytime,clear
b1d7b3ac-995f9d8a.jpg,F:\xlw\bdd100k_final\images\100k\val\b1d7b3ac-995f9d8a.jpg,val,clear,daytime,clear
b1d8735d-eee9f184.jpg,F:\xlw\bdd100k_final\images\100k\val\b1d8735d-eee9f184.jpg,val,clear,night,night
b1d968b9-563405f4.jpg,F:\xlw\bdd100k_final\images\100k\val\b1d968b9-563405f4.jpg,val,overcast,daytime,clear
b1d971b4-ac67ca0d.jpg,F:\xlw\bdd100k_final\images\100k\val\b1d971b4-ac67ca0d.jpg,val,overcast,daytime,clear
b1da9c53-0f3d4c5d.jpg,F:\xlw\bdd100k_final\images\100k\val\b1da9c53-0f3d4c5d.jpg,val,snowy,daytime,snow
b1dac7f7-6b2e0382.jpg,F:\xlw\bdd100k_final\images\100k\val\b1dac7f7-6b2e0382.jpg,val,clear,daytime,clear
b1db7e22-cfa74dc3.jpg,F:\xlw\bdd100k_final\images\100k\val\b1db7e22-cfa74dc3.jpg,val,clear,night,night
b1dce572-c6a8cb5e.jpg,F:\xlw\bdd100k_final\images\100k\val\b1dce572-c6a8cb5e.jpg,val,clear,daytime,clear
b1df722f-57d21f3f.jpg,F:\xlw\bdd100k_final\images\100k\val\b1df722f-57d21f3f.jpg,val,clear,daytime,clear
b1df722f-5bcc3db7.jpg,F:\xlw\bdd100k_final\images\100k\val\b1df722f-5bcc3db7.jpg,val,clear,daytime,clear
b1e0c01d-dd9e6e2f.jpg,F:\xlw\bdd100k_final\images\100k\val\b1e0c01d-dd9e6e2f.jpg,val,overcast,daytime,clear
b1e1a7b8-65ec7612.jpg,F:\xlw\bdd100k_final\images\100k\val\b1e1a7b8-65ec7612.jpg,val,rainy,daytime,rain
b1e1a7b8-a7426a97.jpg,F:\xlw\bdd100k_final\images\100k\val\b1e1a7b8-a7426a97.jpg,val,rainy,daytime,rain
b1e1a7b8-b397c445.jpg,F:\xlw\bdd100k_final\images\100k\val\b1e1a7b8-b397c445.jpg,val,rainy,daytime,rain
b1e2346e-c5f98707.jpg,F:\xlw\bdd100k_final\images\100k\val\b1e2346e-c5f98707.jpg,val,clear,night,night
b1e3e9f5-92377424.jpg,F:\xlw\bdd100k_final\images\100k\val\b1e3e9f5-92377424.jpg,val,clear,daytime,clear
b1e62c91-eca210a9.jpg,F:\xlw\bdd100k_final\images\100k\val\b1e62c91-eca210a9.jpg,val,clear,night,night
b1e6efc0-2552cc5d.jpg,F:\xlw\bdd100k_final\images\100k\val\b1e6efc0-2552cc5d.jpg,val,snowy,daytime,snow
b1e88fd2-c1e4fd2b.jpg,F:\xlw\bdd100k_final\images\100k\val\b1e88fd2-c1e4fd2b.jpg,val,clear,night,night
b1e8ad72-c3c79240.jpg,F:\xlw\bdd100k_final\images\100k\val\b1e8ad72-c3c79240.jpg,val,clear,daytime,clear
b1e9ee0e-67e26f2e.jpg,F:\xlw\bdd100k_final\images\100k\val\b1e9ee0e-67e26f2e.jpg,val,rainy,daytime,rain
b1ea0ae4-4f770228.jpg,F:\xlw\bdd100k_final\images\100k\val\b1ea0ae4-4f770228.jpg,val,partly cloudy,daytime,clear
b1ebfc3c-740ec84a.jpg,F:\xlw\bdd100k_final\images\100k\val\b1ebfc3c-740ec84a.jpg,val,clear,night,night
b1ebfc3c-cc9c2bb8.jpg,F:\xlw\bdd100k_final\images\100k\val\b1ebfc3c-cc9c2bb8.jpg,val,clear,night,night
b1ee702d-0ae1fc10.jpg,F:\xlw\bdd100k_final\images\100k\val\b1ee702d-0ae1fc10.jpg,val,clear,night,night
b1ee702d-4a193906.jpg,F:\xlw\bdd100k_final\images\100k\val\b1ee702d-4a193906.jpg,val,clear,night,night
b1ee702d-525fcebf.jpg,F:\xlw\bdd100k_final\images\100k\val\b1ee702d-525fcebf.jpg,val,clear,night,night
b1f0efd9-e900c6e5.jpg,F:\xlw\bdd100k_final\images\100k\val\b1f0efd9-e900c6e5.jpg,val,clear,daytime,clear
b1f20aa0-3401c3bf.jpg,F:\xlw\bdd100k_final\images\100k\val\b1f20aa0-3401c3bf.jpg,val,clear,night,night
b1f20aa0-50213047.jpg,F:\xlw\bdd100k_final\images\100k\val\b1f20aa0-50213047.jpg,val,clear,night,night
b1f20aa0-6ef1db42.jpg,F:\xlw\bdd100k_final\images\100k\val\b1f20aa0-6ef1db42.jpg,val,clear,night,night
b1f25ff6-1ddb7e43.jpg,F:\xlw\bdd100k_final\images\100k\val\b1f25ff6-1ddb7e43.jpg,val,partly cloudy,daytime,clear
b1f4491b-33824f31.jpg,F:\xlw\bdd100k_final\images\100k\val\b1f4491b-33824f31.jpg,val,partly cloudy,daytime,clear
b1f4491b-846d8cb2.jpg,F:\xlw\bdd100k_final\images\100k\val\b1f4491b-846d8cb2.jpg,val,partly cloudy,daytime,clear
b1f4491b-97465266.jpg,F:\xlw\bdd100k_final\images\100k\val\b1f4491b-97465266.jpg,val,clear,daytime,clear
b1f4491b-cf446195.jpg,F:\xlw\bdd100k_final\images\100k\val\b1f4491b-cf446195.jpg,val,overcast,daytime,clear
b1f4491b-dd8dfed5.jpg,F:\xlw\bdd100k_final\images\100k\val\b1f4491b-dd8dfed5.jpg,val,overcast,daytime,clear
b1f62c41-ed0c6521.jpg,F:\xlw\bdd100k_final\images\100k\val\b1f62c41-ed0c6521.jpg,val,clear,daytime,clear
b1f6c103-5ce1f3c6.jpg,F:\xlw\bdd100k_final\images\100k\val\b1f6c103-5ce1f3c6.jpg,val,clear,night,night
b1f6c103-8b75ea3e.jpg,F:\xlw\bdd100k_final\images\100k\val\b1f6c103-8b75ea3e.jpg,val,clear,night,night
b1f6c103-b00e8aad.jpg,F:\xlw\bdd100k_final\images\100k\val\b1f6c103-b00e8aad.jpg,val,clear,night,night
b1f85377-44885085.jpg,F:\xlw\bdd100k_final\images\100k\val\b1f85377-44885085.jpg,val,overcast,daytime,clear
b1fbf878-b31a8293.jpg,F:\xlw\bdd100k_final\images\100k\val\b1fbf878-b31a8293.jpg,val,clear,night,night
b1fc95c9-cb2882c7.jpg,F:\xlw\bdd100k_final\images\100k\val\b1fc95c9-cb2882c7.jpg,val,overcast,daytime,clear
b1ff4656-0435391e.jpg,F:\xlw\bdd100k_final\images\100k\val\b1ff4656-0435391e.jpg,val,overcast,daytime,clear
b1ff4656-94ee8536.jpg,F:\xlw\bdd100k_final\images\100k\val\b1ff4656-94ee8536.jpg,val,clear,daytime,clear
b1ff4656-ebcfeb35.jpg,F:\xlw\bdd100k_final\images\100k\val\b1ff4656-ebcfeb35.jpg,val,overcast,daytime,clear
b200b84e-4a792877.jpg,F:\xlw\bdd100k_final\images\100k\val\b200b84e-4a792877.jpg,val,clear,night,night
b200e97a-bf074435.jpg,F:\xlw\bdd100k_final\images\100k\val\b200e97a-bf074435.jpg,val,overcast,daytime,clear
b20234fd-822029be.jpg,F:\xlw\bdd100k_final\images\100k\val\b20234fd-822029be.jpg,val,clear,night,night
b202cae2-672e61c5.jpg,F:\xlw\bdd100k_final\images\100k\val\b202cae2-672e61c5.jpg,val,clear,daytime,clear
b202cae2-f46c74a6.jpg,F:\xlw\bdd100k_final\images\100k\val\b202cae2-f46c74a6.jpg,val,clear,daytime,clear
b2046bcf-8bc6a044.jpg,F:\xlw\bdd100k_final\images\100k\val\b2046bcf-8bc6a044.jpg,val,snowy,daytime,snow
b204a5c1-05981158.jpg,F:\xlw\bdd100k_final\images\100k\val\b204a5c1-05981158.jpg,val,snowy,daytime,snow
b204a5c1-064b0040.jpg,F:\xlw\bdd100k_final\images\100k\val\b204a5c1-064b0040.jpg,val,snowy,daytime,snow
b204a5c1-fa3d5b88.jpg,F:\xlw\bdd100k_final\images\100k\val\b204a5c1-fa3d5b88.jpg,val,snowy,daytime,snow
b205eb4d-f84aaa1a.jpg,F:\xlw\bdd100k_final\images\100k\val\b205eb4d-f84aaa1a.jpg,val,clear,daytime,clear
b2064e61-2beadd45.jpg,F:\xlw\bdd100k_final\images\100k\val\b2064e61-2beadd45.jpg,val,rainy,night,night
b206a78b-99f405ab.jpg,F:\xlw\bdd100k_final\images\100k\val\b206a78b-99f405ab.jpg,val,clear,night,night
b2080dc7-f9b98a5f.jpg,F:\xlw\bdd100k_final\images\100k\val\b2080dc7-f9b98a5f.jpg,val,clear,night,night
b20841f9-cef732d5.jpg,F:\xlw\bdd100k_final\images\100k\val\b20841f9-cef732d5.jpg,val,clear,daytime,clear
b20b1e63-4d8478a4.jpg,F:\xlw\bdd100k_final\images\100k\val\b20b1e63-4d8478a4.jpg,val,clear,night,night
b20b69d2-64b9cdb8.jpg,F:\xlw\bdd100k_final\images\100k\val\b20b69d2-64b9cdb8.jpg,val,clear,daytime,clear
b20b69d2-650e674d.jpg,F:\xlw\bdd100k_final\images\100k\val\b20b69d2-650e674d.jpg,val,clear,daytime,clear
b20b69d2-6e2b9e73.jpg,F:\xlw\bdd100k_final\images\100k\val\b20b69d2-6e2b9e73.jpg,val,clear,daytime,clear
b20b69d2-7767e6b6.jpg,F:\xlw\bdd100k_final\images\100k\val\b20b69d2-7767e6b6.jpg,val,clear,daytime,clear
b20b69d2-bd242bf0.jpg,F:\xlw\bdd100k_final\images\100k\val\b20b69d2-bd242bf0.jpg,val,clear,daytime,clear
b20b69d2-ca16c907.jpg,F:\xlw\bdd100k_final\images\100k\val\b20b69d2-ca16c907.jpg,val,clear,daytime,clear
b20b69d2-e31380a7.jpg,F:\xlw\bdd100k_final\images\100k\val\b20b69d2-e31380a7.jpg,val,clear,daytime,clear
b20b69d2-ffc1d6af.jpg,F:\xlw\bdd100k_final\images\100k\val\b20b69d2-ffc1d6af.jpg,val,clear,daytime,clear
b20b9c19-91e01a50.jpg,F:\xlw\bdd100k_final\images\100k\val\b20b9c19-91e01a50.jpg,val,overcast,daytime,clear
b20d494a-cdebe83e.jpg,F:\xlw\bdd100k_final\images\100k\val\b20d494a-cdebe83e.jpg,val,clear,daytime,clear
b20e291a-6012d836.jpg,F:\xlw\bdd100k_final\images\100k\val\b20e291a-6012d836.jpg,val,clear,daytime,clear
b20eae11-149766ce.jpg,F:\xlw\bdd100k_final\images\100k\val\b20eae11-149766ce.jpg,val,rainy,night,night
b20eae11-18cd8ca2.jpg,F:\xlw\bdd100k_final\images\100k\val\b20eae11-18cd8ca2.jpg,val,rainy,night,night
b20eae11-6817ba7a.jpg,F:\xlw\bdd100k_final\images\100k\val\b20eae11-6817ba7a.jpg,val,rainy,night,night
b20ff95c-b9444127.jpg,F:\xlw\bdd100k_final\images\100k\val\b20ff95c-b9444127.jpg,val,clear,daytime,clear
b2102d00-5eb86b71.jpg,F:\xlw\bdd100k_final\images\100k\val\b2102d00-5eb86b71.jpg,val,clear,night,night
b2102d00-a8c09be1.jpg,F:\xlw\bdd100k_final\images\100k\val\b2102d00-a8c09be1.jpg,val,clear,night,night
b2131b7b-e58faab7.jpg,F:\xlw\bdd100k_final\images\100k\val\b2131b7b-e58faab7.jpg,val,clear,night,night
b213e4eb-09c01a17.jpg,F:\xlw\bdd100k_final\images\100k\val\b213e4eb-09c01a17.jpg,val,partly cloudy,daytime,clear
b214d1e1-f248c616.jpg,F:\xlw\bdd100k_final\images\100k\val\b214d1e1-f248c616.jpg,val,clear,night,night
b21547c1-73e457f8.jpg,F:\xlw\bdd100k_final\images\100k\val\b21547c1-73e457f8.jpg,val,clear,night,night
b21547c1-796757ac.jpg,F:\xlw\bdd100k_final\images\100k\val\b21547c1-796757ac.jpg,val,clear,night,night
b2156f8e-72e1547c.jpg,F:\xlw\bdd100k_final\images\100k\val\b2156f8e-72e1547c.jpg,val,rainy,daytime,rain
b216243d-55963da2.jpg,F:\xlw\bdd100k_final\images\100k\val\b216243d-55963da2.jpg,val,clear,night,night
b2169b74-fa197951.jpg,F:\xlw\bdd100k_final\images\100k\val\b2169b74-fa197951.jpg,val,clear,daytime,clear
b2194b15-1825056a.jpg,F:\xlw\bdd100k_final\images\100k\val\b2194b15-1825056a.jpg,val,clear,night,night
b21ac8b3-9b9cb45a.jpg,F:\xlw\bdd100k_final\images\100k\val\b21ac8b3-9b9cb45a.jpg,val,clear,night,night
b21bfb83-ea32f716.jpg,F:\xlw\bdd100k_final\images\100k\val\b21bfb83-ea32f716.jpg,val,clear,night,night
b21c68e6-65674a17.jpg,F:\xlw\bdd100k_final\images\100k\val\b21c68e6-65674a17.jpg,val,clear,night,night
b21d5efb-5e2cd743.jpg,F:\xlw\bdd100k_final\images\100k\val\b21d5efb-5e2cd743.jpg,val,clear,night,night
b2208b0f-2796a692.jpg,F:\xlw\bdd100k_final\images\100k\val\b2208b0f-2796a692.jpg,val,clear,daytime,clear
b222c329-5dc8dbf7.jpg,F:\xlw\bdd100k_final\images\100k\val\b222c329-5dc8dbf7.jpg,val,partly cloudy,daytime,clear
b229488e-e4714bb7.jpg,F:\xlw\bdd100k_final\images\100k\val\b229488e-e4714bb7.jpg,val,clear,night,night
b22a4d9f-48b2e986.jpg,F:\xlw\bdd100k_final\images\100k\val\b22a4d9f-48b2e986.jpg,val,partly cloudy,daytime,clear
b22a4d9f-73cc8810.jpg,F:\xlw\bdd100k_final\images\100k\val\b22a4d9f-73cc8810.jpg,val,partly cloudy,daytime,clear
b22e02cd-6af68e18.jpg,F:\xlw\bdd100k_final\images\100k\val\b22e02cd-6af68e18.jpg,val,clear,night,night
b22f174d-a19c875e.jpg,F:\xlw\bdd100k_final\images\100k\val\b22f174d-a19c875e.jpg,val,clear,night,night
b22f385b-5d7e5202.jpg,F:\xlw\bdd100k_final\images\100k\val\b22f385b-5d7e5202.jpg,val,overcast,daytime,clear
b230132b-ff8f2719.jpg,F:\xlw\bdd100k_final\images\100k\val\b230132b-ff8f2719.jpg,val,clear,night,night
b230a7b2-c881c382.jpg,F:\xlw\bdd100k_final\images\100k\val\b230a7b2-c881c382.jpg,val,clear,night,night
b231a630-c4522992.jpg,F:\xlw\bdd100k_final\images\100k\val\b231a630-c4522992.jpg,val,clear,daytime,clear
b2331b83-648e56ca.jpg,F:\xlw\bdd100k_final\images\100k\val\b2331b83-648e56ca.jpg,val,clear,night,night
b2331b83-a28e6b57.jpg,F:\xlw\bdd100k_final\images\100k\val\b2331b83-a28e6b57.jpg,val,clear,daytime,clear
b23493b1-3200de1c.jpg,F:\xlw\bdd100k_final\images\100k\val\b23493b1-3200de1c.jpg,val,partly cloudy,daytime,clear
b237db93-fab44bf2.jpg,F:\xlw\bdd100k_final\images\100k\val\b237db93-fab44bf2.jpg,val,snowy,daytime,snow
b23a79d1-43dfeecd.jpg,F:\xlw\bdd100k_final\images\100k\val\b23a79d1-43dfeecd.jpg,val,clear,night,night
b23adb0d-72704b27.jpg,F:\xlw\bdd100k_final\images\100k\val\b23adb0d-72704b27.jpg,val,clear,night,night
b23adb0d-8a7aaced.jpg,F:\xlw\bdd100k_final\images\100k\val\b23adb0d-8a7aaced.jpg,val,clear,night,night
b23b2649-1a78948d.jpg,F:\xlw\bdd100k_final\images\100k\val\b23b2649-1a78948d.jpg,val,partly cloudy,daytime,clear
b23b2649-6af03cd5.jpg,F:\xlw\bdd100k_final\images\100k\val\b23b2649-6af03cd5.jpg,val,overcast,daytime,clear
b23b2649-8349d2a1.jpg,F:\xlw\bdd100k_final\images\100k\val\b23b2649-8349d2a1.jpg,val,overcast,daytime,clear
b23c9e00-5506ddfb.jpg,F:\xlw\bdd100k_final\images\100k\val\b23c9e00-5506ddfb.jpg,val,clear,night,night
b23c9e00-b425de1b.jpg,F:\xlw\bdd100k_final\images\100k\val\b23c9e00-b425de1b.jpg,val,clear,night,night
b23d2079-0c019d8e.jpg,F:\xlw\bdd100k_final\images\100k\val\b23d2079-0c019d8e.jpg,val,clear,night,night
b23f7012-32d284ce.jpg,F:\xlw\bdd100k_final\images\100k\val\b23f7012-32d284ce.jpg,val,rainy,night,night
b23f7012-fab06dac.jpg,F:\xlw\bdd100k_final\images\100k\val\b23f7012-fab06dac.jpg,val,rainy,night,night
b23fe89b-c704fe97.jpg,F:\xlw\bdd100k_final\images\100k\val\b23fe89b-c704fe97.jpg,val,clear,night,night
b24071b8-b3ee1196.jpg,F:\xlw\bdd100k_final\images\100k\val\b24071b8-b3ee1196.jpg,val,overcast,daytime,clear
b2408e45-984ba5aa.jpg,F:\xlw\bdd100k_final\images\100k\val\b2408e45-984ba5aa.jpg,val,overcast,daytime,clear
b242929f-3051abca.jpg,F:\xlw\bdd100k_final\images\100k\val\b242929f-3051abca.jpg,val,snowy,daytime,snow
b242f6b2-0033bdfb.jpg,F:\xlw\bdd100k_final\images\100k\val\b242f6b2-0033bdfb.jpg,val,clear,night,night
b242f6b2-99d2f2c1.jpg,F:\xlw\bdd100k_final\images\100k\val\b242f6b2-99d2f2c1.jpg,val,clear,night,night
b242f6b2-eaa39345.jpg,F:\xlw\bdd100k_final\images\100k\val\b242f6b2-eaa39345.jpg,val,clear,night,night
b242f6b2-f5da110f.jpg,F:\xlw\bdd100k_final\images\100k\val\b242f6b2-f5da110f.jpg,val,clear,night,night
b24380ab-63272e5a.jpg,F:\xlw\bdd100k_final\images\100k\val\b24380ab-63272e5a.jpg,val,clear,night,night
b24380ab-6dbeb908.jpg,F:\xlw\bdd100k_final\images\100k\val\b24380ab-6dbeb908.jpg,val,rainy,night,night
b24380ab-855e9c00.jpg,F:\xlw\bdd100k_final\images\100k\val\b24380ab-855e9c00.jpg,val,clear,night,night
b24380ab-c07680d1.jpg,F:\xlw\bdd100k_final\images\100k\val\b24380ab-c07680d1.jpg,val,clear,night,night
b2443c9d-8cc3991f.jpg,F:\xlw\bdd100k_final\images\100k\val\b2443c9d-8cc3991f.jpg,val,clear,night,night
b245b306-ca3dca4e.jpg,F:\xlw\bdd100k_final\images\100k\val\b245b306-ca3dca4e.jpg,val,clear,night,night
b245e52e-0a0e4e69.jpg,F:\xlw\bdd100k_final\images\100k\val\b245e52e-0a0e4e69.jpg,val,clear,daytime,clear
b246c8e8-3dd42e6c.jpg,F:\xlw\bdd100k_final\images\100k\val\b246c8e8-3dd42e6c.jpg,val,clear,night,night
b246c8e8-4dd36bfc.jpg,F:\xlw\bdd100k_final\images\100k\val\b246c8e8-4dd36bfc.jpg,val,snowy,night,night
b246c8e8-ecce1321.jpg,F:\xlw\bdd100k_final\images\100k\val\b246c8e8-ecce1321.jpg,val,clear,night,night
b24702e3-0456c83c.jpg,F:\xlw\bdd100k_final\images\100k\val\b24702e3-0456c83c.jpg,val,clear,daytime,clear
b24702e3-e6f33768.jpg,F:\xlw\bdd100k_final\images\100k\val\b24702e3-e6f33768.jpg,val,clear,daytime,clear
b24702e3-f56e0731.jpg,F:\xlw\bdd100k_final\images\100k\val\b24702e3-f56e0731.jpg,val,clear,daytime,clear
b2490dcb-7469cbe8.jpg,F:\xlw\bdd100k_final\images\100k\val\b2490dcb-7469cbe8.jpg,val,snowy,daytime,snow
b249e7f2-92d2efad.jpg,F:\xlw\bdd100k_final\images\100k\val\b249e7f2-92d2efad.jpg,val,clear,night,night
b249e7f2-d619bd69.jpg,F:\xlw\bdd100k_final\images\100k\val\b249e7f2-d619bd69.jpg,val,clear,night,night
b24b3585-221ac8ac.jpg,F:\xlw\bdd100k_final\images\100k\val\b24b3585-221ac8ac.jpg,val,clear,daytime,clear
b24bdca1-e4f0c558.jpg,F:\xlw\bdd100k_final\images\100k\val\b24bdca1-e4f0c558.jpg,val,clear,night,night
b24c9ee6-e43a6e8b.jpg,F:\xlw\bdd100k_final\images\100k\val\b24c9ee6-e43a6e8b.jpg,val,clear,night,night
b24ca67a-594d7d3c.jpg,F:\xlw\bdd100k_final\images\100k\val\b24ca67a-594d7d3c.jpg,val,clear,night,night
b24d283f-33783d1b.jpg,F:\xlw\bdd100k_final\images\100k\val\b24d283f-33783d1b.jpg,val,overcast,daytime,clear
b24f03f7-ff66eaca.jpg,F:\xlw\bdd100k_final\images\100k\val\b24f03f7-ff66eaca.jpg,val,clear,night,night
b24f7455-e8c55d6a.jpg,F:\xlw\bdd100k_final\images\100k\val\b24f7455-e8c55d6a.jpg,val,clear,daytime,clear
b2505382-1423f56a.jpg,F:\xlw\bdd100k_final\images\100k\val\b2505382-1423f56a.jpg,val,clear,night,night
b2505382-272e7823.jpg,F:\xlw\bdd100k_final\images\100k\val\b2505382-272e7823.jpg,val,clear,night,night
b2505382-2905b23c.jpg,F:\xlw\bdd100k_final\images\100k\val\b2505382-2905b23c.jpg,val,clear,night,night
b2505382-549785d3.jpg,F:\xlw\bdd100k_final\images\100k\val\b2505382-549785d3.jpg,val,clear,night,night
b2505382-de5238f0.jpg,F:\xlw\bdd100k_final\images\100k\val\b2505382-de5238f0.jpg,val,clear,night,night
b250fb0c-01a1b8d3.jpg,F:\xlw\bdd100k_final\images\100k\val\b250fb0c-01a1b8d3.jpg,val,clear,daytime,clear
b251064f-30002542.jpg,F:\xlw\bdd100k_final\images\100k\val\b251064f-30002542.jpg,val,overcast,daytime,clear
b251064f-4696b75e.jpg,F:\xlw\bdd100k_final\images\100k\val\b251064f-4696b75e.jpg,val,overcast,daytime,clear
b251064f-5f6b663e.jpg,F:\xlw\bdd100k_final\images\100k\val\b251064f-5f6b663e.jpg,val,overcast,daytime,clear
b251064f-8d92db81.jpg,F:\xlw\bdd100k_final\images\100k\val\b251064f-8d92db81.jpg,val,clear,daytime,clear
b251b746-00138418.jpg,F:\xlw\bdd100k_final\images\100k\val\b251b746-00138418.jpg,val,clear,night,night
b255cd6c-0bdf0ac7.jpg,F:\xlw\bdd100k_final\images\100k\val\b255cd6c-0bdf0ac7.jpg,val,snowy,night,night
b255cd6c-2f889586.jpg,F:\xlw\bdd100k_final\images\100k\val\b255cd6c-2f889586.jpg,val,snowy,daytime,snow
b255cd6c-5ccba454.jpg,F:\xlw\bdd100k_final\images\100k\val\b255cd6c-5ccba454.jpg,val,snowy,night,night
b255cd6c-6502a28c.jpg,F:\xlw\bdd100k_final\images\100k\val\b255cd6c-6502a28c.jpg,val,snowy,night,night
b255cd6c-82c804d4.jpg,F:\xlw\bdd100k_final\images\100k\val\b255cd6c-82c804d4.jpg,val,snowy,night,night
b255cd6c-bc3cbb18.jpg,F:\xlw\bdd100k_final\images\100k\val\b255cd6c-bc3cbb18.jpg,val,rainy,daytime,rain
b255cd6c-e5f99451.jpg,F:\xlw\bdd100k_final\images\100k\val\b255cd6c-e5f99451.jpg,val,snowy,night,night
b255cd6c-f2f28aff.jpg,F:\xlw\bdd100k_final\images\100k\val\b255cd6c-f2f28aff.jpg,val,snowy,night,night
b255cd6c-fb594dcb.jpg,F:\xlw\bdd100k_final\images\100k\val\b255cd6c-fb594dcb.jpg,val,snowy,night,night
b2576c8c-2de20b8a.jpg,F:\xlw\bdd100k_final\images\100k\val\b2576c8c-2de20b8a.jpg,val,overcast,daytime,clear
b257f482-cf55d35c.jpg,F:\xlw\bdd100k_final\images\100k\val\b257f482-cf55d35c.jpg,val,clear,night,night
b258d359-49a3ad31.jpg,F:\xlw\bdd100k_final\images\100k\val\b258d359-49a3ad31.jpg,val,clear,night,night
b258d359-db99eff1.jpg,F:\xlw\bdd100k_final\images\100k\val\b258d359-db99eff1.jpg,val,clear,night,night
b259c5e1-cda39ef9.jpg,F:\xlw\bdd100k_final\images\100k\val\b259c5e1-cda39ef9.jpg,val,clear,daytime,clear
b25aac57-705d50ad.jpg,F:\xlw\bdd100k_final\images\100k\val\b25aac57-705d50ad.jpg,val,clear,night,night
b25c1103-5da4b435.jpg,F:\xlw\bdd100k_final\images\100k\val\b25c1103-5da4b435.jpg,val,snowy,daytime,snow
b25c51f5-e9dba941.jpg,F:\xlw\bdd100k_final\images\100k\val\b25c51f5-e9dba941.jpg,val,overcast,daytime,clear
b25fb716-78d8d49b.jpg,F:\xlw\bdd100k_final\images\100k\val\b25fb716-78d8d49b.jpg,val,overcast,daytime,clear
b25fdb41-4644e3f7.jpg,F:\xlw\bdd100k_final\images\100k\val\b25fdb41-4644e3f7.jpg,val,clear,daytime,clear
b262f576-b0373824.jpg,F:\xlw\bdd100k_final\images\100k\val\b262f576-b0373824.jpg,val,rainy,night,night
b26309ce-447c0ac7.jpg,F:\xlw\bdd100k_final\images\100k\val\b26309ce-447c0ac7.jpg,val,clear,night,night
b26309ce-fc963b47.jpg,F:\xlw\bdd100k_final\images\100k\val\b26309ce-fc963b47.jpg,val,clear,night,night
b26327fe-3ac19999.jpg,F:\xlw\bdd100k_final\images\100k\val\b26327fe-3ac19999.jpg,val,snowy,daytime,snow
b26331b9-102f5d9a.jpg,F:\xlw\bdd100k_final\images\100k\val\b26331b9-102f5d9a.jpg,val,clear,daytime,clear
b2638d82-062aa1de.jpg,F:\xlw\bdd100k_final\images\100k\val\b2638d82-062aa1de.jpg,val,undefined,night,night
b263f57d-1ccf6e51.jpg,F:\xlw\bdd100k_final\images\100k\val\b263f57d-1ccf6e51.jpg,val,rainy,daytime,rain
b2648a7f-42f72f67.jpg,F:\xlw\bdd100k_final\images\100k\val\b2648a7f-42f72f67.jpg,val,clear,night,night
b265b9cf-2d517da6.jpg,F:\xlw\bdd100k_final\images\100k\val\b265b9cf-2d517da6.jpg,val,clear,daytime,clear
b26610ce-083c3bd1.jpg,F:\xlw\bdd100k_final\images\100k\val\b26610ce-083c3bd1.jpg,val,clear,night,night
b266429a-83757042.jpg,F:\xlw\bdd100k_final\images\100k\val\b266429a-83757042.jpg,val,clear,night,night
b266429a-ac0c4ed3.jpg,F:\xlw\bdd100k_final\images\100k\val\b266429a-ac0c4ed3.jpg,val,undefined,night,night
b266db29-12bf52fa.jpg,F:\xlw\bdd100k_final\images\100k\val\b266db29-12bf52fa.jpg,val,rainy,daytime,rain
b266db29-29fa8335.jpg,F:\xlw\bdd100k_final\images\100k\val\b266db29-29fa8335.jpg,val,rainy,daytime,rain
b266db29-403143cc.jpg,F:\xlw\bdd100k_final\images\100k\val\b266db29-403143cc.jpg,val,rainy,daytime,rain
b266db29-4d22b355.jpg,F:\xlw\bdd100k_final\images\100k\val\b266db29-4d22b355.jpg,val,rainy,daytime,rain
b266db29-c518f15d.jpg,F:\xlw\bdd100k_final\images\100k\val\b266db29-c518f15d.jpg,val,rainy,daytime,rain
b266db29-da0abce7.jpg,F:\xlw\bdd100k_final\images\100k\val\b266db29-da0abce7.jpg,val,rainy,daytime,rain
b2675b13-d04e4a76.jpg,F:\xlw\bdd100k_final\images\100k\val\b2675b13-d04e4a76.jpg,val,clear,night,night
b2694461-db4f4470.jpg,F:\xlw\bdd100k_final\images\100k\val\b2694461-db4f4470.jpg,val,clear,daytime,clear
b26aafd1-1bc4dccc.jpg,F:\xlw\bdd100k_final\images\100k\val\b26aafd1-1bc4dccc.jpg,val,rainy,daytime,rain
b26aafd1-513824d4.jpg,F:\xlw\bdd100k_final\images\100k\val\b26aafd1-513824d4.jpg,val,rainy,daytime,rain
b26ba07a-1c7593b1.jpg,F:\xlw\bdd100k_final\images\100k\val\b26ba07a-1c7593b1.jpg,val,clear,night,night
b26ba07a-203e440c.jpg,F:\xlw\bdd100k_final\images\100k\val\b26ba07a-203e440c.jpg,val,clear,night,night
b26ba07a-2b68a502.jpg,F:\xlw\bdd100k_final\images\100k\val\b26ba07a-2b68a502.jpg,val,clear,night,night
b26ba07a-38f78442.jpg,F:\xlw\bdd100k_final\images\100k\val\b26ba07a-38f78442.jpg,val,rainy,night,night
b26ba07a-c7bcbe2d.jpg,F:\xlw\bdd100k_final\images\100k\val\b26ba07a-c7bcbe2d.jpg,val,clear,night,night
b26ba07a-da78f324.jpg,F:\xlw\bdd100k_final\images\100k\val\b26ba07a-da78f324.jpg,val,clear,night,night
b26ba07a-e4ca935c.jpg,F:\xlw\bdd100k_final\images\100k\val\b26ba07a-e4ca935c.jpg,val,clear,night,night
b26ba07a-f781b661.jpg,F:\xlw\bdd100k_final\images\100k\val\b26ba07a-f781b661.jpg,val,clear,night,night
b26cfcdc-10346684.jpg,F:\xlw\bdd100k_final\images\100k\val\b26cfcdc-10346684.jpg,val,rainy,daytime,rain
b26cfcdc-2e290c42.jpg,F:\xlw\bdd100k_final\images\100k\val\b26cfcdc-2e290c42.jpg,val,rainy,daytime,rain
b26cfcdc-7b00747d.jpg,F:\xlw\bdd100k_final\images\100k\val\b26cfcdc-7b00747d.jpg,val,rainy,daytime,rain
b26cfcdc-eb092da8.jpg,F:\xlw\bdd100k_final\images\100k\val\b26cfcdc-eb092da8.jpg,val,rainy,daytime,rain
b26f7271-d906ee87.jpg,F:\xlw\bdd100k_final\images\100k\val\b26f7271-d906ee87.jpg,val,partly cloudy,daytime,clear
b26f8762-61cfb033.jpg,F:\xlw\bdd100k_final\images\100k\val\b26f8762-61cfb033.jpg,val,snowy,daytime,snow
b26f9b1e-09c56a3c.jpg,F:\xlw\bdd100k_final\images\100k\val\b26f9b1e-09c56a3c.jpg,val,snowy,night,night
b26f9b1e-3e172ced.jpg,F:\xlw\bdd100k_final\images\100k\val\b26f9b1e-3e172ced.jpg,val,snowy,night,night
b27098c3-c443b6e3.jpg,F:\xlw\bdd100k_final\images\100k\val\b27098c3-c443b6e3.jpg,val,partly cloudy,daytime,clear
b27098c3-dedf92b2.jpg,F:\xlw\bdd100k_final\images\100k\val\b27098c3-dedf92b2.jpg,val,clear,night,night
b27127df-eac9b95e.jpg,F:\xlw\bdd100k_final\images\100k\val\b27127df-eac9b95e.jpg,val,rainy,daytime,rain
b2714f5d-07bf604c.jpg,F:\xlw\bdd100k_final\images\100k\val\b2714f5d-07bf604c.jpg,val,clear,night,night
b2714f5d-5bc98e55.jpg,F:\xlw\bdd100k_final\images\100k\val\b2714f5d-5bc98e55.jpg,val,clear,night,night
b2715214-13e3dd85.jpg,F:\xlw\bdd100k_final\images\100k\val\b2715214-13e3dd85.jpg,val,clear,daytime,clear
b2715214-d38332ea.jpg,F:\xlw\bdd100k_final\images\100k\val\b2715214-d38332ea.jpg,val,clear,daytime,clear
b27369f3-9b9598f4.jpg,F:\xlw\bdd100k_final\images\100k\val\b27369f3-9b9598f4.jpg,val,clear,daytime,clear
b27369f3-dd3c0b46.jpg,F:\xlw\bdd100k_final\images\100k\val\b27369f3-dd3c0b46.jpg,val,clear,daytime,clear
b2743b5d-e2d585be.jpg,F:\xlw\bdd100k_final\images\100k\val\b2743b5d-e2d585be.jpg,val,clear,daytime,clear
b2752cd6-12ba5588.jpg,F:\xlw\bdd100k_final\images\100k\val\b2752cd6-12ba5588.jpg,val,clear,night,night
b275c028-6a0665cb.jpg,F:\xlw\bdd100k_final\images\100k\val\b275c028-6a0665cb.jpg,val,rainy,night,night
b27688b6-cd521517.jpg,F:\xlw\bdd100k_final\images\100k\val\b27688b6-cd521517.jpg,val,clear,daytime,clear
b277a772-08d8d7ad.jpg,F:\xlw\bdd100k_final\images\100k\val\b277a772-08d8d7ad.jpg,val,clear,night,night
b277a772-715e949c.jpg,F:\xlw\bdd100k_final\images\100k\val\b277a772-715e949c.jpg,val,clear,night,night
b277a772-848f75a9.jpg,F:\xlw\bdd100k_final\images\100k\val\b277a772-848f75a9.jpg,val,clear,night,night
b277a772-87c10d5c.jpg,F:\xlw\bdd100k_final\images\100k\val\b277a772-87c10d5c.jpg,val,clear,night,night
b2794401-ba7d3c05.jpg,F:\xlw\bdd100k_final\images\100k\val\b2794401-ba7d3c05.jpg,val,overcast,daytime,clear
b279bc06-b7bc42a9.jpg,F:\xlw\bdd100k_final\images\100k\val\b279bc06-b7bc42a9.jpg,val,overcast,daytime,clear
b27b0cd9-f184d9a3.jpg,F:\xlw\bdd100k_final\images\100k\val\b27b0cd9-f184d9a3.jpg,val,overcast,daytime,clear
b27cde22-56abd0e1.jpg,F:\xlw\bdd100k_final\images\100k\val\b27cde22-56abd0e1.jpg,val,snowy,daytime,snow
b27d5dcb-856c0b43.jpg,F:\xlw\bdd100k_final\images\100k\val\b27d5dcb-856c0b43.jpg,val,clear,daytime,clear
b27e8b69-c00092ae.jpg,F:\xlw\bdd100k_final\images\100k\val\b27e8b69-c00092ae.jpg,val,clear,daytime,clear
b27fdbad-ab895d86.jpg,F:\xlw\bdd100k_final\images\100k\val\b27fdbad-ab895d86.jpg,val,rainy,night,night
b27fdbad-ae939e31.jpg,F:\xlw\bdd100k_final\images\100k\val\b27fdbad-ae939e31.jpg,val,rainy,night,night
b280c9c1-4340305f.jpg,F:\xlw\bdd100k_final\images\100k\val\b280c9c1-4340305f.jpg,val,clear,daytime,clear
b2828509-133b042d.jpg,F:\xlw\bdd100k_final\images\100k\val\b2828509-133b042d.jpg,val,rainy,night,night
b2828509-682cd3b2.jpg,F:\xlw\bdd100k_final\images\100k\val\b2828509-682cd3b2.jpg,val,clear,night,night
b2828509-8e8fa55f.jpg,F:\xlw\bdd100k_final\images\100k\val\b2828509-8e8fa55f.jpg,val,clear,night,night
b285698b-ff1293ce.jpg,F:\xlw\bdd100k_final\images\100k\val\b285698b-ff1293ce.jpg,val,clear,night,night
b2860d72-0b43e851.jpg,F:\xlw\bdd100k_final\images\100k\val\b2860d72-0b43e851.jpg,val,clear,night,night
b28aac6c-9f1b99cb.jpg,F:\xlw\bdd100k_final\images\100k\val\b28aac6c-9f1b99cb.jpg,val,clear,night,night
b28cb5d3-2cf728ac.jpg,F:\xlw\bdd100k_final\images\100k\val\b28cb5d3-2cf728ac.jpg,val,partly cloudy,daytime,clear
b28cb5d3-9ff4ab4a.jpg,F:\xlw\bdd100k_final\images\100k\val\b28cb5d3-9ff4ab4a.jpg,val,clear,daytime,clear
b28cb5d3-c4758dfd.jpg,F:\xlw\bdd100k_final\images\100k\val\b28cb5d3-c4758dfd.jpg,val,clear,daytime,clear
b28cb5d3-f800ecd2.jpg,F:\xlw\bdd100k_final\images\100k\val\b28cb5d3-f800ecd2.jpg,val,undefined,night,night
b28cfc9b-224431ab.jpg,F:\xlw\bdd100k_final\images\100k\val\b28cfc9b-224431ab.jpg,val,overcast,daytime,clear
b28ec521-69495052.jpg,F:\xlw\bdd100k_final\images\100k\val\b28ec521-69495052.jpg,val,clear,night,night
b28ec521-8266e1a4.jpg,F:\xlw\bdd100k_final\images\100k\val\b28ec521-8266e1a4.jpg,val,clear,daytime,clear
b28ec521-834a964c.jpg,F:\xlw\bdd100k_final\images\100k\val\b28ec521-834a964c.jpg,val,clear,daytime,clear
b28ec521-898e11bd.jpg,F:\xlw\bdd100k_final\images\100k\val\b28ec521-898e11bd.jpg,val,clear,night,night
b28f288b-784f7606.jpg,F:\xlw\bdd100k_final\images\100k\val\b28f288b-784f7606.jpg,val,clear,daytime,clear
b28fc734-5add25db.jpg,F:\xlw\bdd100k_final\images\100k\val\b28fc734-5add25db.jpg,val,clear,night,night
b29026f0-d5a5ee8c.jpg,F:\xlw\bdd100k_final\images\100k\val\b29026f0-d5a5ee8c.jpg,val,rainy,daytime,rain
b291cfd6-ff98ba56.jpg,F:\xlw\bdd100k_final\images\100k\val\b291cfd6-ff98ba56.jpg,val,overcast,daytime,clear
b29273b2-339a1500.jpg,F:\xlw\bdd100k_final\images\100k\val\b29273b2-339a1500.jpg,val,snowy,daytime,snow
b2932832-a2c8f6ef.jpg,F:\xlw\bdd100k_final\images\100k\val\b2932832-a2c8f6ef.jpg,val,clear,daytime,clear
b2933acb-e890758f.jpg,F:\xlw\bdd100k_final\images\100k\val\b2933acb-e890758f.jpg,val,clear,night,night
b29377e0-83e8340a.jpg,F:\xlw\bdd100k_final\images\100k\val\b29377e0-83e8340a.jpg,val,overcast,daytime,clear
b2939bf0-221e1dfb.jpg,F:\xlw\bdd100k_final\images\100k\val\b2939bf0-221e1dfb.jpg,val,rainy,night,night
b294386c-24ddd0c3.jpg,F:\xlw\bdd100k_final\images\100k\val\b294386c-24ddd0c3.jpg,val,clear,daytime,clear
b2965b06-88a1da19.jpg,F:\xlw\bdd100k_final\images\100k\val\b2965b06-88a1da19.jpg,val,clear,night,night
b29806ee-7194648d.jpg,F:\xlw\bdd100k_final\images\100k\val\b29806ee-7194648d.jpg,val,snowy,daytime,snow
b29806ee-ac06730f.jpg,F:\xlw\bdd100k_final\images\100k\val\b29806ee-ac06730f.jpg,val,snowy,daytime,snow
b29806ee-e89a39a6.jpg,F:\xlw\bdd100k_final\images\100k\val\b29806ee-e89a39a6.jpg,val,snowy,daytime,snow
b29c2372-b53a797c.jpg,F:\xlw\bdd100k_final\images\100k\val\b29c2372-b53a797c.jpg,val,rainy,daytime,rain
b29c5efd-754ba560.jpg,F:\xlw\bdd100k_final\images\100k\val\b29c5efd-754ba560.jpg,val,snowy,night,night
b29f09ea-911177ce.jpg,F:\xlw\bdd100k_final\images\100k\val\b29f09ea-911177ce.jpg,val,clear,night,night
b29f09ea-ecd5304b.jpg,F:\xlw\bdd100k_final\images\100k\val\b29f09ea-ecd5304b.jpg,val,clear,night,night
b29f9214-4846c10c.jpg,F:\xlw\bdd100k_final\images\100k\val\b29f9214-4846c10c.jpg,val,snowy,night,night
b2a0648b-d8e126bc.jpg,F:\xlw\bdd100k_final\images\100k\val\b2a0648b-d8e126bc.jpg,val,clear,night,night
b2a0dbe8-85f1894e.jpg,F:\xlw\bdd100k_final\images\100k\val\b2a0dbe8-85f1894e.jpg,val,clear,night,night
b2a1e013-638d6e4d.jpg,F:\xlw\bdd100k_final\images\100k\val\b2a1e013-638d6e4d.jpg,val,clear,daytime,clear
b2a1e172-a969db88.jpg,F:\xlw\bdd100k_final\images\100k\val\b2a1e172-a969db88.jpg,val,clear,night,night
b2a46c1e-87aac2ec.jpg,F:\xlw\bdd100k_final\images\100k\val\b2a46c1e-87aac2ec.jpg,val,snowy,daytime,snow
b2a4738f-1c4a1373.jpg,F:\xlw\bdd100k_final\images\100k\val\b2a4738f-1c4a1373.jpg,val,partly cloudy,daytime,clear
b2a4bc4d-6f7c1727.jpg,F:\xlw\bdd100k_final\images\100k\val\b2a4bc4d-6f7c1727.jpg,val,clear,night,night
b2a4bc4d-b251ccb1.jpg,F:\xlw\bdd100k_final\images\100k\val\b2a4bc4d-b251ccb1.jpg,val,clear,night,night
b2a60634-0817a6eb.jpg,F:\xlw\bdd100k_final\images\100k\val\b2a60634-0817a6eb.jpg,val,clear,night,night
b2a60634-40847419.jpg,F:\xlw\bdd100k_final\images\100k\val\b2a60634-40847419.jpg,val,clear,night,night
b2a60634-6e9f96fe.jpg,F:\xlw\bdd100k_final\images\100k\val\b2a60634-6e9f96fe.jpg,val,clear,night,night
b2a60634-ad36f179.jpg,F:\xlw\bdd100k_final\images\100k\val\b2a60634-ad36f179.jpg,val,clear,night,night
b2a8e8b4-a4e93829.jpg,F:\xlw\bdd100k_final\images\100k\val\b2a8e8b4-a4e93829.jpg,val,clear,daytime,clear
b2a99ee3-5abca703.jpg,F:\xlw\bdd100k_final\images\100k\val\b2a99ee3-5abca703.jpg,val,clear,daytime,clear
b2a9d547-f7f6fa92.jpg,F:\xlw\bdd100k_final\images\100k\val\b2a9d547-f7f6fa92.jpg,val,rainy,night,night
b2ae0446-f456c162.jpg,F:\xlw\bdd100k_final\images\100k\val\b2ae0446-f456c162.jpg,val,undefined,night,night
b2ae4fc5-3abd5802.jpg,F:\xlw\bdd100k_final\images\100k\val\b2ae4fc5-3abd5802.jpg,val,snowy,daytime,snow
b2ae4fc5-d1082ddf.jpg,F:\xlw\bdd100k_final\images\100k\val\b2ae4fc5-d1082ddf.jpg,val,snowy,daytime,snow
b2aefccb-24d289a9.jpg,F:\xlw\bdd100k_final\images\100k\val\b2aefccb-24d289a9.jpg,val,snowy,night,night
b2afce7f-0cb9967a.jpg,F:\xlw\bdd100k_final\images\100k\val\b2afce7f-0cb9967a.jpg,val,clear,daytime,clear
b2b03a01-a60e895f.jpg,F:\xlw\bdd100k_final\images\100k\val\b2b03a01-a60e895f.jpg,val,clear,daytime,clear
b2b2f563-ec318c61.jpg,F:\xlw\bdd100k_final\images\100k\val\b2b2f563-ec318c61.jpg,val,rainy,daytime,rain
b2b32394-e46669cb.jpg,F:\xlw\bdd100k_final\images\100k\val\b2b32394-e46669cb.jpg,val,overcast,daytime,clear
b2b70230-bad4ff6e.jpg,F:\xlw\bdd100k_final\images\100k\val\b2b70230-bad4ff6e.jpg,val,partly cloudy,daytime,clear
b2b70230-c43553a9.jpg,F:\xlw\bdd100k_final\images\100k\val\b2b70230-c43553a9.jpg,val,clear,daytime,clear
b2bc4efb-a184131d.jpg,F:\xlw\bdd100k_final\images\100k\val\b2bc4efb-a184131d.jpg,val,clear,daytime,clear
b2bceb54-0b1f3332.jpg,F:\xlw\bdd100k_final\images\100k\val\b2bceb54-0b1f3332.jpg,val,rainy,daytime,rain
b2bceb54-4d3cc92c.jpg,F:\xlw\bdd100k_final\images\100k\val\b2bceb54-4d3cc92c.jpg,val,rainy,daytime,rain
b2bdb7b6-3e75222e.jpg,F:\xlw\bdd100k_final\images\100k\val\b2bdb7b6-3e75222e.jpg,val,partly cloudy,daytime,clear
b2bdc7e5-b4ebc5bd.jpg,F:\xlw\bdd100k_final\images\100k\val\b2bdc7e5-b4ebc5bd.jpg,val,clear,night,night
b2bee3e1-915eb541.jpg,F:\xlw\bdd100k_final\images\100k\val\b2bee3e1-915eb541.jpg,val,overcast,daytime,clear
b2bf0e03-a07f0a81.jpg,F:\xlw\bdd100k_final\images\100k\val\b2bf0e03-a07f0a81.jpg,val,clear,night,night
b2bf0e03-a3921cd6.jpg,F:\xlw\bdd100k_final\images\100k\val\b2bf0e03-a3921cd6.jpg,val,clear,night,night
b2c0e5c1-9666ba7e.jpg,F:\xlw\bdd100k_final\images\100k\val\b2c0e5c1-9666ba7e.jpg,val,overcast,daytime,clear
b2c23864-810e4e1d.jpg,F:\xlw\bdd100k_final\images\100k\val\b2c23864-810e4e1d.jpg,val,overcast,daytime,clear
b2c5110e-09e459e9.jpg,F:\xlw\bdd100k_final\images\100k\val\b2c5110e-09e459e9.jpg,val,clear,night,night
b2c5110e-ef7e4997.jpg,F:\xlw\bdd100k_final\images\100k\val\b2c5110e-ef7e4997.jpg,val,clear,night,night
b2c7d048-fdd059eb.jpg,F:\xlw\bdd100k_final\images\100k\val\b2c7d048-fdd059eb.jpg,val,snowy,night,night
b2c7ebc4-731ea908.jpg,F:\xlw\bdd100k_final\images\100k\val\b2c7ebc4-731ea908.jpg,val,clear,night,night
b2c88d3b-1c1ad881.jpg,F:\xlw\bdd100k_final\images\100k\val\b2c88d3b-1c1ad881.jpg,val,clear,night,night
b2c9b221-d447dcc3.jpg,F:\xlw\bdd100k_final\images\100k\val\b2c9b221-d447dcc3.jpg,val,clear,night,night
b2cac490-b27b82da.jpg,F:\xlw\bdd100k_final\images\100k\val\b2cac490-b27b82da.jpg,val,clear,night,night
b2cbf6d8-732b47be.jpg,F:\xlw\bdd100k_final\images\100k\val\b2cbf6d8-732b47be.jpg,val,snowy,daytime,snow
b2cce432-e17e840e.jpg,F:\xlw\bdd100k_final\images\100k\val\b2cce432-e17e840e.jpg,val,overcast,daytime,clear
b2cd33bd-a5043d29.jpg,F:\xlw\bdd100k_final\images\100k\val\b2cd33bd-a5043d29.jpg,val,clear,daytime,clear
b2cda443-f7cb5ccf.jpg,F:\xlw\bdd100k_final\images\100k\val\b2cda443-f7cb5ccf.jpg,val,rainy,night,night
b2cf78ec-6043f571.jpg,F:\xlw\bdd100k_final\images\100k\val\b2cf78ec-6043f571.jpg,val,clear,night,night
b2d22b2f-8302eb61.jpg,F:\xlw\bdd100k_final\images\100k\val\b2d22b2f-8302eb61.jpg,val,snowy,daytime,snow
b2d22b2f-91d0af18.jpg,F:\xlw\bdd100k_final\images\100k\val\b2d22b2f-91d0af18.jpg,val,clear,daytime,clear
b2d3510a-659ae4de.jpg,F:\xlw\bdd100k_final\images\100k\val\b2d3510a-659ae4de.jpg,val,clear,night,night
b2d4c878-2267ca6d.jpg,F:\xlw\bdd100k_final\images\100k\val\b2d4c878-2267ca6d.jpg,val,clear,night,night
b2d502aa-64d3e228.jpg,F:\xlw\bdd100k_final\images\100k\val\b2d502aa-64d3e228.jpg,val,clear,night,night
b2d502aa-ef17ffbd.jpg,F:\xlw\bdd100k_final\images\100k\val\b2d502aa-ef17ffbd.jpg,val,clear,night,night
b2d502aa-f9141409.jpg,F:\xlw\bdd100k_final\images\100k\val\b2d502aa-f9141409.jpg,val,clear,night,night
b2d83b7b-9627ff87.jpg,F:\xlw\bdd100k_final\images\100k\val\b2d83b7b-9627ff87.jpg,val,rainy,daytime,rain
b2d8704e-66d10551.jpg,F:\xlw\bdd100k_final\images\100k\val\b2d8704e-66d10551.jpg,val,snowy,daytime,snow
b2d8704e-9e7dddd6.jpg,F:\xlw\bdd100k_final\images\100k\val\b2d8704e-9e7dddd6.jpg,val,snowy,daytime,snow
b2d9b817-9a617024.jpg,F:\xlw\bdd100k_final\images\100k\val\b2d9b817-9a617024.jpg,val,clear,night,night
b2daf29d-6198754f.jpg,F:\xlw\bdd100k_final\images\100k\val\b2daf29d-6198754f.jpg,val,overcast,daytime,clear
b2db41a2-721e0f4e.jpg,F:\xlw\bdd100k_final\images\100k\val\b2db41a2-721e0f4e.jpg,val,clear,daytime,clear
b2dbb793-305e0fc5.jpg,F:\xlw\bdd100k_final\images\100k\val\b2dbb793-305e0fc5.jpg,val,clear,night,night
b2dbb793-9f0b2bec.jpg,F:\xlw\bdd100k_final\images\100k\val\b2dbb793-9f0b2bec.jpg,val,clear,night,night
b2dc7ea5-4a031fdd.jpg,F:\xlw\bdd100k_final\images\100k\val\b2dc7ea5-4a031fdd.jpg,val,clear,night,night
b2ddae9c-9aafceae.jpg,F:\xlw\bdd100k_final\images\100k\val\b2ddae9c-9aafceae.jpg,val,rainy,daytime,rain
b2dde0d9-1303a9ef.jpg,F:\xlw\bdd100k_final\images\100k\val\b2dde0d9-1303a9ef.jpg,val,clear,night,night
b2de6f59-9f74dea1.jpg,F:\xlw\bdd100k_final\images\100k\val\b2de6f59-9f74dea1.jpg,val,snowy,daytime,snow
b2de938e-84eab379.jpg,F:\xlw\bdd100k_final\images\100k\val\b2de938e-84eab379.jpg,val,partly cloudy,daytime,clear
b2e2126b-0512426c.jpg,F:\xlw\bdd100k_final\images\100k\val\b2e2126b-0512426c.jpg,val,overcast,daytime,clear
b2e2b2be-4142962b.jpg,F:\xlw\bdd100k_final\images\100k\val\b2e2b2be-4142962b.jpg,val,clear,night,night
b2e2f4ed-6ba045d0.jpg,F:\xlw\bdd100k_final\images\100k\val\b2e2f4ed-6ba045d0.jpg,val,clear,night,night
b2e431b6-332c438d.jpg,F:\xlw\bdd100k_final\images\100k\val\b2e431b6-332c438d.jpg,val,clear,daytime,clear
b2e54795-0a58624f.jpg,F:\xlw\bdd100k_final\images\100k\val\b2e54795-0a58624f.jpg,val,snowy,daytime,snow
b2e54795-0dc285dd.jpg,F:\xlw\bdd100k_final\images\100k\val\b2e54795-0dc285dd.jpg,val,clear,daytime,clear
b2e54795-349f005b.jpg,F:\xlw\bdd100k_final\images\100k\val\b2e54795-349f005b.jpg,val,snowy,daytime,snow
b2e54795-601d2d78.jpg,F:\xlw\bdd100k_final\images\100k\val\b2e54795-601d2d78.jpg,val,clear,daytime,clear
b2e54795-6d4ef5f9.jpg,F:\xlw\bdd100k_final\images\100k\val\b2e54795-6d4ef5f9.jpg,val,snowy,daytime,snow
b2e54795-d8c2ba6d.jpg,F:\xlw\bdd100k_final\images\100k\val\b2e54795-d8c2ba6d.jpg,val,clear,daytime,clear
b2e54795-db1f3bad.jpg,F:\xlw\bdd100k_final\images\100k\val\b2e54795-db1f3bad.jpg,val,snowy,daytime,snow
b2e63097-51c16783.jpg,F:\xlw\bdd100k_final\images\100k\val\b2e63097-51c16783.jpg,val,clear,night,night
b2e96aa8-4d92cdf0.jpg,F:\xlw\bdd100k_final\images\100k\val\b2e96aa8-4d92cdf0.jpg,val,overcast,daytime,clear
b2ec68ce-d345784e.jpg,F:\xlw\bdd100k_final\images\100k\val\b2ec68ce-d345784e.jpg,val,clear,night,night
b2ed13f9-01b4dd4f.jpg,F:\xlw\bdd100k_final\images\100k\val\b2ed13f9-01b4dd4f.jpg,val,snowy,daytime,snow
b2edfbf5-544c4e6e.jpg,F:\xlw\bdd100k_final\images\100k\val\b2edfbf5-544c4e6e.jpg,val,overcast,daytime,clear
b2eed8fa-2694b15d.jpg,F:\xlw\bdd100k_final\images\100k\val\b2eed8fa-2694b15d.jpg,val,clear,night,night
b2eed8fa-cf59a253.jpg,F:\xlw\bdd100k_final\images\100k\val\b2eed8fa-cf59a253.jpg,val,clear,night,night
b2efc911-2ad925b4.jpg,F:\xlw\bdd100k_final\images\100k\val\b2efc911-2ad925b4.jpg,val,clear,night,night
b2f48fc3-0b8ff39a.jpg,F:\xlw\bdd100k_final\images\100k\val\b2f48fc3-0b8ff39a.jpg,val,snowy,daytime,snow
b2f48fc3-eda0e217.jpg,F:\xlw\bdd100k_final\images\100k\val\b2f48fc3-eda0e217.jpg,val,rainy,daytime,rain
b2f4a409-36a7d7c9.jpg,F:\xlw\bdd100k_final\images\100k\val\b2f4a409-36a7d7c9.jpg,val,clear,daytime,clear
b2f4a409-5ddff11a.jpg,F:\xlw\bdd100k_final\images\100k\val\b2f4a409-5ddff11a.jpg,val,clear,daytime,clear
b2f4a409-80dacf25.jpg,F:\xlw\bdd100k_final\images\100k\val\b2f4a409-80dacf25.jpg,val,clear,daytime,clear
b2f68bad-aa8f35d1.jpg,F:\xlw\bdd100k_final\images\100k\val\b2f68bad-aa8f35d1.jpg,val,clear,night,night
b2f6cc51-462c2887.jpg,F:\xlw\bdd100k_final\images\100k\val\b2f6cc51-462c2887.jpg,val,partly cloudy,daytime,clear
b2f9cc9e-809f5cae.jpg,F:\xlw\bdd100k_final\images\100k\val\b2f9cc9e-809f5cae.jpg,val,clear,daytime,clear
b2fbc1aa-b6180041.jpg,F:\xlw\bdd100k_final\images\100k\val\b2fbc1aa-b6180041.jpg,val,snowy,night,night
b2fbf86d-d5de82a4.jpg,F:\xlw\bdd100k_final\images\100k\val\b2fbf86d-d5de82a4.jpg,val,clear,daytime,clear
b2fc7cb5-1635d64b.jpg,F:\xlw\bdd100k_final\images\100k\val\b2fc7cb5-1635d64b.jpg,val,clear,night,night
b2fe5d69-f31d4c9b.jpg,F:\xlw\bdd100k_final\images\100k\val\b2fe5d69-f31d4c9b.jpg,val,clear,daytime,clear
b2fed216-2e5c452d.jpg,F:\xlw\bdd100k_final\images\100k\val\b2fed216-2e5c452d.jpg,val,overcast,daytime,clear
b2ff6aba-fa4ac7d7.jpg,F:\xlw\bdd100k_final\images\100k\val\b2ff6aba-fa4ac7d7.jpg,val,clear,night,night
b3048201-d86d9cd8.jpg,F:\xlw\bdd100k_final\images\100k\val\b3048201-d86d9cd8.jpg,val,clear,daytime,clear
b3060c96-d2391b61.jpg,F:\xlw\bdd100k_final\images\100k\val\b3060c96-d2391b61.jpg,val,overcast,daytime,clear
b3064012-5a01e51a.jpg,F:\xlw\bdd100k_final\images\100k\val\b3064012-5a01e51a.jpg,val,clear,daytime,clear
b306fb3f-178fca4e.jpg,F:\xlw\bdd100k_final\images\100k\val\b306fb3f-178fca4e.jpg,val,clear,daytime,clear
b306fb3f-3118e8b6.jpg,F:\xlw\bdd100k_final\images\100k\val\b306fb3f-3118e8b6.jpg,val,partly cloudy,daytime,clear
b306fb3f-f02e46cc.jpg,F:\xlw\bdd100k_final\images\100k\val\b306fb3f-f02e46cc.jpg,val,clear,daytime,clear
b3079ec6-df7b2d92.jpg,F:\xlw\bdd100k_final\images\100k\val\b3079ec6-df7b2d92.jpg,val,clear,daytime,clear
b30af183-3029b316.jpg,F:\xlw\bdd100k_final\images\100k\val\b30af183-3029b316.jpg,val,clear,daytime,clear
b30af183-e9209104.jpg,F:\xlw\bdd100k_final\images\100k\val\b30af183-e9209104.jpg,val,clear,daytime,clear
b30b460d-0e26bd8a.jpg,F:\xlw\bdd100k_final\images\100k\val\b30b460d-0e26bd8a.jpg,val,clear,night,night
b30b460d-73d12a29.jpg,F:\xlw\bdd100k_final\images\100k\val\b30b460d-73d12a29.jpg,val,clear,night,night
b30b460d-7a788684.jpg,F:\xlw\bdd100k_final\images\100k\val\b30b460d-7a788684.jpg,val,clear,night,night
b30b460d-9829fd26.jpg,F:\xlw\bdd100k_final\images\100k\val\b30b460d-9829fd26.jpg,val,clear,daytime,clear
b30b460d-f081f92b.jpg,F:\xlw\bdd100k_final\images\100k\val\b30b460d-f081f92b.jpg,val,clear,night,night
b30ba07c-6692a0e3.jpg,F:\xlw\bdd100k_final\images\100k\val\b30ba07c-6692a0e3.jpg,val,clear,night,night
b310be3f-c5d5e18c.jpg,F:\xlw\bdd100k_final\images\100k\val\b310be3f-c5d5e18c.jpg,val,clear,night,night
b3110036-a32dc26e.jpg,F:\xlw\bdd100k_final\images\100k\val\b3110036-a32dc26e.jpg,val,clear,daytime,clear
b3121071-195ffbf7.jpg,F:\xlw\bdd100k_final\images\100k\val\b3121071-195ffbf7.jpg,val,snowy,night,night
b3121071-3dfa9124.jpg,F:\xlw\bdd100k_final\images\100k\val\b3121071-3dfa9124.jpg,val,clear,night,night
b3121071-581b2755.jpg,F:\xlw\bdd100k_final\images\100k\val\b3121071-581b2755.jpg,val,clear,daytime,clear
b3121071-6b1e5be7.jpg,F:\xlw\bdd100k_final\images\100k\val\b3121071-6b1e5be7.jpg,val,clear,daytime,clear
b3121071-afc8cca5.jpg,F:\xlw\bdd100k_final\images\100k\val\b3121071-afc8cca5.jpg,val,clear,night,night
b3121071-b9d7694a.jpg,F:\xlw\bdd100k_final\images\100k\val\b3121071-b9d7694a.jpg,val,clear,night,night
b3121071-c0fd88c4.jpg,F:\xlw\bdd100k_final\images\100k\val\b3121071-c0fd88c4.jpg,val,clear,daytime,clear
b3121071-cac49b3a.jpg,F:\xlw\bdd100k_final\images\100k\val\b3121071-cac49b3a.jpg,val,clear,daytime,clear
b312dcb5-3c956847.jpg,F:\xlw\bdd100k_final\images\100k\val\b312dcb5-3c956847.jpg,val,clear,night,night
b312dcb5-82c0d608.jpg,F:\xlw\bdd100k_final\images\100k\val\b312dcb5-82c0d608.jpg,val,clear,night,night
b312dcb5-ab4b0e08.jpg,F:\xlw\bdd100k_final\images\100k\val\b312dcb5-ab4b0e08.jpg,val,clear,night,night
b312dcb5-fbd7070b.jpg,F:\xlw\bdd100k_final\images\100k\val\b312dcb5-fbd7070b.jpg,val,clear,night,night
b313a4dc-217f1233.jpg,F:\xlw\bdd100k_final\images\100k\val\b313a4dc-217f1233.jpg,val,clear,night,night
b3154d05-86ce5ff2.jpg,F:\xlw\bdd100k_final\images\100k\val\b3154d05-86ce5ff2.jpg,val,clear,daytime,clear
b3154d05-8bc595ba.jpg,F:\xlw\bdd100k_final\images\100k\val\b3154d05-8bc595ba.jpg,val,clear,daytime,clear
b3158519-23c9c58d.jpg,F:\xlw\bdd100k_final\images\100k\val\b3158519-23c9c58d.jpg,val,clear,daytime,clear
b3158519-6afea489.jpg,F:\xlw\bdd100k_final\images\100k\val\b3158519-6afea489.jpg,val,clear,night,night
b3159650-1ba75f9b.jpg,F:\xlw\bdd100k_final\images\100k\val\b3159650-1ba75f9b.jpg,val,overcast,daytime,clear
b315fa95-4aa651f8.jpg,F:\xlw\bdd100k_final\images\100k\val\b315fa95-4aa651f8.jpg,val,clear,night,night
b319b67e-b43ffc33.jpg,F:\xlw\bdd100k_final\images\100k\val\b319b67e-b43ffc33.jpg,val,clear,daytime,clear
b31c98f7-a342fff6.jpg,F:\xlw\bdd100k_final\images\100k\val\b31c98f7-a342fff6.jpg,val,clear,daytime,clear
b321c6b6-ab603d42.jpg,F:\xlw\bdd100k_final\images\100k\val\b321c6b6-ab603d42.jpg,val,overcast,daytime,clear
b3223c85-fccaf29d.jpg,F:\xlw\bdd100k_final\images\100k\val\b3223c85-fccaf29d.jpg,val,overcast,daytime,clear
b322412a-58073611.jpg,F:\xlw\bdd100k_final\images\100k\val\b322412a-58073611.jpg,val,clear,daytime,clear
b322412a-b47af37f.jpg,F:\xlw\bdd100k_final\images\100k\val\b322412a-b47af37f.jpg,val,clear,daytime,clear
b325fe35-b59e4e91.jpg,F:\xlw\bdd100k_final\images\100k\val\b325fe35-b59e4e91.jpg,val,clear,daytime,clear
b32661a1-57c937fe.jpg,F:\xlw\bdd100k_final\images\100k\val\b32661a1-57c937fe.jpg,val,clear,night,night
b329fe7d-f06455d3.jpg,F:\xlw\bdd100k_final\images\100k\val\b329fe7d-f06455d3.jpg,val,clear,daytime,clear
b32a9f8b-2b3d9894.jpg,F:\xlw\bdd100k_final\images\100k\val\b32a9f8b-2b3d9894.jpg,val,clear,night,night
b32f48c8-410503d5.jpg,F:\xlw\bdd100k_final\images\100k\val\b32f48c8-410503d5.jpg,val,clear,night,night
b331b06b-83fd459b.jpg,F:\xlw\bdd100k_final\images\100k\val\b331b06b-83fd459b.jpg,val,clear,daytime,clear
b3321962-e23b25e3.jpg,F:\xlw\bdd100k_final\images\100k\val\b3321962-e23b25e3.jpg,val,partly cloudy,daytime,clear
b3329255-4a5988f8.jpg,F:\xlw\bdd100k_final\images\100k\val\b3329255-4a5988f8.jpg,val,clear,daytime,clear
b332df78-970364e2.jpg,F:\xlw\bdd100k_final\images\100k\val\b332df78-970364e2.jpg,val,clear,night,night
b332df78-d6c7dff7.jpg,F:\xlw\bdd100k_final\images\100k\val\b332df78-d6c7dff7.jpg,val,clear,night,night
b3339cd5-06f84bb3.jpg,F:\xlw\bdd100k_final\images\100k\val\b3339cd5-06f84bb3.jpg,val,clear,daytime,clear
b3343231-8fe3f2e2.jpg,F:\xlw\bdd100k_final\images\100k\val\b3343231-8fe3f2e2.jpg,val,partly cloudy,daytime,clear
b334b56d-1dd4b8ad.jpg,F:\xlw\bdd100k_final\images\100k\val\b334b56d-1dd4b8ad.jpg,val,clear,night,night
b334b56d-2ce33cd7.jpg,F:\xlw\bdd100k_final\images\100k\val\b334b56d-2ce33cd7.jpg,val,rainy,night,night
b334b56d-8296ef57.jpg,F:\xlw\bdd100k_final\images\100k\val\b334b56d-8296ef57.jpg,val,clear,night,night
b334b56d-b82e26b5.jpg,F:\xlw\bdd100k_final\images\100k\val\b334b56d-b82e26b5.jpg,val,rainy,night,night
b3363496-032f16bf.jpg,F:\xlw\bdd100k_final\images\100k\val\b3363496-032f16bf.jpg,val,clear,night,night
b3363496-9d8e32e7.jpg,F:\xlw\bdd100k_final\images\100k\val\b3363496-9d8e32e7.jpg,val,clear,night,night
b336bdb9-99780d3c.jpg,F:\xlw\bdd100k_final\images\100k\val\b336bdb9-99780d3c.jpg,val,overcast,daytime,clear
b336bdb9-ed5d2cc3.jpg,F:\xlw\bdd100k_final\images\100k\val\b336bdb9-ed5d2cc3.jpg,val,rainy,daytime,rain
b3378e5e-9b684546.jpg,F:\xlw\bdd100k_final\images\100k\val\b3378e5e-9b684546.jpg,val,undefined,night,night
b3378e5e-b7593301.jpg,F:\xlw\bdd100k_final\images\100k\val\b3378e5e-b7593301.jpg,val,clear,night,night
b3378e5e-e0df1ef5.jpg,F:\xlw\bdd100k_final\images\100k\val\b3378e5e-e0df1ef5.jpg,val,clear,night,night
b3386c15-1c922cea.jpg,F:\xlw\bdd100k_final\images\100k\val\b3386c15-1c922cea.jpg,val,snowy,daytime,snow
b338efff-595690ba.jpg,F:\xlw\bdd100k_final\images\100k\val\b338efff-595690ba.jpg,val,clear,night,night
b33a7e88-bc0eabcf.jpg,F:\xlw\bdd100k_final\images\100k\val\b33a7e88-bc0eabcf.jpg,val,partly cloudy,daytime,clear
b33ced12-423ec0dc.jpg,F:\xlw\bdd100k_final\images\100k\val\b33ced12-423ec0dc.jpg,val,clear,daytime,clear
b33ced12-5caa9205.jpg,F:\xlw\bdd100k_final\images\100k\val\b33ced12-5caa9205.jpg,val,clear,daytime,clear
b33ced12-c53391e6.jpg,F:\xlw\bdd100k_final\images\100k\val\b33ced12-c53391e6.jpg,val,clear,daytime,clear
b33ea6cb-3464fb13.jpg,F:\xlw\bdd100k_final\images\100k\val\b33ea6cb-3464fb13.jpg,val,clear,daytime,clear
b33ea6cb-ddf24803.jpg,F:\xlw\bdd100k_final\images\100k\val\b33ea6cb-ddf24803.jpg,val,clear,daytime,clear
b33ec9f6-61139b0d.jpg,F:\xlw\bdd100k_final\images\100k\val\b33ec9f6-61139b0d.jpg,val,clear,night,night
b3422c91-f0c36ed7.jpg,F:\xlw\bdd100k_final\images\100k\val\b3422c91-f0c36ed7.jpg,val,clear,night,night
b3432539-8f9fc466.jpg,F:\xlw\bdd100k_final\images\100k\val\b3432539-8f9fc466.jpg,val,overcast,daytime,clear
b3433dec-e7a93351.jpg,F:\xlw\bdd100k_final\images\100k\val\b3433dec-e7a93351.jpg,val,clear,night,night
b344266e-2e034c1e.jpg,F:\xlw\bdd100k_final\images\100k\val\b344266e-2e034c1e.jpg,val,clear,daytime,clear
b3450498-dbbb787e.jpg,F:\xlw\bdd100k_final\images\100k\val\b3450498-dbbb787e.jpg,val,overcast,daytime,clear
b3456910-cf5fb475.jpg,F:\xlw\bdd100k_final\images\100k\val\b3456910-cf5fb475.jpg,val,clear,daytime,clear
b3467777-44b644dd.jpg,F:\xlw\bdd100k_final\images\100k\val\b3467777-44b644dd.jpg,val,clear,night,night
b3479da9-2d5165c5.jpg,F:\xlw\bdd100k_final\images\100k\val\b3479da9-2d5165c5.jpg,val,overcast,daytime,clear
b3488ceb-84e6ade1.jpg,F:\xlw\bdd100k_final\images\100k\val\b3488ceb-84e6ade1.jpg,val,overcast,daytime,clear
b3497248-54bbe9be.jpg,F:\xlw\bdd100k_final\images\100k\val\b3497248-54bbe9be.jpg,val,overcast,daytime,clear
b34b1b88-0f326921.jpg,F:\xlw\bdd100k_final\images\100k\val\b34b1b88-0f326921.jpg,val,clear,night,night
b34b1b88-5bfe3b85.jpg,F:\xlw\bdd100k_final\images\100k\val\b34b1b88-5bfe3b85.jpg,val,clear,night,night
b34e373f-fb594a99.jpg,F:\xlw\bdd100k_final\images\100k\val\b34e373f-fb594a99.jpg,val,clear,night,night
b350afdd-9c872c22.jpg,F:\xlw\bdd100k_final\images\100k\val\b350afdd-9c872c22.jpg,val,clear,night,night
b352b7f5-276129f2.jpg,F:\xlw\bdd100k_final\images\100k\val\b352b7f5-276129f2.jpg,val,clear,night,night
b352b7f5-c17c1c72.jpg,F:\xlw\bdd100k_final\images\100k\val\b352b7f5-c17c1c72.jpg,val,clear,night,night
b355880f-9131b077.jpg,F:\xlw\bdd100k_final\images\100k\val\b355880f-9131b077.jpg,val,overcast,daytime,clear
b3560f77-2bb7f40d.jpg,F:\xlw\bdd100k_final\images\100k\val\b3560f77-2bb7f40d.jpg,val,clear,night,night
b3563bcf-1962e18d.jpg,F:\xlw\bdd100k_final\images\100k\val\b3563bcf-1962e18d.jpg,val,clear,daytime,clear
b3566b0e-f8e7b731.jpg,F:\xlw\bdd100k_final\images\100k\val\b3566b0e-f8e7b731.jpg,val,snowy,daytime,snow
b3599e04-174421e4.jpg,F:\xlw\bdd100k_final\images\100k\val\b3599e04-174421e4.jpg,val,clear,night,night
b3599e04-2aa7d131.jpg,F:\xlw\bdd100k_final\images\100k\val\b3599e04-2aa7d131.jpg,val,snowy,night,night
b3599e04-6f80b3b7.jpg,F:\xlw\bdd100k_final\images\100k\val\b3599e04-6f80b3b7.jpg,val,clear,night,night
b35a415a-02526f57.jpg,F:\xlw\bdd100k_final\images\100k\val\b35a415a-02526f57.jpg,val,snowy,daytime,snow
b35c1016-4e29ef43.jpg,F:\xlw\bdd100k_final\images\100k\val\b35c1016-4e29ef43.jpg,val,rainy,daytime,rain
b35c1016-5a7c77ee.jpg,F:\xlw\bdd100k_final\images\100k\val\b35c1016-5a7c77ee.jpg,val,rainy,daytime,rain
b35c8e3d-439b1b23.jpg,F:\xlw\bdd100k_final\images\100k\val\b35c8e3d-439b1b23.jpg,val,clear,night,night
b35c8e3d-bc2c104b.jpg,F:\xlw\bdd100k_final\images\100k\val\b35c8e3d-bc2c104b.jpg,val,clear,night,night
b35c8e3d-f985138a.jpg,F:\xlw\bdd100k_final\images\100k\val\b35c8e3d-f985138a.jpg,val,clear,night,night
b35cfd7c-2d625033.jpg,F:\xlw\bdd100k_final\images\100k\val\b35cfd7c-2d625033.jpg,val,clear,night,night
b35cfd7c-33d93645.jpg,F:\xlw\bdd100k_final\images\100k\val\b35cfd7c-33d93645.jpg,val,clear,night,night
b35dac08-031e3f6f.jpg,F:\xlw\bdd100k_final\images\100k\val\b35dac08-031e3f6f.jpg,val,clear,daytime,clear
b35dac08-396cde53.jpg,F:\xlw\bdd100k_final\images\100k\val\b35dac08-396cde53.jpg,val,clear,daytime,clear
b35dac08-a80be8c5.jpg,F:\xlw\bdd100k_final\images\100k\val\b35dac08-a80be8c5.jpg,val,clear,daytime,clear
b35f4a74-bd3dd74f.jpg,F:\xlw\bdd100k_final\images\100k\val\b35f4a74-bd3dd74f.jpg,val,overcast,daytime,clear
b362130a-d4f3a32a.jpg,F:\xlw\bdd100k_final\images\100k\val\b362130a-d4f3a32a.jpg,val,clear,night,night
b364b881-5dd3ec28.jpg,F:\xlw\bdd100k_final\images\100k\val\b364b881-5dd3ec28.jpg,val,clear,night,night
b366921d-956d220b.jpg,F:\xlw\bdd100k_final\images\100k\val\b366921d-956d220b.jpg,val,clear,night,night
b36710b9-7f5e88a3.jpg,F:\xlw\bdd100k_final\images\100k\val\b36710b9-7f5e88a3.jpg,val,snowy,daytime,snow
b3674f80-8070d692.jpg,F:\xlw\bdd100k_final\images\100k\val\b3674f80-8070d692.jpg,val,overcast,daytime,clear
b3683422-cce330a8.jpg,F:\xlw\bdd100k_final\images\100k\val\b3683422-cce330a8.jpg,val,clear,night,night
b368ee71-aba6eeef.jpg,F:\xlw\bdd100k_final\images\100k\val\b368ee71-aba6eeef.jpg,val,clear,daytime,clear
b36a5c73-437be32a.jpg,F:\xlw\bdd100k_final\images\100k\val\b36a5c73-437be32a.jpg,val,snowy,daytime,snow
b36a5c73-64eacfbf.jpg,F:\xlw\bdd100k_final\images\100k\val\b36a5c73-64eacfbf.jpg,val,snowy,daytime,snow
b36a5c73-7985c3ec.jpg,F:\xlw\bdd100k_final\images\100k\val\b36a5c73-7985c3ec.jpg,val,snowy,daytime,snow
b36d14ea-eed9255b.jpg,F:\xlw\bdd100k_final\images\100k\val\b36d14ea-eed9255b.jpg,val,snowy,daytime,snow
b36de7af-08e5967a.jpg,F:\xlw\bdd100k_final\images\100k\val\b36de7af-08e5967a.jpg,val,clear,daytime,clear
b36de7af-887696f9.jpg,F:\xlw\bdd100k_final\images\100k\val\b36de7af-887696f9.jpg,val,clear,daytime,clear
b36de7af-ca137216.jpg,F:\xlw\bdd100k_final\images\100k\val\b36de7af-ca137216.jpg,val,clear,daytime,clear
b36e0178-0f46bca5.jpg,F:\xlw\bdd100k_final\images\100k\val\b36e0178-0f46bca5.jpg,val,clear,night,night
b36e0178-2037ca44.jpg,F:\xlw\bdd100k_final\images\100k\val\b36e0178-2037ca44.jpg,val,clear,night,night
b3709948-6e8ef33d.jpg,F:\xlw\bdd100k_final\images\100k\val\b3709948-6e8ef33d.jpg,val,clear,night,night
b371451e-7caf934b.jpg,F:\xlw\bdd100k_final\images\100k\val\b371451e-7caf934b.jpg,val,overcast,daytime,clear
b37385bd-9d5b76d4.jpg,F:\xlw\bdd100k_final\images\100k\val\b37385bd-9d5b76d4.jpg,val,rainy,daytime,rain
b37693d0-cd9bdf88.jpg,F:\xlw\bdd100k_final\images\100k\val\b37693d0-cd9bdf88.jpg,val,partly cloudy,daytime,clear
b376c5c2-07a93591.jpg,F:\xlw\bdd100k_final\images\100k\val\b376c5c2-07a93591.jpg,val,rainy,daytime,rain
b3770858-ea33d0dc.jpg,F:\xlw\bdd100k_final\images\100k\val\b3770858-ea33d0dc.jpg,val,clear,night,night
b3770858-fa8c241b.jpg,F:\xlw\bdd100k_final\images\100k\val\b3770858-fa8c241b.jpg,val,clear,night,night
b37b0528-92d07297.jpg,F:\xlw\bdd100k_final\images\100k\val\b37b0528-92d07297.jpg,val,clear,daytime,clear
b37c1ca4-561ffad3.jpg,F:\xlw\bdd100k_final\images\100k\val\b37c1ca4-561ffad3.jpg,val,overcast,daytime,clear
b37c2955-5f0aef70.jpg,F:\xlw\bdd100k_final\images\100k\val\b37c2955-5f0aef70.jpg,val,clear,night,night
b37c2955-66532a77.jpg,F:\xlw\bdd100k_final\images\100k\val\b37c2955-66532a77.jpg,val,clear,night,night
b37c5be2-b9164b91.jpg,F:\xlw\bdd100k_final\images\100k\val\b37c5be2-b9164b91.jpg,val,snowy,daytime,snow
b37c86c4-53f2f54c.jpg,F:\xlw\bdd100k_final\images\100k\val\b37c86c4-53f2f54c.jpg,val,overcast,daytime,clear
b37d75bd-e971140f.jpg,F:\xlw\bdd100k_final\images\100k\val\b37d75bd-e971140f.jpg,val,overcast,daytime,clear
b37dfad0-708bd5bb.jpg,F:\xlw\bdd100k_final\images\100k\val\b37dfad0-708bd5bb.jpg,val,clear,daytime,clear
b37f2b89-44772e64.jpg,F:\xlw\bdd100k_final\images\100k\val\b37f2b89-44772e64.jpg,val,overcast,daytime,clear
b37fcc2f-fa9beaf4.jpg,F:\xlw\bdd100k_final\images\100k\val\b37fcc2f-fa9beaf4.jpg,val,overcast,daytime,clear
b380ae2f-afd868dc.jpg,F:\xlw\bdd100k_final\images\100k\val\b380ae2f-afd868dc.jpg,val,snowy,daytime,snow
b3810b68-42b78db3.jpg,F:\xlw\bdd100k_final\images\100k\val\b3810b68-42b78db3.jpg,val,clear,night,night
b3823cab-48611ba2.jpg,F:\xlw\bdd100k_final\images\100k\val\b3823cab-48611ba2.jpg,val,clear,night,night
b3823cab-b88da702.jpg,F:\xlw\bdd100k_final\images\100k\val\b3823cab-b88da702.jpg,val,clear,night,night
b3826400-c03b5432.jpg,F:\xlw\bdd100k_final\images\100k\val\b3826400-c03b5432.jpg,val,clear,daytime,clear
b3826fd8-774c2e0a.jpg,F:\xlw\bdd100k_final\images\100k\val\b3826fd8-774c2e0a.jpg,val,clear,daytime,clear
b3841888-101ea0f3.jpg,F:\xlw\bdd100k_final\images\100k\val\b3841888-101ea0f3.jpg,val,clear,night,night
b385ecb1-7f38178b.jpg,F:\xlw\bdd100k_final\images\100k\val\b385ecb1-7f38178b.jpg,val,clear,night,night
b3865788-92f46f80.jpg,F:\xlw\bdd100k_final\images\100k\val\b3865788-92f46f80.jpg,val,partly cloudy,daytime,clear
b3875c8d-cc4081eb.jpg,F:\xlw\bdd100k_final\images\100k\val\b3875c8d-cc4081eb.jpg,val,clear,daytime,clear
b388f9b2-55dbd56a.jpg,F:\xlw\bdd100k_final\images\100k\val\b388f9b2-55dbd56a.jpg,val,clear,night,night
b388f9b2-a91718d0.jpg,F:\xlw\bdd100k_final\images\100k\val\b388f9b2-a91718d0.jpg,val,clear,night,night
b3899bec-df46f67b.jpg,F:\xlw\bdd100k_final\images\100k\val\b3899bec-df46f67b.jpg,val,clear,daytime,clear
b38b2b6a-77f9d5e5.jpg,F:\xlw\bdd100k_final\images\100k\val\b38b2b6a-77f9d5e5.jpg,val,clear,daytime,clear
b38b2b6a-cb374ce8.jpg,F:\xlw\bdd100k_final\images\100k\val\b38b2b6a-cb374ce8.jpg,val,rainy,daytime,rain
b38b4f98-0e8820b0.jpg,F:\xlw\bdd100k_final\images\100k\val\b38b4f98-0e8820b0.jpg,val,clear,night,night
b38e631d-e2d95e18.jpg,F:\xlw\bdd100k_final\images\100k\val\b38e631d-e2d95e18.jpg,val,clear,night,night
b38f59d4-58f1cff8.jpg,F:\xlw\bdd100k_final\images\100k\val\b38f59d4-58f1cff8.jpg,val,clear,daytime,clear
b38f59d4-8dfeca9f.jpg,F:\xlw\bdd100k_final\images\100k\val\b38f59d4-8dfeca9f.jpg,val,clear,daytime,clear
b38fb69e-99642683.jpg,F:\xlw\bdd100k_final\images\100k\val\b38fb69e-99642683.jpg,val,clear,night,night
b3933f83-a32ef4fd.jpg,F:\xlw\bdd100k_final\images\100k\val\b3933f83-a32ef4fd.jpg,val,rainy,daytime,rain
b39519c6-7f66da0f.jpg,F:\xlw\bdd100k_final\images\100k\val\b39519c6-7f66da0f.jpg,val,clear,night,night
b39519c6-b3787b96.jpg,F:\xlw\bdd100k_final\images\100k\val\b39519c6-b3787b96.jpg,val,clear,night,night
b39572b6-ad240c2b.jpg,F:\xlw\bdd100k_final\images\100k\val\b39572b6-ad240c2b.jpg,val,overcast,daytime,clear
b3967d1b-0088ba4e.jpg,F:\xlw\bdd100k_final\images\100k\val\b3967d1b-0088ba4e.jpg,val,overcast,daytime,clear
b3969458-13fa5e0e.jpg,F:\xlw\bdd100k_final\images\100k\val\b3969458-13fa5e0e.jpg,val,clear,night,night
b3969458-7c67d658.jpg,F:\xlw\bdd100k_final\images\100k\val\b3969458-7c67d658.jpg,val,clear,night,night
b396946b-d29f75f9.jpg,F:\xlw\bdd100k_final\images\100k\val\b396946b-d29f75f9.jpg,val,clear,daytime,clear
b396e413-6c8191b9.jpg,F:\xlw\bdd100k_final\images\100k\val\b396e413-6c8191b9.jpg,val,clear,night,night
b398327e-08f3a1f2.jpg,F:\xlw\bdd100k_final\images\100k\val\b398327e-08f3a1f2.jpg,val,clear,daytime,clear
b398327e-3d2a2683.jpg,F:\xlw\bdd100k_final\images\100k\val\b398327e-3d2a2683.jpg,val,clear,daytime,clear
b398327e-f873cb8b.jpg,F:\xlw\bdd100k_final\images\100k\val\b398327e-f873cb8b.jpg,val,clear,daytime,clear
b398a52e-5d44ea66.jpg,F:\xlw\bdd100k_final\images\100k\val\b398a52e-5d44ea66.jpg,val,clear,night,night
b398e0fb-257cf424.jpg,F:\xlw\bdd100k_final\images\100k\val\b398e0fb-257cf424.jpg,val,overcast,daytime,clear
b3990772-45bf6ad7.jpg,F:\xlw\bdd100k_final\images\100k\val\b3990772-45bf6ad7.jpg,val,clear,night,night
b3990aa9-4fb64582.jpg,F:\xlw\bdd100k_final\images\100k\val\b3990aa9-4fb64582.jpg,val,clear,daytime,clear
b3990aa9-8adaa51a.jpg,F:\xlw\bdd100k_final\images\100k\val\b3990aa9-8adaa51a.jpg,val,clear,daytime,clear
b39e8c78-f02c29c6.jpg,F:\xlw\bdd100k_final\images\100k\val\b39e8c78-f02c29c6.jpg,val,rainy,daytime,rain
b39fe3cd-076e7ef7.jpg,F:\xlw\bdd100k_final\images\100k\val\b39fe3cd-076e7ef7.jpg,val,clear,night,night
b39fe3cd-12217985.jpg,F:\xlw\bdd100k_final\images\100k\val\b39fe3cd-12217985.jpg,val,clear,night,night
b39fe3cd-183566f9.jpg,F:\xlw\bdd100k_final\images\100k\val\b39fe3cd-183566f9.jpg,val,clear,night,night
b39fe3cd-1eb875fa.jpg,F:\xlw\bdd100k_final\images\100k\val\b39fe3cd-1eb875fa.jpg,val,clear,night,night
b39fe3cd-227ff7a8.jpg,F:\xlw\bdd100k_final\images\100k\val\b39fe3cd-227ff7a8.jpg,val,clear,night,night
b39fe3cd-29b2a728.jpg,F:\xlw\bdd100k_final\images\100k\val\b39fe3cd-29b2a728.jpg,val,clear,night,night
b39fe3cd-2a77c651.jpg,F:\xlw\bdd100k_final\images\100k\val\b39fe3cd-2a77c651.jpg,val,clear,night,night
b39fe3cd-2b89090a.jpg,F:\xlw\bdd100k_final\images\100k\val\b39fe3cd-2b89090a.jpg,val,clear,night,night
b39fe3cd-34b1611e.jpg,F:\xlw\bdd100k_final\images\100k\val\b39fe3cd-34b1611e.jpg,val,clear,night,night
b39fe3cd-398678c5.jpg,F:\xlw\bdd100k_final\images\100k\val\b39fe3cd-398678c5.jpg,val,snowy,night,night
b39fe3cd-553d15a3.jpg,F:\xlw\bdd100k_final\images\100k\val\b39fe3cd-553d15a3.jpg,val,clear,night,night
b39fe3cd-65f6ed9d.jpg,F:\xlw\bdd100k_final\images\100k\val\b39fe3cd-65f6ed9d.jpg,val,clear,night,night
b39fe3cd-d295442e.jpg,F:\xlw\bdd100k_final\images\100k\val\b39fe3cd-d295442e.jpg,val,clear,night,night
b39fe3cd-d5fb9508.jpg,F:\xlw\bdd100k_final\images\100k\val\b39fe3cd-d5fb9508.jpg,val,snowy,night,night
b39fe3cd-f0d534c0.jpg,F:\xlw\bdd100k_final\images\100k\val\b39fe3cd-f0d534c0.jpg,val,clear,night,night
b39ffdda-b9a4ad33.jpg,F:\xlw\bdd100k_final\images\100k\val\b39ffdda-b9a4ad33.jpg,val,overcast,daytime,clear
b39ffdda-eec0cc38.jpg,F:\xlw\bdd100k_final\images\100k\val\b39ffdda-eec0cc38.jpg,val,partly cloudy,daytime,clear
b3a087a4-9d116610.jpg,F:\xlw\bdd100k_final\images\100k\val\b3a087a4-9d116610.jpg,val,clear,night,night
b3a102ed-6ef54f5e.jpg,F:\xlw\bdd100k_final\images\100k\val\b3a102ed-6ef54f5e.jpg,val,clear,night,night
b3a1e72b-1f4b129d.jpg,F:\xlw\bdd100k_final\images\100k\val\b3a1e72b-1f4b129d.jpg,val,overcast,daytime,clear
b3a1e72b-f9a8ed50.jpg,F:\xlw\bdd100k_final\images\100k\val\b3a1e72b-f9a8ed50.jpg,val,clear,night,night
b3a238e3-de6b8b86.jpg,F:\xlw\bdd100k_final\images\100k\val\b3a238e3-de6b8b86.jpg,val,clear,daytime,clear
b3a238e3-ede6d45d.jpg,F:\xlw\bdd100k_final\images\100k\val\b3a238e3-ede6d45d.jpg,val,clear,daytime,clear
b3a3d166-3a6a258d.jpg,F:\xlw\bdd100k_final\images\100k\val\b3a3d166-3a6a258d.jpg,val,clear,daytime,clear
b3a4cbbb-73f71148.jpg,F:\xlw\bdd100k_final\images\100k\val\b3a4cbbb-73f71148.jpg,val,clear,night,night
b3a58c04-e89d17a2.jpg,F:\xlw\bdd100k_final\images\100k\val\b3a58c04-e89d17a2.jpg,val,partly cloudy,daytime,clear
b3a6f586-23d13c49.jpg,F:\xlw\bdd100k_final\images\100k\val\b3a6f586-23d13c49.jpg,val,clear,daytime,clear
b3a6f586-3ea7e1ad.jpg,F:\xlw\bdd100k_final\images\100k\val\b3a6f586-3ea7e1ad.jpg,val,overcast,daytime,clear
b3a72605-98b37492.jpg,F:\xlw\bdd100k_final\images\100k\val\b3a72605-98b37492.jpg,val,snowy,night,night
b3a76bd5-4e7a1ce2.jpg,F:\xlw\bdd100k_final\images\100k\val\b3a76bd5-4e7a1ce2.jpg,val,snowy,daytime,snow
b3a7b21a-48bcf2b8.jpg,F:\xlw\bdd100k_final\images\100k\val\b3a7b21a-48bcf2b8.jpg,val,snowy,daytime,snow
b3a84a0f-0fb529e1.jpg,F:\xlw\bdd100k_final\images\100k\val\b3a84a0f-0fb529e1.jpg,val,snowy,daytime,snow
b3a84a0f-61844c69.jpg,F:\xlw\bdd100k_final\images\100k\val\b3a84a0f-61844c69.jpg,val,snowy,daytime,snow
b3a87019-ba714074.jpg,F:\xlw\bdd100k_final\images\100k\val\b3a87019-ba714074.jpg,val,rainy,daytime,rain
b3a9281a-75473a1b.jpg,F:\xlw\bdd100k_final\images\100k\val\b3a9281a-75473a1b.jpg,val,clear,daytime,clear
b3a9281a-8b4f26f1.jpg,F:\xlw\bdd100k_final\images\100k\val\b3a9281a-8b4f26f1.jpg,val,clear,daytime,clear
b3a9281a-e8ba5d66.jpg,F:\xlw\bdd100k_final\images\100k\val\b3a9281a-e8ba5d66.jpg,val,clear,night,night
b3aacff1-967c15c1.jpg,F:\xlw\bdd100k_final\images\100k\val\b3aacff1-967c15c1.jpg,val,overcast,daytime,clear
b3acb0a1-f459ea19.jpg,F:\xlw\bdd100k_final\images\100k\val\b3acb0a1-f459ea19.jpg,val,clear,night,night
b3ae380d-76bac333.jpg,F:\xlw\bdd100k_final\images\100k\val\b3ae380d-76bac333.jpg,val,snowy,daytime,snow
b3ae7668-c78f47c8.jpg,F:\xlw\bdd100k_final\images\100k\val\b3ae7668-c78f47c8.jpg,val,clear,daytime,clear
b3b06694-627742e3.jpg,F:\xlw\bdd100k_final\images\100k\val\b3b06694-627742e3.jpg,val,clear,night,night
b3b0f7f7-c97288ca.jpg,F:\xlw\bdd100k_final\images\100k\val\b3b0f7f7-c97288ca.jpg,val,overcast,daytime,clear
b3b2ffbe-cd80cda8.jpg,F:\xlw\bdd100k_final\images\100k\val\b3b2ffbe-cd80cda8.jpg,val,overcast,daytime,clear
b3b44b49-3af119e3.jpg,F:\xlw\bdd100k_final\images\100k\val\b3b44b49-3af119e3.jpg,val,clear,daytime,clear
b3b44b49-7336e3ee.jpg,F:\xlw\bdd100k_final\images\100k\val\b3b44b49-7336e3ee.jpg,val,clear,daytime,clear
b3b64b42-403091d9.jpg,F:\xlw\bdd100k_final\images\100k\val\b3b64b42-403091d9.jpg,val,partly cloudy,daytime,clear
b3b64b42-dab3c506.jpg,F:\xlw\bdd100k_final\images\100k\val\b3b64b42-dab3c506.jpg,val,overcast,daytime,clear
b3b8fce6-c67646a7.jpg,F:\xlw\bdd100k_final\images\100k\val\b3b8fce6-c67646a7.jpg,val,partly cloudy,daytime,clear
b3b9ee6e-6d2617d1.jpg,F:\xlw\bdd100k_final\images\100k\val\b3b9ee6e-6d2617d1.jpg,val,clear,night,night
b3bbc110-3ef16a61.jpg,F:\xlw\bdd100k_final\images\100k\val\b3bbc110-3ef16a61.jpg,val,clear,daytime,clear
b3bc36c8-03cb07d2.jpg,F:\xlw\bdd100k_final\images\100k\val\b3bc36c8-03cb07d2.jpg,val,snowy,daytime,snow
b3be4113-1fb56ec4.jpg,F:\xlw\bdd100k_final\images\100k\val\b3be4113-1fb56ec4.jpg,val,clear,night,night
b3be4113-a7c6d89b.jpg,F:\xlw\bdd100k_final\images\100k\val\b3be4113-a7c6d89b.jpg,val,clear,night,night
b3c0357a-10fef986.jpg,F:\xlw\bdd100k_final\images\100k\val\b3c0357a-10fef986.jpg,val,clear,daytime,clear
b3c0460d-33d7256d.jpg,F:\xlw\bdd100k_final\images\100k\val\b3c0460d-33d7256d.jpg,val,clear,daytime,clear
b3c21bae-260d0b00.jpg,F:\xlw\bdd100k_final\images\100k\val\b3c21bae-260d0b00.jpg,val,overcast,night,night
b3c26aff-417063a0.jpg,F:\xlw\bdd100k_final\images\100k\val\b3c26aff-417063a0.jpg,val,clear,daytime,clear
b3c26aff-63a0d7d6.jpg,F:\xlw\bdd100k_final\images\100k\val\b3c26aff-63a0d7d6.jpg,val,clear,daytime,clear
b3c2f984-a6fb75a4.jpg,F:\xlw\bdd100k_final\images\100k\val\b3c2f984-a6fb75a4.jpg,val,clear,night,night
b3c39081-34b43a1c.jpg,F:\xlw\bdd100k_final\images\100k\val\b3c39081-34b43a1c.jpg,val,partly cloudy,daytime,clear
b3c3f8ef-8f40dc74.jpg,F:\xlw\bdd100k_final\images\100k\val\b3c3f8ef-8f40dc74.jpg,val,snowy,night,night
b3c4e98b-0c191966.jpg,F:\xlw\bdd100k_final\images\100k\val\b3c4e98b-0c191966.jpg,val,clear,night,night
b3c4e98b-2788a3e8.jpg,F:\xlw\bdd100k_final\images\100k\val\b3c4e98b-2788a3e8.jpg,val,clear,daytime,clear
b3c4e98b-8469f497.jpg,F:\xlw\bdd100k_final\images\100k\val\b3c4e98b-8469f497.jpg,val,clear,night,night
b3c4e98b-da58e181.jpg,F:\xlw\bdd100k_final\images\100k\val\b3c4e98b-da58e181.jpg,val,clear,night,night
b3c672a8-b7b886ae.jpg,F:\xlw\bdd100k_final\images\100k\val\b3c672a8-b7b886ae.jpg,val,clear,night,night
b3c939e3-61fb6427.jpg,F:\xlw\bdd100k_final\images\100k\val\b3c939e3-61fb6427.jpg,val,overcast,daytime,clear
b3c9eef1-dcb3d0e7.jpg,F:\xlw\bdd100k_final\images\100k\val\b3c9eef1-dcb3d0e7.jpg,val,overcast,daytime,clear
b3cc736f-03134262.jpg,F:\xlw\bdd100k_final\images\100k\val\b3cc736f-03134262.jpg,val,clear,night,night
b3cc736f-7a7794c0.jpg,F:\xlw\bdd100k_final\images\100k\val\b3cc736f-7a7794c0.jpg,val,clear,night,night
b3cc736f-b7a66149.jpg,F:\xlw\bdd100k_final\images\100k\val\b3cc736f-b7a66149.jpg,val,overcast,daytime,clear
b3cd4bfe-93377084.jpg,F:\xlw\bdd100k_final\images\100k\val\b3cd4bfe-93377084.jpg,val,clear,night,night
b3ce9f98-2b3d06d6.jpg,F:\xlw\bdd100k_final\images\100k\val\b3ce9f98-2b3d06d6.jpg,val,snowy,night,night
b3ce9f98-2dc52573.jpg,F:\xlw\bdd100k_final\images\100k\val\b3ce9f98-2dc52573.jpg,val,clear,night,night
b3ce9f98-97451163.jpg,F:\xlw\bdd100k_final\images\100k\val\b3ce9f98-97451163.jpg,val,clear,night,night
b3d0ccae-26380ab5.jpg,F:\xlw\bdd100k_final\images\100k\val\b3d0ccae-26380ab5.jpg,val,partly cloudy,daytime,clear
b3d0d68d-cc5961d6.jpg,F:\xlw\bdd100k_final\images\100k\val\b3d0d68d-cc5961d6.jpg,val,snowy,night,night
b3d264b3-fbaef5ac.jpg,F:\xlw\bdd100k_final\images\100k\val\b3d264b3-fbaef5ac.jpg,val,partly cloudy,daytime,clear
b3d46fca-a69e8189.jpg,F:\xlw\bdd100k_final\images\100k\val\b3d46fca-a69e8189.jpg,val,clear,night,night
b3d46fca-a8bd9b5c.jpg,F:\xlw\bdd100k_final\images\100k\val\b3d46fca-a8bd9b5c.jpg,val,clear,night,night
b3d46fca-dbf2af72.jpg,F:\xlw\bdd100k_final\images\100k\val\b3d46fca-dbf2af72.jpg,val,clear,night,night
b3d54db3-9ac260a3.jpg,F:\xlw\bdd100k_final\images\100k\val\b3d54db3-9ac260a3.jpg,val,clear,night,night
b3d67c06-57b140bf.jpg,F:\xlw\bdd100k_final\images\100k\val\b3d67c06-57b140bf.jpg,val,overcast,daytime,clear
b3d6c39a-0a14df0d.jpg,F:\xlw\bdd100k_final\images\100k\val\b3d6c39a-0a14df0d.jpg,val,overcast,daytime,clear
b3d6c39a-a396c692.jpg,F:\xlw\bdd100k_final\images\100k\val\b3d6c39a-a396c692.jpg,val,overcast,daytime,clear
b3da33d5-a64e7657.jpg,F:\xlw\bdd100k_final\images\100k\val\b3da33d5-a64e7657.jpg,val,clear,daytime,clear
b3db60f1-533170c9.jpg,F:\xlw\bdd100k_final\images\100k\val\b3db60f1-533170c9.jpg,val,snowy,night,night
b3dc64cd-37f9c22d.jpg,F:\xlw\bdd100k_final\images\100k\val\b3dc64cd-37f9c22d.jpg,val,clear,night,night
b3dc64cd-705e7567.jpg,F:\xlw\bdd100k_final\images\100k\val\b3dc64cd-705e7567.jpg,val,overcast,daytime,clear
b3dd5345-15bbf8ed.jpg,F:\xlw\bdd100k_final\images\100k\val\b3dd5345-15bbf8ed.jpg,val,rainy,night,night
b3dfa1f5-9f4eded2.jpg,F:\xlw\bdd100k_final\images\100k\val\b3dfa1f5-9f4eded2.jpg,val,snowy,daytime,snow
b3e0345b-20d013f8.jpg,F:\xlw\bdd100k_final\images\100k\val\b3e0345b-20d013f8.jpg,val,clear,daytime,clear
b3e0345b-ae566cbd.jpg,F:\xlw\bdd100k_final\images\100k\val\b3e0345b-ae566cbd.jpg,val,clear,daytime,clear
b3e08585-1fcf0877.jpg,F:\xlw\bdd100k_final\images\100k\val\b3e08585-1fcf0877.jpg,val,snowy,night,night
b3e08585-3f5e6565.jpg,F:\xlw\bdd100k_final\images\100k\val\b3e08585-3f5e6565.jpg,val,snowy,night,night
b3e08585-5cf240fb.jpg,F:\xlw\bdd100k_final\images\100k\val\b3e08585-5cf240fb.jpg,val,clear,night,night
b3e08585-cb03a2fb.jpg,F:\xlw\bdd100k_final\images\100k\val\b3e08585-cb03a2fb.jpg,val,snowy,night,night
b3e137e5-fe7ef981.jpg,F:\xlw\bdd100k_final\images\100k\val\b3e137e5-fe7ef981.jpg,val,clear,daytime,clear
b3e2086f-4db03957.jpg,F:\xlw\bdd100k_final\images\100k\val\b3e2086f-4db03957.jpg,val,partly cloudy,daytime,clear
b3e2086f-d41fbd4d.jpg,F:\xlw\bdd100k_final\images\100k\val\b3e2086f-d41fbd4d.jpg,val,partly cloudy,daytime,clear
b3e32b36-0ca66c00.jpg,F:\xlw\bdd100k_final\images\100k\val\b3e32b36-0ca66c00.jpg,val,overcast,daytime,clear
b3e51564-d2ac524c.jpg,F:\xlw\bdd100k_final\images\100k\val\b3e51564-d2ac524c.jpg,val,rainy,daytime,rain
b3e70fdd-e1df8660.jpg,F:\xlw\bdd100k_final\images\100k\val\b3e70fdd-e1df8660.jpg,val,clear,night,night
b3e72283-34ebe4f5.jpg,F:\xlw\bdd100k_final\images\100k\val\b3e72283-34ebe4f5.jpg,val,overcast,daytime,clear
b3e72283-584093dc.jpg,F:\xlw\bdd100k_final\images\100k\val\b3e72283-584093dc.jpg,val,overcast,daytime,clear
b3e72283-d1f9593d.jpg,F:\xlw\bdd100k_final\images\100k\val\b3e72283-d1f9593d.jpg,val,clear,night,night
b3e72283-d9fc39b0.jpg,F:\xlw\bdd100k_final\images\100k\val\b3e72283-d9fc39b0.jpg,val,rainy,night,night
b3e74777-122e3878.jpg,F:\xlw\bdd100k_final\images\100k\val\b3e74777-122e3878.jpg,val,clear,night,night
b3e7bfdb-0ce50151.jpg,F:\xlw\bdd100k_final\images\100k\val\b3e7bfdb-0ce50151.jpg,val,clear,night,night
b3e921ad-1fc43094.jpg,F:\xlw\bdd100k_final\images\100k\val\b3e921ad-1fc43094.jpg,val,rainy,night,night
b3ea5e17-c67b7a7a.jpg,F:\xlw\bdd100k_final\images\100k\val\b3ea5e17-c67b7a7a.jpg,val,clear,daytime,clear
b3ea802a-8830eb32.jpg,F:\xlw\bdd100k_final\images\100k\val\b3ea802a-8830eb32.jpg,val,overcast,daytime,clear
b3ea802a-c689de9a.jpg,F:\xlw\bdd100k_final\images\100k\val\b3ea802a-c689de9a.jpg,val,clear,daytime,clear
b3eede0e-f4585509.jpg,F:\xlw\bdd100k_final\images\100k\val\b3eede0e-f4585509.jpg,val,clear,night,night
b3ef316c-2906f850.jpg,F:\xlw\bdd100k_final\images\100k\val\b3ef316c-2906f850.jpg,val,rainy,daytime,rain
b3ef6557-e6709cd9.jpg,F:\xlw\bdd100k_final\images\100k\val\b3ef6557-e6709cd9.jpg,val,rainy,daytime,rain
b3f0cdab-6712e58f.jpg,F:\xlw\bdd100k_final\images\100k\val\b3f0cdab-6712e58f.jpg,val,clear,daytime,clear
b3f0cdab-d5954c9a.jpg,F:\xlw\bdd100k_final\images\100k\val\b3f0cdab-d5954c9a.jpg,val,clear,daytime,clear
b3f2fee7-1482dee6.jpg,F:\xlw\bdd100k_final\images\100k\val\b3f2fee7-1482dee6.jpg,val,clear,daytime,clear
b3f3c908-0ab1d376.jpg,F:\xlw\bdd100k_final\images\100k\val\b3f3c908-0ab1d376.jpg,val,clear,daytime,clear
b3f3c908-baffb699.jpg,F:\xlw\bdd100k_final\images\100k\val\b3f3c908-baffb699.jpg,val,clear,daytime,clear
b3f479a1-b85845b3.jpg,F:\xlw\bdd100k_final\images\100k\val\b3f479a1-b85845b3.jpg,val,overcast,night,night
b3f603f2-4a80d188.jpg,F:\xlw\bdd100k_final\images\100k\val\b3f603f2-4a80d188.jpg,val,clear,night,night
b3f7c502-d89499e0.jpg,F:\xlw\bdd100k_final\images\100k\val\b3f7c502-d89499e0.jpg,val,clear,night,night
b3fbc6ad-4ee78a0d.jpg,F:\xlw\bdd100k_final\images\100k\val\b3fbc6ad-4ee78a0d.jpg,val,clear,night,night
b3fbc6ad-746053d9.jpg,F:\xlw\bdd100k_final\images\100k\val\b3fbc6ad-746053d9.jpg,val,clear,daytime,clear
b401b6fa-a9a7f11d.jpg,F:\xlw\bdd100k_final\images\100k\val\b401b6fa-a9a7f11d.jpg,val,overcast,daytime,clear
b403b27c-37cac4b8.jpg,F:\xlw\bdd100k_final\images\100k\val\b403b27c-37cac4b8.jpg,val,rainy,daytime,rain
b40476bc-1397121a.jpg,F:\xlw\bdd100k_final\images\100k\val\b40476bc-1397121a.jpg,val,snowy,daytime,snow
b4065fc4-ede06556.jpg,F:\xlw\bdd100k_final\images\100k\val\b4065fc4-ede06556.jpg,val,clear,daytime,clear
b40669bb-19958f9a.jpg,F:\xlw\bdd100k_final\images\100k\val\b40669bb-19958f9a.jpg,val,undefined,night,night
b406dc5a-44d22755.jpg,F:\xlw\bdd100k_final\images\100k\val\b406dc5a-44d22755.jpg,val,snowy,daytime,snow
b406dc5a-7a946e61.jpg,F:\xlw\bdd100k_final\images\100k\val\b406dc5a-7a946e61.jpg,val,snowy,daytime,snow
b407aa58-02233e09.jpg,F:\xlw\bdd100k_final\images\100k\val\b407aa58-02233e09.jpg,val,clear,night,night
b409ed8a-da6926db.jpg,F:\xlw\bdd100k_final\images\100k\val\b409ed8a-da6926db.jpg,val,rainy,daytime,rain
b409ed8a-e7d46dce.jpg,F:\xlw\bdd100k_final\images\100k\val\b409ed8a-e7d46dce.jpg,val,overcast,daytime,clear
b40cd5b3-ebe11d7a.jpg,F:\xlw\bdd100k_final\images\100k\val\b40cd5b3-ebe11d7a.jpg,val,clear,night,night
b40ce2eb-ac2ffa01.jpg,F:\xlw\bdd100k_final\images\100k\val\b40ce2eb-ac2ffa01.jpg,val,clear,daytime,clear
b4110365-9ae12ee1.jpg,F:\xlw\bdd100k_final\images\100k\val\b4110365-9ae12ee1.jpg,val,clear,daytime,clear
b4115405-2f28f75a.jpg,F:\xlw\bdd100k_final\images\100k\val\b4115405-2f28f75a.jpg,val,clear,daytime,clear
b413b23f-7c897b06.jpg,F:\xlw\bdd100k_final\images\100k\val\b413b23f-7c897b06.jpg,val,clear,daytime,clear
b415973a-b39bd6de.jpg,F:\xlw\bdd100k_final\images\100k\val\b415973a-b39bd6de.jpg,val,rainy,daytime,rain
b4174c37-1f3b4b77.jpg,F:\xlw\bdd100k_final\images\100k\val\b4174c37-1f3b4b77.jpg,val,clear,night,night
b417ddcd-b1a6dfc8.jpg,F:\xlw\bdd100k_final\images\100k\val\b417ddcd-b1a6dfc8.jpg,val,snowy,daytime,snow
b41ace08-88fb022d.jpg,F:\xlw\bdd100k_final\images\100k\val\b41ace08-88fb022d.jpg,val,rainy,daytime,rain
b41ace08-8b937256.jpg,F:\xlw\bdd100k_final\images\100k\val\b41ace08-8b937256.jpg,val,overcast,daytime,clear
b41ace08-c8468690.jpg,F:\xlw\bdd100k_final\images\100k\val\b41ace08-c8468690.jpg,val,overcast,daytime,clear
b41b3454-e034bb74.jpg,F:\xlw\bdd100k_final\images\100k\val\b41b3454-e034bb74.jpg,val,overcast,daytime,clear
b41cc383-337e708b.jpg,F:\xlw\bdd100k_final\images\100k\val\b41cc383-337e708b.jpg,val,snowy,night,night
b41d0744-6cabc495.jpg,F:\xlw\bdd100k_final\images\100k\val\b41d0744-6cabc495.jpg,val,partly cloudy,daytime,clear
b41d35f8-6cf85033.jpg,F:\xlw\bdd100k_final\images\100k\val\b41d35f8-6cf85033.jpg,val,clear,daytime,clear
b41e6d87-872385f8.jpg,F:\xlw\bdd100k_final\images\100k\val\b41e6d87-872385f8.jpg,val,clear,night,night
b4201bd2-75c1998d.jpg,F:\xlw\bdd100k_final\images\100k\val\b4201bd2-75c1998d.jpg,val,rainy,daytime,rain
b422ec08-236606a0.jpg,F:\xlw\bdd100k_final\images\100k\val\b422ec08-236606a0.jpg,val,overcast,daytime,clear
b422ec08-d42660b6.jpg,F:\xlw\bdd100k_final\images\100k\val\b422ec08-d42660b6.jpg,val,overcast,daytime,clear
b4235ab3-6f3f972f.jpg,F:\xlw\bdd100k_final\images\100k\val\b4235ab3-6f3f972f.jpg,val,clear,night,night
b4235ab3-a1c929ae.jpg,F:\xlw\bdd100k_final\images\100k\val\b4235ab3-a1c929ae.jpg,val,clear,night,night
b4235ab3-b305d3e9.jpg,F:\xlw\bdd100k_final\images\100k\val\b4235ab3-b305d3e9.jpg,val,clear,night,night
b4253085-3de357a1.jpg,F:\xlw\bdd100k_final\images\100k\val\b4253085-3de357a1.jpg,val,rainy,night,night
b4253085-85838593.jpg,F:\xlw\bdd100k_final\images\100k\val\b4253085-85838593.jpg,val,clear,night,night
b4253085-9f907156.jpg,F:\xlw\bdd100k_final\images\100k\val\b4253085-9f907156.jpg,val,overcast,daytime,clear
b4253085-ce679d21.jpg,F:\xlw\bdd100k_final\images\100k\val\b4253085-ce679d21.jpg,val,clear,night,night
b4253085-d5fcbadc.jpg,F:\xlw\bdd100k_final\images\100k\val\b4253085-d5fcbadc.jpg,val,clear,night,night
b4253988-26b49c14.jpg,F:\xlw\bdd100k_final\images\100k\val\b4253988-26b49c14.jpg,val,clear,night,night
b4259d0f-137ad720.jpg,F:\xlw\bdd100k_final\images\100k\val\b4259d0f-137ad720.jpg,val,clear,night,night
b4259d0f-8b672078.jpg,F:\xlw\bdd100k_final\images\100k\val\b4259d0f-8b672078.jpg,val,partly cloudy,daytime,clear
b4259d0f-d93d7a19.jpg,F:\xlw\bdd100k_final\images\100k\val\b4259d0f-d93d7a19.jpg,val,clear,daytime,clear
b426ea12-4e58141a.jpg,F:\xlw\bdd100k_final\images\100k\val\b426ea12-4e58141a.jpg,val,clear,night,night
b4278d1f-dbd0295c.jpg,F:\xlw\bdd100k_final\images\100k\val\b4278d1f-dbd0295c.jpg,val,overcast,daytime,clear
b4284bbe-1905abe0.jpg,F:\xlw\bdd100k_final\images\100k\val\b4284bbe-1905abe0.jpg,val,clear,daytime,clear
b42acb4c-ac2e0180.jpg,F:\xlw\bdd100k_final\images\100k\val\b42acb4c-ac2e0180.jpg,val,clear,night,night
b42b0859-0e5601ac.jpg,F:\xlw\bdd100k_final\images\100k\val\b42b0859-0e5601ac.jpg,val,snowy,daytime,snow
b42cd355-1ce051b1.jpg,F:\xlw\bdd100k_final\images\100k\val\b42cd355-1ce051b1.jpg,val,partly cloudy,daytime,clear
b42df626-243bcce8.jpg,F:\xlw\bdd100k_final\images\100k\val\b42df626-243bcce8.jpg,val,clear,night,night
b42e1548-6b544378.jpg,F:\xlw\bdd100k_final\images\100k\val\b42e1548-6b544378.jpg,val,clear,night,night
b42fdaf1-0925c561.jpg,F:\xlw\bdd100k_final\images\100k\val\b42fdaf1-0925c561.jpg,val,overcast,daytime,clear
b4301c7b-735da0d0.jpg,F:\xlw\bdd100k_final\images\100k\val\b4301c7b-735da0d0.jpg,val,overcast,daytime,clear
b4301c7b-da5261f0.jpg,F:\xlw\bdd100k_final\images\100k\val\b4301c7b-da5261f0.jpg,val,overcast,daytime,clear
b433534e-ff3646aa.jpg,F:\xlw\bdd100k_final\images\100k\val\b433534e-ff3646aa.jpg,val,clear,daytime,clear
b4340944-5f7048d1.jpg,F:\xlw\bdd100k_final\images\100k\val\b4340944-5f7048d1.jpg,val,overcast,daytime,clear
b439c4fe-5064fe59.jpg,F:\xlw\bdd100k_final\images\100k\val\b439c4fe-5064fe59.jpg,val,clear,daytime,clear
b43bcc83-c97d569e.jpg,F:\xlw\bdd100k_final\images\100k\val\b43bcc83-c97d569e.jpg,val,partly cloudy,daytime,clear
b43de6e1-f20e4351.jpg,F:\xlw\bdd100k_final\images\100k\val\b43de6e1-f20e4351.jpg,val,clear,night,night
b43eb946-92f9152d.jpg,F:\xlw\bdd100k_final\images\100k\val\b43eb946-92f9152d.jpg,val,partly cloudy,daytime,clear
b43eb946-b8bc931c.jpg,F:\xlw\bdd100k_final\images\100k\val\b43eb946-b8bc931c.jpg,val,partly cloudy,daytime,clear
b43eb946-c0cad251.jpg,F:\xlw\bdd100k_final\images\100k\val\b43eb946-c0cad251.jpg,val,partly cloudy,daytime,clear
b442c34a-6fe5cbba.jpg,F:\xlw\bdd100k_final\images\100k\val\b442c34a-6fe5cbba.jpg,val,clear,daytime,clear
b4448a1d-e9c03bb5.jpg,F:\xlw\bdd100k_final\images\100k\val\b4448a1d-e9c03bb5.jpg,val,clear,daytime,clear
b446d26a-9717e68c.jpg,F:\xlw\bdd100k_final\images\100k\val\b446d26a-9717e68c.jpg,val,clear,night,night
b4475526-4a48bfe5.jpg,F:\xlw\bdd100k_final\images\100k\val\b4475526-4a48bfe5.jpg,val,overcast,daytime,clear
b4475e22-27ceb162.jpg,F:\xlw\bdd100k_final\images\100k\val\b4475e22-27ceb162.jpg,val,rainy,daytime,rain
b4478c66-0103c647.jpg,F:\xlw\bdd100k_final\images\100k\val\b4478c66-0103c647.jpg,val,clear,daytime,clear
b447a3cf-10656b18.jpg,F:\xlw\bdd100k_final\images\100k\val\b447a3cf-10656b18.jpg,val,rainy,night,night
b449af64-1cfd83f9.jpg,F:\xlw\bdd100k_final\images\100k\val\b449af64-1cfd83f9.jpg,val,partly cloudy,daytime,clear
b44a71bf-712b4538.jpg,F:\xlw\bdd100k_final\images\100k\val\b44a71bf-712b4538.jpg,val,partly cloudy,daytime,clear
b44a7e5f-1db66cfe.jpg,F:\xlw\bdd100k_final\images\100k\val\b44a7e5f-1db66cfe.jpg,val,rainy,night,night
b44a7e5f-30a49487.jpg,F:\xlw\bdd100k_final\images\100k\val\b44a7e5f-30a49487.jpg,val,rainy,night,night
b44a7e5f-37c27ba5.jpg,F:\xlw\bdd100k_final\images\100k\val\b44a7e5f-37c27ba5.jpg,val,rainy,night,night
b44a7e5f-89b66e95.jpg,F:\xlw\bdd100k_final\images\100k\val\b44a7e5f-89b66e95.jpg,val,rainy,night,night
b44bcbbe-e980e271.jpg,F:\xlw\bdd100k_final\images\100k\val\b44bcbbe-e980e271.jpg,val,clear,daytime,clear
b44cb319-fb4c4b4f.jpg,F:\xlw\bdd100k_final\images\100k\val\b44cb319-fb4c4b4f.jpg,val,clear,night,night
b44d57fb-e85243b2.jpg,F:\xlw\bdd100k_final\images\100k\val\b44d57fb-e85243b2.jpg,val,clear,night,night
b44ee0ec-a0786e4c.jpg,F:\xlw\bdd100k_final\images\100k\val\b44ee0ec-a0786e4c.jpg,val,clear,daytime,clear
b44f2475-c80a51b7.jpg,F:\xlw\bdd100k_final\images\100k\val\b44f2475-c80a51b7.jpg,val,snowy,daytime,snow
b44f7365-beb4d3e7.jpg,F:\xlw\bdd100k_final\images\100k\val\b44f7365-beb4d3e7.jpg,val,partly cloudy,daytime,clear
b44fd543-87f493ee.jpg,F:\xlw\bdd100k_final\images\100k\val\b44fd543-87f493ee.jpg,val,clear,night,night
b44fd543-a15ceadf.jpg,F:\xlw\bdd100k_final\images\100k\val\b44fd543-a15ceadf.jpg,val,clear,night,night
b451b495-bb458d47.jpg,F:\xlw\bdd100k_final\images\100k\val\b451b495-bb458d47.jpg,val,overcast,night,night
b454034b-d84dae74.jpg,F:\xlw\bdd100k_final\images\100k\val\b454034b-d84dae74.jpg,val,clear,night,night
b4542860-0b880bb4.jpg,F:\xlw\bdd100k_final\images\100k\val\b4542860-0b880bb4.jpg,val,clear,daytime,clear
b4542860-e818b412.jpg,F:\xlw\bdd100k_final\images\100k\val\b4542860-e818b412.jpg,val,clear,daytime,clear
b4543c78-696f5be4.jpg,F:\xlw\bdd100k_final\images\100k\val\b4543c78-696f5be4.jpg,val,overcast,daytime,clear
b4543c78-db967acc.jpg,F:\xlw\bdd100k_final\images\100k\val\b4543c78-db967acc.jpg,val,clear,daytime,clear
b4543c78-ee2e75f3.jpg,F:\xlw\bdd100k_final\images\100k\val\b4543c78-ee2e75f3.jpg,val,partly cloudy,daytime,clear
b4561bec-26a99096.jpg,F:\xlw\bdd100k_final\images\100k\val\b4561bec-26a99096.jpg,val,rainy,night,night
b4581cf1-fa4a5f32.jpg,F:\xlw\bdd100k_final\images\100k\val\b4581cf1-fa4a5f32.jpg,val,overcast,daytime,clear
b45928e6-f07ac4c9.jpg,F:\xlw\bdd100k_final\images\100k\val\b45928e6-f07ac4c9.jpg,val,overcast,daytime,clear
b4599acc-dd9c9177.jpg,F:\xlw\bdd100k_final\images\100k\val\b4599acc-dd9c9177.jpg,val,clear,night,night
b459e707-2d208c56.jpg,F:\xlw\bdd100k_final\images\100k\val\b459e707-2d208c56.jpg,val,clear,daytime,clear
b45a63ea-fb379a2d.jpg,F:\xlw\bdd100k_final\images\100k\val\b45a63ea-fb379a2d.jpg,val,clear,night,night
b45d3222-6a6544e2.jpg,F:\xlw\bdd100k_final\images\100k\val\b45d3222-6a6544e2.jpg,val,clear,night,night
b45ddf05-e4775ab6.jpg,F:\xlw\bdd100k_final\images\100k\val\b45ddf05-e4775ab6.jpg,val,clear,daytime,clear
b45f01c5-85bc12e8.jpg,F:\xlw\bdd100k_final\images\100k\val\b45f01c5-85bc12e8.jpg,val,rainy,daytime,rain
b45f2c17-2cae6d9f.jpg,F:\xlw\bdd100k_final\images\100k\val\b45f2c17-2cae6d9f.jpg,val,rainy,night,night
b45f2c17-e27031fb.jpg,F:\xlw\bdd100k_final\images\100k\val\b45f2c17-e27031fb.jpg,val,clear,night,night
b46009c2-72be5f8b.jpg,F:\xlw\bdd100k_final\images\100k\val\b46009c2-72be5f8b.jpg,val,clear,night,night
b46009c2-9334336d.jpg,F:\xlw\bdd100k_final\images\100k\val\b46009c2-9334336d.jpg,val,clear,night,night
b46009c2-f64f79ff.jpg,F:\xlw\bdd100k_final\images\100k\val\b46009c2-f64f79ff.jpg,val,clear,night,night
b46009c2-f92ccaa1.jpg,F:\xlw\bdd100k_final\images\100k\val\b46009c2-f92ccaa1.jpg,val,clear,night,night
b4607812-9259ade8.jpg,F:\xlw\bdd100k_final\images\100k\val\b4607812-9259ade8.jpg,val,clear,night,night
b4620633-1c10abdb.jpg,F:\xlw\bdd100k_final\images\100k\val\b4620633-1c10abdb.jpg,val,rainy,night,night
b4626a3d-9361e0fd.jpg,F:\xlw\bdd100k_final\images\100k\val\b4626a3d-9361e0fd.jpg,val,clear,night,night
b4632db3-9724d92c.jpg,F:\xlw\bdd100k_final\images\100k\val\b4632db3-9724d92c.jpg,val,rainy,daytime,rain
b46478b0-167fe009.jpg,F:\xlw\bdd100k_final\images\100k\val\b46478b0-167fe009.jpg,val,clear,daytime,clear
b46478b0-1eb55806.jpg,F:\xlw\bdd100k_final\images\100k\val\b46478b0-1eb55806.jpg,val,clear,daytime,clear
b464d209-9e91f389.jpg,F:\xlw\bdd100k_final\images\100k\val\b464d209-9e91f389.jpg,val,clear,night,night
b4654b11-c935938c.jpg,F:\xlw\bdd100k_final\images\100k\val\b4654b11-c935938c.jpg,val,clear,night,night
b4654b11-fc1af85a.jpg,F:\xlw\bdd100k_final\images\100k\val\b4654b11-fc1af85a.jpg,val,clear,night,night
b4672385-6ea18d27.jpg,F:\xlw\bdd100k_final\images\100k\val\b4672385-6ea18d27.jpg,val,overcast,daytime,clear
b46d2f57-82953e7a.jpg,F:\xlw\bdd100k_final\images\100k\val\b46d2f57-82953e7a.jpg,val,overcast,daytime,clear
b46ee89c-5d054327.jpg,F:\xlw\bdd100k_final\images\100k\val\b46ee89c-5d054327.jpg,val,clear,night,night
b46ee89c-76b16eec.jpg,F:\xlw\bdd100k_final\images\100k\val\b46ee89c-76b16eec.jpg,val,clear,night,night
b46efeed-4e09d4a1.jpg,F:\xlw\bdd100k_final\images\100k\val\b46efeed-4e09d4a1.jpg,val,clear,night,night
b46efeed-a398b08d.jpg,F:\xlw\bdd100k_final\images\100k\val\b46efeed-a398b08d.jpg,val,clear,night,night
b46efeed-d21567e0.jpg,F:\xlw\bdd100k_final\images\100k\val\b46efeed-d21567e0.jpg,val,clear,night,night
b470a84a-fcde9033.jpg,F:\xlw\bdd100k_final\images\100k\val\b470a84a-fcde9033.jpg,val,overcast,daytime,clear
b4712ebe-91e430b2.jpg,F:\xlw\bdd100k_final\images\100k\val\b4712ebe-91e430b2.jpg,val,overcast,daytime,clear
b4712ebe-9ecac024.jpg,F:\xlw\bdd100k_final\images\100k\val\b4712ebe-9ecac024.jpg,val,overcast,daytime,clear
b4715825-7c265849.jpg,F:\xlw\bdd100k_final\images\100k\val\b4715825-7c265849.jpg,val,rainy,night,night
b4715825-e1fbf174.jpg,F:\xlw\bdd100k_final\images\100k\val\b4715825-e1fbf174.jpg,val,rainy,night,night
b47262a4-3c664e48.jpg,F:\xlw\bdd100k_final\images\100k\val\b47262a4-3c664e48.jpg,val,clear,daytime,clear
b47262a4-aa7a5ad9.jpg,F:\xlw\bdd100k_final\images\100k\val\b47262a4-aa7a5ad9.jpg,val,clear,daytime,clear
b47262a4-b17e0871.jpg,F:\xlw\bdd100k_final\images\100k\val\b47262a4-b17e0871.jpg,val,clear,daytime,clear
b472aeb8-f6353af9.jpg,F:\xlw\bdd100k_final\images\100k\val\b472aeb8-f6353af9.jpg,val,clear,daytime,clear
b473c236-79848d60.jpg,F:\xlw\bdd100k_final\images\100k\val\b473c236-79848d60.jpg,val,rainy,night,night
b473c3c3-f52b760e.jpg,F:\xlw\bdd100k_final\images\100k\val\b473c3c3-f52b760e.jpg,val,clear,night,night
b477c2e7-6590a089.jpg,F:\xlw\bdd100k_final\images\100k\val\b477c2e7-6590a089.jpg,val,clear,daytime,clear
b478cdd5-9cf96449.jpg,F:\xlw\bdd100k_final\images\100k\val\b478cdd5-9cf96449.jpg,val,clear,night,night
b479f06d-2cc86910.jpg,F:\xlw\bdd100k_final\images\100k\val\b479f06d-2cc86910.jpg,val,snowy,night,night
b479f06d-83153737.jpg,F:\xlw\bdd100k_final\images\100k\val\b479f06d-83153737.jpg,val,snowy,daytime,snow
b47cbe8c-411ffa20.jpg,F:\xlw\bdd100k_final\images\100k\val\b47cbe8c-411ffa20.jpg,val,clear,night,night
b47cbe8c-f90cd4ec.jpg,F:\xlw\bdd100k_final\images\100k\val\b47cbe8c-f90cd4ec.jpg,val,clear,night,night
b47f85d4-6cc172b6.jpg,F:\xlw\bdd100k_final\images\100k\val\b47f85d4-6cc172b6.jpg,val,clear,daytime,clear
b47f85d4-c6562257.jpg,F:\xlw\bdd100k_final\images\100k\val\b47f85d4-c6562257.jpg,val,clear,daytime,clear
b48012c1-619fc3eb.jpg,F:\xlw\bdd100k_final\images\100k\val\b48012c1-619fc3eb.jpg,val,clear,daytime,clear
b48012c1-fbcf8e5c.jpg,F:\xlw\bdd100k_final\images\100k\val\b48012c1-fbcf8e5c.jpg,val,rainy,daytime,rain
b4823e33-8cabe78b.jpg,F:\xlw\bdd100k_final\images\100k\val\b4823e33-8cabe78b.jpg,val,snowy,daytime,snow
b483a180-56a9db7c.jpg,F:\xlw\bdd100k_final\images\100k\val\b483a180-56a9db7c.jpg,val,clear,daytime,clear
b484aa24-d70cf6e5.jpg,F:\xlw\bdd100k_final\images\100k\val\b484aa24-d70cf6e5.jpg,val,clear,night,night
b484aa6b-23bfffa8.jpg,F:\xlw\bdd100k_final\images\100k\val\b484aa6b-23bfffa8.jpg,val,clear,night,night
b4860efe-127bd880.jpg,F:\xlw\bdd100k_final\images\100k\val\b4860efe-127bd880.jpg,val,overcast,daytime,clear
b4860efe-c0a45030.jpg,F:\xlw\bdd100k_final\images\100k\val\b4860efe-c0a45030.jpg,val,rainy,daytime,rain
b4863201-63b08472.jpg,F:\xlw\bdd100k_final\images\100k\val\b4863201-63b08472.jpg,val,foggy,daytime,fog
b4863201-6521c146.jpg,F:\xlw\bdd100k_final\images\100k\val\b4863201-6521c146.jpg,val,rainy,daytime,rain
b486e8ba-a96e55e5.jpg,F:\xlw\bdd100k_final\images\100k\val\b486e8ba-a96e55e5.jpg,val,overcast,daytime,clear
b487a2fa-001bf8be.jpg,F:\xlw\bdd100k_final\images\100k\val\b487a2fa-001bf8be.jpg,val,overcast,daytime,clear
b4888487-83bb5db4.jpg,F:\xlw\bdd100k_final\images\100k\val\b4888487-83bb5db4.jpg,val,clear,night,night
b48a6dea-df402aaa.jpg,F:\xlw\bdd100k_final\images\100k\val\b48a6dea-df402aaa.jpg,val,clear,night,night
b48b4ae2-cd8800d8.jpg,F:\xlw\bdd100k_final\images\100k\val\b48b4ae2-cd8800d8.jpg,val,clear,night,night
b48c7b5f-0beee565.jpg,F:\xlw\bdd100k_final\images\100k\val\b48c7b5f-0beee565.jpg,val,clear,daytime,clear
b48c7b5f-49fec7f1.jpg,F:\xlw\bdd100k_final\images\100k\val\b48c7b5f-49fec7f1.jpg,val,clear,daytime,clear
b48c7b5f-76b4418e.jpg,F:\xlw\bdd100k_final\images\100k\val\b48c7b5f-76b4418e.jpg,val,clear,daytime,clear
b48c7b5f-800d31b4.jpg,F:\xlw\bdd100k_final\images\100k\val\b48c7b5f-800d31b4.jpg,val,clear,daytime,clear
b48c7b5f-ae58463a.jpg,F:\xlw\bdd100k_final\images\100k\val\b48c7b5f-ae58463a.jpg,val,clear,daytime,clear
b48c7b5f-cec3fed8.jpg,F:\xlw\bdd100k_final\images\100k\val\b48c7b5f-cec3fed8.jpg,val,clear,daytime,clear
b48c7b5f-d1d94eaf.jpg,F:\xlw\bdd100k_final\images\100k\val\b48c7b5f-d1d94eaf.jpg,val,clear,daytime,clear
b48ca7aa-40d54a99.jpg,F:\xlw\bdd100k_final\images\100k\val\b48ca7aa-40d54a99.jpg,val,clear,night,night
b48dd7b4-6462b6f7.jpg,F:\xlw\bdd100k_final\images\100k\val\b48dd7b4-6462b6f7.jpg,val,clear,night,night
b48dd7b4-950fc1b4.jpg,F:\xlw\bdd100k_final\images\100k\val\b48dd7b4-950fc1b4.jpg,val,clear,night,night
b48dd7b4-9cc0d29a.jpg,F:\xlw\bdd100k_final\images\100k\val\b48dd7b4-9cc0d29a.jpg,val,clear,night,night
b48eb8a9-6e9beea8.jpg,F:\xlw\bdd100k_final\images\100k\val\b48eb8a9-6e9beea8.jpg,val,partly cloudy,daytime,clear
b48ef806-82544a56.jpg,F:\xlw\bdd100k_final\images\100k\val\b48ef806-82544a56.jpg,val,rainy,daytime,rain
b48f3f71-eec18320.jpg,F:\xlw\bdd100k_final\images\100k\val\b48f3f71-eec18320.jpg,val,rainy,night,night
b48fabad-9ef198f0.jpg,F:\xlw\bdd100k_final\images\100k\val\b48fabad-9ef198f0.jpg,val,overcast,daytime,clear
b48fc70b-2ca6ed01.jpg,F:\xlw\bdd100k_final\images\100k\val\b48fc70b-2ca6ed01.jpg,val,overcast,daytime,clear
b48fc70b-34dc3139.jpg,F:\xlw\bdd100k_final\images\100k\val\b48fc70b-34dc3139.jpg,val,overcast,daytime,clear
b48fc70b-72a49533.jpg,F:\xlw\bdd100k_final\images\100k\val\b48fc70b-72a49533.jpg,val,clear,daytime,clear
b48fc70b-9d91e215.jpg,F:\xlw\bdd100k_final\images\100k\val\b48fc70b-9d91e215.jpg,val,overcast,daytime,clear
b48fc70b-b1a801f2.jpg,F:\xlw\bdd100k_final\images\100k\val\b48fc70b-b1a801f2.jpg,val,overcast,daytime,clear
b4901f32-1ede5a35.jpg,F:\xlw\bdd100k_final\images\100k\val\b4901f32-1ede5a35.jpg,val,rainy,daytime,rain
b4927f8e-fb16ed87.jpg,F:\xlw\bdd100k_final\images\100k\val\b4927f8e-fb16ed87.jpg,val,snowy,night,night
b4946e87-165efbb5.jpg,F:\xlw\bdd100k_final\images\100k\val\b4946e87-165efbb5.jpg,val,clear,night,night
b4946e87-e2fe2819.jpg,F:\xlw\bdd100k_final\images\100k\val\b4946e87-e2fe2819.jpg,val,clear,night,night
b4946e87-f31e29b1.jpg,F:\xlw\bdd100k_final\images\100k\val\b4946e87-f31e29b1.jpg,val,clear,night,night
b4946e87-fe31271f.jpg,F:\xlw\bdd100k_final\images\100k\val\b4946e87-fe31271f.jpg,val,clear,night,night
b495e3ab-90180a0e.jpg,F:\xlw\bdd100k_final\images\100k\val\b495e3ab-90180a0e.jpg,val,clear,daytime,clear
b49698d7-1999d598.jpg,F:\xlw\bdd100k_final\images\100k\val\b49698d7-1999d598.jpg,val,clear,daytime,clear
b4982ab8-780c40a0.jpg,F:\xlw\bdd100k_final\images\100k\val\b4982ab8-780c40a0.jpg,val,clear,night,night
b49944e9-57ac98be.jpg,F:\xlw\bdd100k_final\images\100k\val\b49944e9-57ac98be.jpg,val,clear,daytime,clear
b4998daa-2074f0c8.jpg,F:\xlw\bdd100k_final\images\100k\val\b4998daa-2074f0c8.jpg,val,clear,night,night
b499ff48-31afe322.jpg,F:\xlw\bdd100k_final\images\100k\val\b499ff48-31afe322.jpg,val,partly cloudy,daytime,clear
b49d6c0d-457e13b3.jpg,F:\xlw\bdd100k_final\images\100k\val\b49d6c0d-457e13b3.jpg,val,overcast,daytime,clear
b49f5a46-b38ad0c6.jpg,F:\xlw\bdd100k_final\images\100k\val\b49f5a46-b38ad0c6.jpg,val,overcast,daytime,clear
b4a08ee2-5cac9543.jpg,F:\xlw\bdd100k_final\images\100k\val\b4a08ee2-5cac9543.jpg,val,snowy,daytime,snow
b4a23106-f7270c1c.jpg,F:\xlw\bdd100k_final\images\100k\val\b4a23106-f7270c1c.jpg,val,clear,daytime,clear
b4a240e1-6e3cd8b8.jpg,F:\xlw\bdd100k_final\images\100k\val\b4a240e1-6e3cd8b8.jpg,val,clear,night,night
b4a2565f-3fc0ab61.jpg,F:\xlw\bdd100k_final\images\100k\val\b4a2565f-3fc0ab61.jpg,val,clear,daytime,clear
b4a2cbc5-fc978a94.jpg,F:\xlw\bdd100k_final\images\100k\val\b4a2cbc5-fc978a94.jpg,val,clear,night,night
b4a4d2a8-450f54f5.jpg,F:\xlw\bdd100k_final\images\100k\val\b4a4d2a8-450f54f5.jpg,val,clear,night,night
b4a63a7e-74155969.jpg,F:\xlw\bdd100k_final\images\100k\val\b4a63a7e-74155969.jpg,val,snowy,night,night
b4a8e0fd-7ca55075.jpg,F:\xlw\bdd100k_final\images\100k\val\b4a8e0fd-7ca55075.jpg,val,clear,daytime,clear
b4a8ec73-1c6196a0.jpg,F:\xlw\bdd100k_final\images\100k\val\b4a8ec73-1c6196a0.jpg,val,clear,daytime,clear
b4a8ec73-22166ba3.jpg,F:\xlw\bdd100k_final\images\100k\val\b4a8ec73-22166ba3.jpg,val,clear,daytime,clear
b4a8ec73-4a6c61c7.jpg,F:\xlw\bdd100k_final\images\100k\val\b4a8ec73-4a6c61c7.jpg,val,clear,daytime,clear
b4a8ec73-70456cee.jpg,F:\xlw\bdd100k_final\images\100k\val\b4a8ec73-70456cee.jpg,val,clear,daytime,clear
b4a8ec73-7e0ae9b4.jpg,F:\xlw\bdd100k_final\images\100k\val\b4a8ec73-7e0ae9b4.jpg,val,clear,daytime,clear
b4a8ec73-893c4da4.jpg,F:\xlw\bdd100k_final\images\100k\val\b4a8ec73-893c4da4.jpg,val,clear,daytime,clear
b4a99fcc-a81c5051.jpg,F:\xlw\bdd100k_final\images\100k\val\b4a99fcc-a81c5051.jpg,val,overcast,daytime,clear
b4a99fcc-cc3d571d.jpg,F:\xlw\bdd100k_final\images\100k\val\b4a99fcc-cc3d571d.jpg,val,clear,daytime,clear
b4a9b6ca-010d823b.jpg,F:\xlw\bdd100k_final\images\100k\val\b4a9b6ca-010d823b.jpg,val,clear,night,night
b4a9b6ca-b621ed11.jpg,F:\xlw\bdd100k_final\images\100k\val\b4a9b6ca-b621ed11.jpg,val,clear,night,night
b4aa2f44-023fb7df.jpg,F:\xlw\bdd100k_final\images\100k\val\b4aa2f44-023fb7df.jpg,val,clear,daytime,clear
b4aa2f44-0c91b13d.jpg,F:\xlw\bdd100k_final\images\100k\val\b4aa2f44-0c91b13d.jpg,val,clear,daytime,clear
b4aa7fc1-2c1fdd4c.jpg,F:\xlw\bdd100k_final\images\100k\val\b4aa7fc1-2c1fdd4c.jpg,val,overcast,daytime,clear
b4aabd48-612afbae.jpg,F:\xlw\bdd100k_final\images\100k\val\b4aabd48-612afbae.jpg,val,overcast,daytime,clear
b4ad4365-c1607665.jpg,F:\xlw\bdd100k_final\images\100k\val\b4ad4365-c1607665.jpg,val,clear,night,night
b4ad971b-6ca3cd79.jpg,F:\xlw\bdd100k_final\images\100k\val\b4ad971b-6ca3cd79.jpg,val,rainy,daytime,rain
b4ae70d9-a8099055.jpg,F:\xlw\bdd100k_final\images\100k\val\b4ae70d9-a8099055.jpg,val,partly cloudy,daytime,clear
b4aefa17-2444bcc7.jpg,F:\xlw\bdd100k_final\images\100k\val\b4aefa17-2444bcc7.jpg,val,overcast,daytime,clear
b4aefa17-93a7efac.jpg,F:\xlw\bdd100k_final\images\100k\val\b4aefa17-93a7efac.jpg,val,overcast,daytime,clear
b4b07c88-3e6d65a0.jpg,F:\xlw\bdd100k_final\images\100k\val\b4b07c88-3e6d65a0.jpg,val,clear,daytime,clear
b4b07c88-e71768f1.jpg,F:\xlw\bdd100k_final\images\100k\val\b4b07c88-e71768f1.jpg,val,clear,daytime,clear
b4b083a0-820bc2c4.jpg,F:\xlw\bdd100k_final\images\100k\val\b4b083a0-820bc2c4.jpg,val,clear,night,night
b4b09f5b-11633a17.jpg,F:\xlw\bdd100k_final\images\100k\val\b4b09f5b-11633a17.jpg,val,clear,night,night
b4b09f5b-c3870eca.jpg,F:\xlw\bdd100k_final\images\100k\val\b4b09f5b-c3870eca.jpg,val,clear,night,night
b4b15ff2-16c70581.jpg,F:\xlw\bdd100k_final\images\100k\val\b4b15ff2-16c70581.jpg,val,clear,daytime,clear
b4b1aa64-e3cbad0f.jpg,F:\xlw\bdd100k_final\images\100k\val\b4b1aa64-e3cbad0f.jpg,val,clear,daytime,clear
b4b2f8e1-18accb75.jpg,F:\xlw\bdd100k_final\images\100k\val\b4b2f8e1-18accb75.jpg,val,snowy,night,night
b4b2f8e1-75b238e1.jpg,F:\xlw\bdd100k_final\images\100k\val\b4b2f8e1-75b238e1.jpg,val,clear,night,night
b4b2f8e1-99a5df57.jpg,F:\xlw\bdd100k_final\images\100k\val\b4b2f8e1-99a5df57.jpg,val,clear,night,night
b4b394c2-148397ab.jpg,F:\xlw\bdd100k_final\images\100k\val\b4b394c2-148397ab.jpg,val,clear,night,night
b4b394c2-e2f83664.jpg,F:\xlw\bdd100k_final\images\100k\val\b4b394c2-e2f83664.jpg,val,clear,night,night
b4b47b81-90c3dbae.jpg,F:\xlw\bdd100k_final\images\100k\val\b4b47b81-90c3dbae.jpg,val,snowy,daytime,snow
b4b4b979-a64f258c.jpg,F:\xlw\bdd100k_final\images\100k\val\b4b4b979-a64f258c.jpg,val,clear,daytime,clear
b4b581ea-93722c60.jpg,F:\xlw\bdd100k_final\images\100k\val\b4b581ea-93722c60.jpg,val,clear,daytime,clear
b4b68779-1c75351a.jpg,F:\xlw\bdd100k_final\images\100k\val\b4b68779-1c75351a.jpg,val,overcast,daytime,clear
b4b6fd78-9b7cfe0c.jpg,F:\xlw\bdd100k_final\images\100k\val\b4b6fd78-9b7cfe0c.jpg,val,rainy,night,night
b4b6fd78-b1f488c2.jpg,F:\xlw\bdd100k_final\images\100k\val\b4b6fd78-b1f488c2.jpg,val,clear,night,night
b4b6fd78-e96e5ab8.jpg,F:\xlw\bdd100k_final\images\100k\val\b4b6fd78-e96e5ab8.jpg,val,clear,night,night
b4b7133e-5672ca28.jpg,F:\xlw\bdd100k_final\images\100k\val\b4b7133e-5672ca28.jpg,val,rainy,daytime,rain
b4b7133e-94c56651.jpg,F:\xlw\bdd100k_final\images\100k\val\b4b7133e-94c56651.jpg,val,rainy,daytime,rain
b4b7133e-f6650d64.jpg,F:\xlw\bdd100k_final\images\100k\val\b4b7133e-f6650d64.jpg,val,rainy,daytime,rain
b4b7133e-fdf86606.jpg,F:\xlw\bdd100k_final\images\100k\val\b4b7133e-fdf86606.jpg,val,rainy,daytime,rain
b4b98434-f30f1d1e.jpg,F:\xlw\bdd100k_final\images\100k\val\b4b98434-f30f1d1e.jpg,val,overcast,daytime,clear
b4b99a3e-21dfc344.jpg,F:\xlw\bdd100k_final\images\100k\val\b4b99a3e-21dfc344.jpg,val,clear,night,night
b4b99a3e-76e632f3.jpg,F:\xlw\bdd100k_final\images\100k\val\b4b99a3e-76e632f3.jpg,val,clear,night,night
b4b99a3e-e90cbb5a.jpg,F:\xlw\bdd100k_final\images\100k\val\b4b99a3e-e90cbb5a.jpg,val,clear,night,night
b4b9c39d-6409d1fd.jpg,F:\xlw\bdd100k_final\images\100k\val\b4b9c39d-6409d1fd.jpg,val,clear,night,night
b4ba0552-53249a02.jpg,F:\xlw\bdd100k_final\images\100k\val\b4ba0552-53249a02.jpg,val,clear,night,night
b4be0173-249b5f2f.jpg,F:\xlw\bdd100k_final\images\100k\val\b4be0173-249b5f2f.jpg,val,clear,night,night
b4c0a877-66fc6239.jpg,F:\xlw\bdd100k_final\images\100k\val\b4c0a877-66fc6239.jpg,val,clear,night,night
b4c0a877-7bdedc86.jpg,F:\xlw\bdd100k_final\images\100k\val\b4c0a877-7bdedc86.jpg,val,rainy,night,night
b4c0a877-dff9f7bb.jpg,F:\xlw\bdd100k_final\images\100k\val\b4c0a877-dff9f7bb.jpg,val,clear,night,night
b4c195ae-4dfb18d9.jpg,F:\xlw\bdd100k_final\images\100k\val\b4c195ae-4dfb18d9.jpg,val,clear,daytime,clear
b4c29ddd-808b41d7.jpg,F:\xlw\bdd100k_final\images\100k\val\b4c29ddd-808b41d7.jpg,val,clear,night,night
b4c29ddd-b9e5cb5e.jpg,F:\xlw\bdd100k_final\images\100k\val\b4c29ddd-b9e5cb5e.jpg,val,clear,night,night
b4c5ea2e-1a3ea72a.jpg,F:\xlw\bdd100k_final\images\100k\val\b4c5ea2e-1a3ea72a.jpg,val,snowy,daytime,snow
b4c62929-8d5e3448.jpg,F:\xlw\bdd100k_final\images\100k\val\b4c62929-8d5e3448.jpg,val,clear,daytime,clear
b4c733a8-46d78670.jpg,F:\xlw\bdd100k_final\images\100k\val\b4c733a8-46d78670.jpg,val,partly cloudy,daytime,clear
b4c755fa-1ce17fa3.jpg,F:\xlw\bdd100k_final\images\100k\val\b4c755fa-1ce17fa3.jpg,val,overcast,night,night
b4c86653-08648e05.jpg,F:\xlw\bdd100k_final\images\100k\val\b4c86653-08648e05.jpg,val,clear,night,night
b4c86653-3594c3a4.jpg,F:\xlw\bdd100k_final\images\100k\val\b4c86653-3594c3a4.jpg,val,clear,night,night
b4c86653-580097b3.jpg,F:\xlw\bdd100k_final\images\100k\val\b4c86653-580097b3.jpg,val,clear,daytime,clear
b4c86653-91c24c62.jpg,F:\xlw\bdd100k_final\images\100k\val\b4c86653-91c24c62.jpg,val,partly cloudy,daytime,clear
b4c86653-a1c9c48e.jpg,F:\xlw\bdd100k_final\images\100k\val\b4c86653-a1c9c48e.jpg,val,clear,night,night
b4c86653-a5abaf4e.jpg,F:\xlw\bdd100k_final\images\100k\val\b4c86653-a5abaf4e.jpg,val,clear,night,night
b4c86653-aafa1676.jpg,F:\xlw\bdd100k_final\images\100k\val\b4c86653-aafa1676.jpg,val,clear,night,night
b4c89ab1-5c72cd7d.jpg,F:\xlw\bdd100k_final\images\100k\val\b4c89ab1-5c72cd7d.jpg,val,partly cloudy,daytime,clear
b4c8a6c7-56206227.jpg,F:\xlw\bdd100k_final\images\100k\val\b4c8a6c7-56206227.jpg,val,overcast,daytime,clear
b4ca8154-1d0ea164.jpg,F:\xlw\bdd100k_final\images\100k\val\b4ca8154-1d0ea164.jpg,val,clear,daytime,clear
b4ca8154-8453f431.jpg,F:\xlw\bdd100k_final\images\100k\val\b4ca8154-8453f431.jpg,val,partly cloudy,daytime,clear
b4ca8154-fd2ddd24.jpg,F:\xlw\bdd100k_final\images\100k\val\b4ca8154-fd2ddd24.jpg,val,clear,night,night
b4ccb561-d750f8fc.jpg,F:\xlw\bdd100k_final\images\100k\val\b4ccb561-d750f8fc.jpg,val,partly cloudy,daytime,clear
b4d0e72d-3b208072.jpg,F:\xlw\bdd100k_final\images\100k\val\b4d0e72d-3b208072.jpg,val,partly cloudy,daytime,clear
b4d18d1a-030f0601.jpg,F:\xlw\bdd100k_final\images\100k\val\b4d18d1a-030f0601.jpg,val,clear,night,night
b4d18d1a-193e24a1.jpg,F:\xlw\bdd100k_final\images\100k\val\b4d18d1a-193e24a1.jpg,val,overcast,daytime,clear
b4d18d1a-44ae201b.jpg,F:\xlw\bdd100k_final\images\100k\val\b4d18d1a-44ae201b.jpg,val,rainy,night,night
b4d18d1a-b72bb7eb.jpg,F:\xlw\bdd100k_final\images\100k\val\b4d18d1a-b72bb7eb.jpg,val,overcast,daytime,clear
b4d18d1a-e9faf80a.jpg,F:\xlw\bdd100k_final\images\100k\val\b4d18d1a-e9faf80a.jpg,val,clear,night,night
b4d18d1a-fca70785.jpg,F:\xlw\bdd100k_final\images\100k\val\b4d18d1a-fca70785.jpg,val,clear,night,night
b4d2dede-0f9169f5.jpg,F:\xlw\bdd100k_final\images\100k\val\b4d2dede-0f9169f5.jpg,val,clear,night,night
b4d2dede-18dc0cd0.jpg,F:\xlw\bdd100k_final\images\100k\val\b4d2dede-18dc0cd0.jpg,val,clear,night,night
b4d2dede-9b67d0bd.jpg,F:\xlw\bdd100k_final\images\100k\val\b4d2dede-9b67d0bd.jpg,val,rainy,night,night
b4d35abd-b35897b3.jpg,F:\xlw\bdd100k_final\images\100k\val\b4d35abd-b35897b3.jpg,val,overcast,daytime,clear
b4d65110-23299ece.jpg,F:\xlw\bdd100k_final\images\100k\val\b4d65110-23299ece.jpg,val,clear,daytime,clear
b4d65110-ac665389.jpg,F:\xlw\bdd100k_final\images\100k\val\b4d65110-ac665389.jpg,val,clear,daytime,clear
b4d72ad8-ae73962e.jpg,F:\xlw\bdd100k_final\images\100k\val\b4d72ad8-ae73962e.jpg,val,clear,night,night
b4d73ce8-d5b360f5.jpg,F:\xlw\bdd100k_final\images\100k\val\b4d73ce8-d5b360f5.jpg,val,clear,night,night
b4d9b889-6662ff4a.jpg,F:\xlw\bdd100k_final\images\100k\val\b4d9b889-6662ff4a.jpg,val,clear,night,night
b4dd1c23-355940ff.jpg,F:\xlw\bdd100k_final\images\100k\val\b4dd1c23-355940ff.jpg,val,clear,night,night
b4dff9f4-bcac8fae.jpg,F:\xlw\bdd100k_final\images\100k\val\b4dff9f4-bcac8fae.jpg,val,overcast,daytime,clear
b4e3816e-2319f39e.jpg,F:\xlw\bdd100k_final\images\100k\val\b4e3816e-2319f39e.jpg,val,clear,night,night
b4e3816e-6cd8a1fe.jpg,F:\xlw\bdd100k_final\images\100k\val\b4e3816e-6cd8a1fe.jpg,val,clear,night,night
b4e3e68f-3aa63f29.jpg,F:\xlw\bdd100k_final\images\100k\val\b4e3e68f-3aa63f29.jpg,val,clear,daytime,clear
b4e58e8f-dff21e6a.jpg,F:\xlw\bdd100k_final\images\100k\val\b4e58e8f-dff21e6a.jpg,val,clear,daytime,clear
b4e6cf20-6f6762ab.jpg,F:\xlw\bdd100k_final\images\100k\val\b4e6cf20-6f6762ab.jpg,val,rainy,daytime,rain
b4e84636-fd3e7810.jpg,F:\xlw\bdd100k_final\images\100k\val\b4e84636-fd3e7810.jpg,val,snowy,daytime,snow
b4e86b41-b15ff7cb.jpg,F:\xlw\bdd100k_final\images\100k\val\b4e86b41-b15ff7cb.jpg,val,clear,night,night
b4e927af-828f4a9b.jpg,F:\xlw\bdd100k_final\images\100k\val\b4e927af-828f4a9b.jpg,val,rainy,daytime,rain
b4e97132-0dbc3f9f.jpg,F:\xlw\bdd100k_final\images\100k\val\b4e97132-0dbc3f9f.jpg,val,overcast,daytime,clear
b4ea9ae8-35554080.jpg,F:\xlw\bdd100k_final\images\100k\val\b4ea9ae8-35554080.jpg,val,overcast,daytime,clear
b4eac100-0eaffca3.jpg,F:\xlw\bdd100k_final\images\100k\val\b4eac100-0eaffca3.jpg,val,clear,night,night
b4eac100-53651d93.jpg,F:\xlw\bdd100k_final\images\100k\val\b4eac100-53651d93.jpg,val,undefined,night,night
b4eac100-c2a05392.jpg,F:\xlw\bdd100k_final\images\100k\val\b4eac100-c2a05392.jpg,val,rainy,night,night
b4eb79bd-288f1507.jpg,F:\xlw\bdd100k_final\images\100k\val\b4eb79bd-288f1507.jpg,val,clear,night,night
b4eb79bd-6ab32eb7.jpg,F:\xlw\bdd100k_final\images\100k\val\b4eb79bd-6ab32eb7.jpg,val,clear,night,night
b4ec8b36-e81e510a.jpg,F:\xlw\bdd100k_final\images\100k\val\b4ec8b36-e81e510a.jpg,val,clear,daytime,clear
b4ecb933-08326feb.jpg,F:\xlw\bdd100k_final\images\100k\val\b4ecb933-08326feb.jpg,val,clear,daytime,clear
b4ed5563-12753b3c.jpg,F:\xlw\bdd100k_final\images\100k\val\b4ed5563-12753b3c.jpg,val,clear,night,night
b4ed5563-e22cb18a.jpg,F:\xlw\bdd100k_final\images\100k\val\b4ed5563-e22cb18a.jpg,val,clear,night,night
b4ee5320-cb16ec42.jpg,F:\xlw\bdd100k_final\images\100k\val\b4ee5320-cb16ec42.jpg,val,clear,night,night
b4eee282-a7157230.jpg,F:\xlw\bdd100k_final\images\100k\val\b4eee282-a7157230.jpg,val,snowy,daytime,snow
b4ef573f-199846ab.jpg,F:\xlw\bdd100k_final\images\100k\val\b4ef573f-199846ab.jpg,val,clear,night,night
b4ef573f-5122732a.jpg,F:\xlw\bdd100k_final\images\100k\val\b4ef573f-5122732a.jpg,val,clear,daytime,clear
b4ef573f-a98f72d3.jpg,F:\xlw\bdd100k_final\images\100k\val\b4ef573f-a98f72d3.jpg,val,snowy,night,night
b4ef573f-c11cbaee.jpg,F:\xlw\bdd100k_final\images\100k\val\b4ef573f-c11cbaee.jpg,val,clear,night,night
b4f1500e-901fb4e6.jpg,F:\xlw\bdd100k_final\images\100k\val\b4f1500e-901fb4e6.jpg,val,overcast,daytime,clear
b4f2a76c-3ce3d91e.jpg,F:\xlw\bdd100k_final\images\100k\val\b4f2a76c-3ce3d91e.jpg,val,clear,daytime,clear
b4f2a76c-6b0c22e6.jpg,F:\xlw\bdd100k_final\images\100k\val\b4f2a76c-6b0c22e6.jpg,val,clear,daytime,clear
b4f360ca-78e0a64c.jpg,F:\xlw\bdd100k_final\images\100k\val\b4f360ca-78e0a64c.jpg,val,clear,night,night
b4f49565-abd6b20b.jpg,F:\xlw\bdd100k_final\images\100k\val\b4f49565-abd6b20b.jpg,val,clear,daytime,clear
b4f49565-ccd350b6.jpg,F:\xlw\bdd100k_final\images\100k\val\b4f49565-ccd350b6.jpg,val,overcast,daytime,clear
b4f4bd95-70f45b0f.jpg,F:\xlw\bdd100k_final\images\100k\val\b4f4bd95-70f45b0f.jpg,val,clear,night,night
b4f4bd95-a097514a.jpg,F:\xlw\bdd100k_final\images\100k\val\b4f4bd95-a097514a.jpg,val,clear,night,night
b4f4e648-58e39e89.jpg,F:\xlw\bdd100k_final\images\100k\val\b4f4e648-58e39e89.jpg,val,rainy,daytime,rain
b4f59eb4-2992dd6d.jpg,F:\xlw\bdd100k_final\images\100k\val\b4f59eb4-2992dd6d.jpg,val,clear,night,night
b4f65b32-ff644e07.jpg,F:\xlw\bdd100k_final\images\100k\val\b4f65b32-ff644e07.jpg,val,clear,night,night
b4f85748-11ae5a20.jpg,F:\xlw\bdd100k_final\images\100k\val\b4f85748-11ae5a20.jpg,val,rainy,night,night
b4f85748-94942db6.jpg,F:\xlw\bdd100k_final\images\100k\val\b4f85748-94942db6.jpg,val,clear,night,night
b4f85748-c4be0117.jpg,F:\xlw\bdd100k_final\images\100k\val\b4f85748-c4be0117.jpg,val,clear,night,night
b4f9084d-207afc6e.jpg,F:\xlw\bdd100k_final\images\100k\val\b4f9084d-207afc6e.jpg,val,clear,night,night
b4f9084d-22f60127.jpg,F:\xlw\bdd100k_final\images\100k\val\b4f9084d-22f60127.jpg,val,clear,night,night
b4f9084d-7cc2f042.jpg,F:\xlw\bdd100k_final\images\100k\val\b4f9084d-7cc2f042.jpg,val,clear,night,night
b4f9084d-86d982ab.jpg,F:\xlw\bdd100k_final\images\100k\val\b4f9084d-86d982ab.jpg,val,clear,night,night
b4f9f50c-35823e7c.jpg,F:\xlw\bdd100k_final\images\100k\val\b4f9f50c-35823e7c.jpg,val,snowy,daytime,snow
b4fb7979-16f87335.jpg,F:\xlw\bdd100k_final\images\100k\val\b4fb7979-16f87335.jpg,val,clear,night,night
b4fca1a4-f7e84f0b.jpg,F:\xlw\bdd100k_final\images\100k\val\b4fca1a4-f7e84f0b.jpg,val,clear,daytime,clear
b4fce2f5-d8eee5bb.jpg,F:\xlw\bdd100k_final\images\100k\val\b4fce2f5-d8eee5bb.jpg,val,clear,daytime,clear
b4fcf852-0d288dba.jpg,F:\xlw\bdd100k_final\images\100k\val\b4fcf852-0d288dba.jpg,val,clear,night,night
b4fd3ecf-25548ea4.jpg,F:\xlw\bdd100k_final\images\100k\val\b4fd3ecf-25548ea4.jpg,val,rainy,daytime,rain
b4fe0b47-77c4f249.jpg,F:\xlw\bdd100k_final\images\100k\val\b4fe0b47-77c4f249.jpg,val,snowy,daytime,snow
b4fe8907-23618458.jpg,F:\xlw\bdd100k_final\images\100k\val\b4fe8907-23618458.jpg,val,clear,night,night
b4fe9ed3-7e469f87.jpg,F:\xlw\bdd100k_final\images\100k\val\b4fe9ed3-7e469f87.jpg,val,overcast,daytime,clear
b4ff6bda-27a63ee8.jpg,F:\xlw\bdd100k_final\images\100k\val\b4ff6bda-27a63ee8.jpg,val,clear,daytime,clear
b5004c9e-d21fdd6e.jpg,F:\xlw\bdd100k_final\images\100k\val\b5004c9e-d21fdd6e.jpg,val,clear,daytime,clear
b5022e95-a691dc1c.jpg,F:\xlw\bdd100k_final\images\100k\val\b5022e95-a691dc1c.jpg,val,clear,daytime,clear
b5032e1d-d2f24352.jpg,F:\xlw\bdd100k_final\images\100k\val\b5032e1d-d2f24352.jpg,val,clear,daytime,clear
b5032e1d-dad95b60.jpg,F:\xlw\bdd100k_final\images\100k\val\b5032e1d-dad95b60.jpg,val,partly cloudy,daytime,clear
b5042634-1034573c.jpg,F:\xlw\bdd100k_final\images\100k\val\b5042634-1034573c.jpg,val,overcast,daytime,clear
b5046f1e-0674657f.jpg,F:\xlw\bdd100k_final\images\100k\val\b5046f1e-0674657f.jpg,val,partly cloudy,daytime,clear
b5046f1e-340a743a.jpg,F:\xlw\bdd100k_final\images\100k\val\b5046f1e-340a743a.jpg,val,clear,daytime,clear
b5046f1e-7b9d98d0.jpg,F:\xlw\bdd100k_final\images\100k\val\b5046f1e-7b9d98d0.jpg,val,clear,night,night
b5046f1e-97a3a2e5.jpg,F:\xlw\bdd100k_final\images\100k\val\b5046f1e-97a3a2e5.jpg,val,clear,daytime,clear
b509067e-188e1123.jpg,F:\xlw\bdd100k_final\images\100k\val\b509067e-188e1123.jpg,val,snowy,daytime,snow
b50cb586-d808d404.jpg,F:\xlw\bdd100k_final\images\100k\val\b50cb586-d808d404.jpg,val,clear,daytime,clear
b50fa05b-602f124c.jpg,F:\xlw\bdd100k_final\images\100k\val\b50fa05b-602f124c.jpg,val,clear,daytime,clear
b50ff9e2-ebb775d4.jpg,F:\xlw\bdd100k_final\images\100k\val\b50ff9e2-ebb775d4.jpg,val,snowy,daytime,snow
b510fa10-390f3d97.jpg,F:\xlw\bdd100k_final\images\100k\val\b510fa10-390f3d97.jpg,val,clear,night,night
b5115080-37a89b9c.jpg,F:\xlw\bdd100k_final\images\100k\val\b5115080-37a89b9c.jpg,val,clear,night,night
b5172858-da5e71cc.jpg,F:\xlw\bdd100k_final\images\100k\val\b5172858-da5e71cc.jpg,val,rainy,night,night
b5183558-782ad31c.jpg,F:\xlw\bdd100k_final\images\100k\val\b5183558-782ad31c.jpg,val,partly cloudy,daytime,clear
b5188a0e-89f2392d.jpg,F:\xlw\bdd100k_final\images\100k\val\b5188a0e-89f2392d.jpg,val,clear,night,night
b518f838-62048659.jpg,F:\xlw\bdd100k_final\images\100k\val\b518f838-62048659.jpg,val,clear,night,night
b5191523-6c028236.jpg,F:\xlw\bdd100k_final\images\100k\val\b5191523-6c028236.jpg,val,clear,night,night
b5191523-949f83bd.jpg,F:\xlw\bdd100k_final\images\100k\val\b5191523-949f83bd.jpg,val,clear,night,night
b5191523-9c2c4c83.jpg,F:\xlw\bdd100k_final\images\100k\val\b5191523-9c2c4c83.jpg,val,clear,night,night
b5191523-af1c9a30.jpg,F:\xlw\bdd100k_final\images\100k\val\b5191523-af1c9a30.jpg,val,clear,night,night
b5191523-cc623777.jpg,F:\xlw\bdd100k_final\images\100k\val\b5191523-cc623777.jpg,val,partly cloudy,daytime,clear
b5191523-f7e4f533.jpg,F:\xlw\bdd100k_final\images\100k\val\b5191523-f7e4f533.jpg,val,clear,night,night
b51aa35f-0b962e5d.jpg,F:\xlw\bdd100k_final\images\100k\val\b51aa35f-0b962e5d.jpg,val,overcast,daytime,clear
b51aa35f-672053a6.jpg,F:\xlw\bdd100k_final\images\100k\val\b51aa35f-672053a6.jpg,val,overcast,daytime,clear
b51aa35f-90f3f3f8.jpg,F:\xlw\bdd100k_final\images\100k\val\b51aa35f-90f3f3f8.jpg,val,partly cloudy,daytime,clear
b51d0756-8c5120da.jpg,F:\xlw\bdd100k_final\images\100k\val\b51d0756-8c5120da.jpg,val,clear,night,night
b51daa04-f4e62d2f.jpg,F:\xlw\bdd100k_final\images\100k\val\b51daa04-f4e62d2f.jpg,val,clear,night,night
b51dfd71-9599e952.jpg,F:\xlw\bdd100k_final\images\100k\val\b51dfd71-9599e952.jpg,val,partly cloudy,daytime,clear
b51eb969-25bb6a5d.jpg,F:\xlw\bdd100k_final\images\100k\val\b51eb969-25bb6a5d.jpg,val,overcast,daytime,clear
b51fc067-22ddb158.jpg,F:\xlw\bdd100k_final\images\100k\val\b51fc067-22ddb158.jpg,val,clear,night,night
b520b60a-e31c352d.jpg,F:\xlw\bdd100k_final\images\100k\val\b520b60a-e31c352d.jpg,val,overcast,daytime,clear
b5238f1c-f5d779fc.jpg,F:\xlw\bdd100k_final\images\100k\val\b5238f1c-f5d779fc.jpg,val,clear,daytime,clear
b5261cec-aac2f91a.jpg,F:\xlw\bdd100k_final\images\100k\val\b5261cec-aac2f91a.jpg,val,clear,night,night
b52640e9-d1fa335f.jpg,F:\xlw\bdd100k_final\images\100k\val\b52640e9-d1fa335f.jpg,val,overcast,daytime,clear
b5264a14-892dc259.jpg,F:\xlw\bdd100k_final\images\100k\val\b5264a14-892dc259.jpg,val,clear,night,night
b52949cd-2439cac6.jpg,F:\xlw\bdd100k_final\images\100k\val\b52949cd-2439cac6.jpg,val,clear,night,night
b5296e2a-25ab57d6.jpg,F:\xlw\bdd100k_final\images\100k\val\b5296e2a-25ab57d6.jpg,val,snowy,daytime,snow
b52c65b9-31ad0690.jpg,F:\xlw\bdd100k_final\images\100k\val\b52c65b9-31ad0690.jpg,val,rainy,daytime,rain
b52e7443-1a4b1fbc.jpg,F:\xlw\bdd100k_final\images\100k\val\b52e7443-1a4b1fbc.jpg,val,partly cloudy,daytime,clear
b53215a2-d9aa49d8.jpg,F:\xlw\bdd100k_final\images\100k\val\b53215a2-d9aa49d8.jpg,val,overcast,daytime,clear
b533db8e-7e5a6abb.jpg,F:\xlw\bdd100k_final\images\100k\val\b533db8e-7e5a6abb.jpg,val,clear,daytime,clear
b533db8e-f41851e8.jpg,F:\xlw\bdd100k_final\images\100k\val\b533db8e-f41851e8.jpg,val,clear,night,night
b5345bb2-a1424882.jpg,F:\xlw\bdd100k_final\images\100k\val\b5345bb2-a1424882.jpg,val,rainy,night,night
b534864a-d2eb867c.jpg,F:\xlw\bdd100k_final\images\100k\val\b534864a-d2eb867c.jpg,val,overcast,daytime,clear
b5362410-762b4521.jpg,F:\xlw\bdd100k_final\images\100k\val\b5362410-762b4521.jpg,val,snowy,daytime,snow
b536decd-ecd4653e.jpg,F:\xlw\bdd100k_final\images\100k\val\b536decd-ecd4653e.jpg,val,clear,night,night
b5380a66-b76d418a.jpg,F:\xlw\bdd100k_final\images\100k\val\b5380a66-b76d418a.jpg,val,overcast,daytime,clear
b5380a66-f8c670ed.jpg,F:\xlw\bdd100k_final\images\100k\val\b5380a66-f8c670ed.jpg,val,overcast,daytime,clear
b539383c-a697cb3b.jpg,F:\xlw\bdd100k_final\images\100k\val\b539383c-a697cb3b.jpg,val,overcast,daytime,clear
b539383c-b57307bc.jpg,F:\xlw\bdd100k_final\images\100k\val\b539383c-b57307bc.jpg,val,overcast,daytime,clear
b539383c-e6e6528d.jpg,F:\xlw\bdd100k_final\images\100k\val\b539383c-e6e6528d.jpg,val,overcast,daytime,clear
b53a0e33-2c56289b.jpg,F:\xlw\bdd100k_final\images\100k\val\b53a0e33-2c56289b.jpg,val,partly cloudy,daytime,clear
b53a1501-29d2e507.jpg,F:\xlw\bdd100k_final\images\100k\val\b53a1501-29d2e507.jpg,val,clear,night,night
b53a1501-745a59ef.jpg,F:\xlw\bdd100k_final\images\100k\val\b53a1501-745a59ef.jpg,val,clear,night,night
b53a1501-92a39535.jpg,F:\xlw\bdd100k_final\images\100k\val\b53a1501-92a39535.jpg,val,clear,night,night
b53a1501-eaa0de18.jpg,F:\xlw\bdd100k_final\images\100k\val\b53a1501-eaa0de18.jpg,val,clear,night,night
b53a1501-f21dfab8.jpg,F:\xlw\bdd100k_final\images\100k\val\b53a1501-f21dfab8.jpg,val,clear,night,night
b53a1501-fa79fefc.jpg,F:\xlw\bdd100k_final\images\100k\val\b53a1501-fa79fefc.jpg,val,clear,night,night
b53cb17b-4df01599.jpg,F:\xlw\bdd100k_final\images\100k\val\b53cb17b-4df01599.jpg,val,rainy,daytime,rain
b53cb17b-e5d64f59.jpg,F:\xlw\bdd100k_final\images\100k\val\b53cb17b-e5d64f59.jpg,val,rainy,daytime,rain
b53e1aa8-c49fd7ef.jpg,F:\xlw\bdd100k_final\images\100k\val\b53e1aa8-c49fd7ef.jpg,val,partly cloudy,daytime,clear
b53f23c3-3d2cea8b.jpg,F:\xlw\bdd100k_final\images\100k\val\b53f23c3-3d2cea8b.jpg,val,clear,daytime,clear
b541e2e6-f5256160.jpg,F:\xlw\bdd100k_final\images\100k\val\b541e2e6-f5256160.jpg,val,undefined,night,night
b543836f-add08be6.jpg,F:\xlw\bdd100k_final\images\100k\val\b543836f-add08be6.jpg,val,clear,night,night
b5450d0c-ccc3fb86.jpg,F:\xlw\bdd100k_final\images\100k\val\b5450d0c-ccc3fb86.jpg,val,snowy,night,night
b54578dc-10332bd1.jpg,F:\xlw\bdd100k_final\images\100k\val\b54578dc-10332bd1.jpg,val,clear,night,night
b54578dc-5120800c.jpg,F:\xlw\bdd100k_final\images\100k\val\b54578dc-5120800c.jpg,val,snowy,night,night
b54578dc-5a2c0b63.jpg,F:\xlw\bdd100k_final\images\100k\val\b54578dc-5a2c0b63.jpg,val,snowy,night,night
b54578dc-807f5298.jpg,F:\xlw\bdd100k_final\images\100k\val\b54578dc-807f5298.jpg,val,snowy,night,night
b54578dc-95b41097.jpg,F:\xlw\bdd100k_final\images\100k\val\b54578dc-95b41097.jpg,val,snowy,night,night
b54578dc-ad675a62.jpg,F:\xlw\bdd100k_final\images\100k\val\b54578dc-ad675a62.jpg,val,snowy,night,night
b5460637-3b501a2e.jpg,F:\xlw\bdd100k_final\images\100k\val\b5460637-3b501a2e.jpg,val,clear,daytime,clear
b5465c6e-0aad0ec3.jpg,F:\xlw\bdd100k_final\images\100k\val\b5465c6e-0aad0ec3.jpg,val,clear,night,night
b5465c6e-0c78bf95.jpg,F:\xlw\bdd100k_final\images\100k\val\b5465c6e-0c78bf95.jpg,val,clear,night,night
b5465c6e-42759087.jpg,F:\xlw\bdd100k_final\images\100k\val\b5465c6e-42759087.jpg,val,clear,night,night
b5465c6e-45c537f7.jpg,F:\xlw\bdd100k_final\images\100k\val\b5465c6e-45c537f7.jpg,val,snowy,daytime,snow
b5465c6e-5b162b85.jpg,F:\xlw\bdd100k_final\images\100k\val\b5465c6e-5b162b85.jpg,val,snowy,night,night
b5465c6e-5bed4504.jpg,F:\xlw\bdd100k_final\images\100k\val\b5465c6e-5bed4504.jpg,val,clear,night,night
b5465c6e-63fb651f.jpg,F:\xlw\bdd100k_final\images\100k\val\b5465c6e-63fb651f.jpg,val,snowy,night,night
b5465c6e-7858e23d.jpg,F:\xlw\bdd100k_final\images\100k\val\b5465c6e-7858e23d.jpg,val,clear,night,night
b5465c6e-b2fb645f.jpg,F:\xlw\bdd100k_final\images\100k\val\b5465c6e-b2fb645f.jpg,val,clear,night,night
b5465c6e-c4d582f4.jpg,F:\xlw\bdd100k_final\images\100k\val\b5465c6e-c4d582f4.jpg,val,clear,night,night
b5465c6e-d7ccca91.jpg,F:\xlw\bdd100k_final\images\100k\val\b5465c6e-d7ccca91.jpg,val,clear,night,night
b5465c6e-dd8af9d0.jpg,F:\xlw\bdd100k_final\images\100k\val\b5465c6e-dd8af9d0.jpg,val,clear,night,night
b5465c6e-ec871ec7.jpg,F:\xlw\bdd100k_final\images\100k\val\b5465c6e-ec871ec7.jpg,val,clear,night,night
b5465c6e-fe04d577.jpg,F:\xlw\bdd100k_final\images\100k\val\b5465c6e-fe04d577.jpg,val,clear,night,night
b54735e3-4c968f67.jpg,F:\xlw\bdd100k_final\images\100k\val\b54735e3-4c968f67.jpg,val,clear,daytime,clear
b54735e3-65f77c99.jpg,F:\xlw\bdd100k_final\images\100k\val\b54735e3-65f77c99.jpg,val,overcast,daytime,clear
b54735e3-b251b872.jpg,F:\xlw\bdd100k_final\images\100k\val\b54735e3-b251b872.jpg,val,clear,night,night
b5478d5c-290f5e15.jpg,F:\xlw\bdd100k_final\images\100k\val\b5478d5c-290f5e15.jpg,val,partly cloudy,daytime,clear
b5478d5c-e846649e.jpg,F:\xlw\bdd100k_final\images\100k\val\b5478d5c-e846649e.jpg,val,partly cloudy,daytime,clear
b5479087-1e95039f.jpg,F:\xlw\bdd100k_final\images\100k\val\b5479087-1e95039f.jpg,val,clear,night,night
b5479087-2d452243.jpg,F:\xlw\bdd100k_final\images\100k\val\b5479087-2d452243.jpg,val,clear,night,night
b5479087-2e92b8f5.jpg,F:\xlw\bdd100k_final\images\100k\val\b5479087-2e92b8f5.jpg,val,clear,night,night
b5479087-69c9f292.jpg,F:\xlw\bdd100k_final\images\100k\val\b5479087-69c9f292.jpg,val,clear,night,night
b5479087-b68aa812.jpg,F:\xlw\bdd100k_final\images\100k\val\b5479087-b68aa812.jpg,val,clear,night,night
b5479087-b94125dc.jpg,F:\xlw\bdd100k_final\images\100k\val\b5479087-b94125dc.jpg,val,clear,night,night
b5479087-faffcc28.jpg,F:\xlw\bdd100k_final\images\100k\val\b5479087-faffcc28.jpg,val,clear,night,night
b54793ac-3770583a.jpg,F:\xlw\bdd100k_final\images\100k\val\b54793ac-3770583a.jpg,val,clear,night,night
b54793ac-9f413e5e.jpg,F:\xlw\bdd100k_final\images\100k\val\b54793ac-9f413e5e.jpg,val,clear,night,night
b54a8089-aa62f142.jpg,F:\xlw\bdd100k_final\images\100k\val\b54a8089-aa62f142.jpg,val,snowy,daytime,snow
b54a8089-d1989d8f.jpg,F:\xlw\bdd100k_final\images\100k\val\b54a8089-d1989d8f.jpg,val,clear,daytime,clear
b54c065e-8b13cfe7.jpg,F:\xlw\bdd100k_final\images\100k\val\b54c065e-8b13cfe7.jpg,val,partly cloudy,daytime,clear
b54c48fe-0633723b.jpg,F:\xlw\bdd100k_final\images\100k\val\b54c48fe-0633723b.jpg,val,clear,daytime,clear
b54d9c61-18c33e21.jpg,F:\xlw\bdd100k_final\images\100k\val\b54d9c61-18c33e21.jpg,val,clear,night,night
b54d9c61-9647a82e.jpg,F:\xlw\bdd100k_final\images\100k\val\b54d9c61-9647a82e.jpg,val,clear,night,night
b54eb6de-06e04487.jpg,F:\xlw\bdd100k_final\images\100k\val\b54eb6de-06e04487.jpg,val,clear,night,night
b54fd2cd-829309c7.jpg,F:\xlw\bdd100k_final\images\100k\val\b54fd2cd-829309c7.jpg,val,partly cloudy,daytime,clear
b552a0b7-0472099a.jpg,F:\xlw\bdd100k_final\images\100k\val\b552a0b7-0472099a.jpg,val,clear,daytime,clear
b552a4cb-fbd465af.jpg,F:\xlw\bdd100k_final\images\100k\val\b552a4cb-fbd465af.jpg,val,clear,night,night
b55305bd-f66ad8fb.jpg,F:\xlw\bdd100k_final\images\100k\val\b55305bd-f66ad8fb.jpg,val,overcast,daytime,clear
b55569e8-282a99fe.jpg,F:\xlw\bdd100k_final\images\100k\val\b55569e8-282a99fe.jpg,val,clear,night,night
b555790d-59bad5ab.jpg,F:\xlw\bdd100k_final\images\100k\val\b555790d-59bad5ab.jpg,val,overcast,daytime,clear
b555790d-cfb88988.jpg,F:\xlw\bdd100k_final\images\100k\val\b555790d-cfb88988.jpg,val,clear,daytime,clear
b555790d-d715196b.jpg,F:\xlw\bdd100k_final\images\100k\val\b555790d-d715196b.jpg,val,overcast,daytime,clear
b555790d-ef09fa96.jpg,F:\xlw\bdd100k_final\images\100k\val\b555790d-ef09fa96.jpg,val,overcast,daytime,clear
b555a636-270a146b.jpg,F:\xlw\bdd100k_final\images\100k\val\b555a636-270a146b.jpg,val,clear,night,night
b557283b-51959094.jpg,F:\xlw\bdd100k_final\images\100k\val\b557283b-51959094.jpg,val,clear,daytime,clear
b559d3b0-dd72ed94.jpg,F:\xlw\bdd100k_final\images\100k\val\b559d3b0-dd72ed94.jpg,val,rainy,night,night
b55bd14f-50306d5f.jpg,F:\xlw\bdd100k_final\images\100k\val\b55bd14f-50306d5f.jpg,val,overcast,daytime,clear
b55c17aa-3a1df47a.jpg,F:\xlw\bdd100k_final\images\100k\val\b55c17aa-3a1df47a.jpg,val,clear,night,night
b55c17aa-b31ce64a.jpg,F:\xlw\bdd100k_final\images\100k\val\b55c17aa-b31ce64a.jpg,val,clear,night,night
b55e257d-9db57de1.jpg,F:\xlw\bdd100k_final\images\100k\val\b55e257d-9db57de1.jpg,val,clear,daytime,clear
b561705d-e341bae9.jpg,F:\xlw\bdd100k_final\images\100k\val\b561705d-e341bae9.jpg,val,partly cloudy,daytime,clear
b563b270-0fe8e937.jpg,F:\xlw\bdd100k_final\images\100k\val\b563b270-0fe8e937.jpg,val,clear,daytime,clear
b563b270-1a5c6c73.jpg,F:\xlw\bdd100k_final\images\100k\val\b563b270-1a5c6c73.jpg,val,clear,daytime,clear
b563b270-47d67962.jpg,F:\xlw\bdd100k_final\images\100k\val\b563b270-47d67962.jpg,val,clear,daytime,clear
b563b270-8df1c342.jpg,F:\xlw\bdd100k_final\images\100k\val\b563b270-8df1c342.jpg,val,clear,daytime,clear
b563b270-d18e77f6.jpg,F:\xlw\bdd100k_final\images\100k\val\b563b270-d18e77f6.jpg,val,clear,daytime,clear
b565c328-1e663060.jpg,F:\xlw\bdd100k_final\images\100k\val\b565c328-1e663060.jpg,val,clear,daytime,clear
b565d4cc-2e6cb390.jpg,F:\xlw\bdd100k_final\images\100k\val\b565d4cc-2e6cb390.jpg,val,overcast,daytime,clear
b565d4cc-3605a023.jpg,F:\xlw\bdd100k_final\images\100k\val\b565d4cc-3605a023.jpg,val,partly cloudy,daytime,clear
b5661732-3684230b.jpg,F:\xlw\bdd100k_final\images\100k\val\b5661732-3684230b.jpg,val,overcast,daytime,clear
b566fee4-453e3805.jpg,F:\xlw\bdd100k_final\images\100k\val\b566fee4-453e3805.jpg,val,overcast,daytime,clear
b568371d-1a142858.jpg,F:\xlw\bdd100k_final\images\100k\val\b568371d-1a142858.jpg,val,clear,daytime,clear
b568371d-1ea8d400.jpg,F:\xlw\bdd100k_final\images\100k\val\b568371d-1ea8d400.jpg,val,clear,night,night
b568371d-db4fb582.jpg,F:\xlw\bdd100k_final\images\100k\val\b568371d-db4fb582.jpg,val,clear,night,night
b569029a-37e190cc.jpg,F:\xlw\bdd100k_final\images\100k\val\b569029a-37e190cc.jpg,val,clear,night,night
b569a737-a960c153.jpg,F:\xlw\bdd100k_final\images\100k\val\b569a737-a960c153.jpg,val,clear,night,night
b569f76a-33d451fe.jpg,F:\xlw\bdd100k_final\images\100k\val\b569f76a-33d451fe.jpg,val,rainy,daytime,rain
b56a0885-1c282ea8.jpg,F:\xlw\bdd100k_final\images\100k\val\b56a0885-1c282ea8.jpg,val,rainy,daytime,rain
b56a8196-9b3b361b.jpg,F:\xlw\bdd100k_final\images\100k\val\b56a8196-9b3b361b.jpg,val,rainy,daytime,rain
b56c225e-83596ac0.jpg,F:\xlw\bdd100k_final\images\100k\val\b56c225e-83596ac0.jpg,val,partly cloudy,daytime,clear
b56c225e-a71598cd.jpg,F:\xlw\bdd100k_final\images\100k\val\b56c225e-a71598cd.jpg,val,clear,daytime,clear
b56c225e-a7a78ad7.jpg,F:\xlw\bdd100k_final\images\100k\val\b56c225e-a7a78ad7.jpg,val,clear,daytime,clear
b56edcfa-49d5dd9e.jpg,F:\xlw\bdd100k_final\images\100k\val\b56edcfa-49d5dd9e.jpg,val,clear,night,night
b56edcfa-cf47f5af.jpg,F:\xlw\bdd100k_final\images\100k\val\b56edcfa-cf47f5af.jpg,val,clear,night,night
b56f1366-4819fdc4.jpg,F:\xlw\bdd100k_final\images\100k\val\b56f1366-4819fdc4.jpg,val,clear,daytime,clear
b56f50cd-07390326.jpg,F:\xlw\bdd100k_final\images\100k\val\b56f50cd-07390326.jpg,val,clear,night,night
b57077d8-ae0b13ca.jpg,F:\xlw\bdd100k_final\images\100k\val\b57077d8-ae0b13ca.jpg,val,clear,daytime,clear
b570f833-3bd87d01.jpg,F:\xlw\bdd100k_final\images\100k\val\b570f833-3bd87d01.jpg,val,clear,daytime,clear
b570f833-dd98c0f2.jpg,F:\xlw\bdd100k_final\images\100k\val\b570f833-dd98c0f2.jpg,val,overcast,daytime,clear
b5753b26-33163d42.jpg,F:\xlw\bdd100k_final\images\100k\val\b5753b26-33163d42.jpg,val,clear,daytime,clear
b5762ed7-cad32ee3.jpg,F:\xlw\bdd100k_final\images\100k\val\b5762ed7-cad32ee3.jpg,val,clear,night,night
b5764fb7-2bc5ec36.jpg,F:\xlw\bdd100k_final\images\100k\val\b5764fb7-2bc5ec36.jpg,val,clear,daytime,clear
b5764fb7-c47fa3ec.jpg,F:\xlw\bdd100k_final\images\100k\val\b5764fb7-c47fa3ec.jpg,val,overcast,daytime,clear
b5767ace-b5db9504.jpg,F:\xlw\bdd100k_final\images\100k\val\b5767ace-b5db9504.jpg,val,clear,night,night
b576be97-6a52f4bb.jpg,F:\xlw\bdd100k_final\images\100k\val\b576be97-6a52f4bb.jpg,val,clear,daytime,clear
b5770084-83b143c9.jpg,F:\xlw\bdd100k_final\images\100k\val\b5770084-83b143c9.jpg,val,partly cloudy,daytime,clear
b5770084-9b15155d.jpg,F:\xlw\bdd100k_final\images\100k\val\b5770084-9b15155d.jpg,val,partly cloudy,daytime,clear
b5771e6f-97a285f4.jpg,F:\xlw\bdd100k_final\images\100k\val\b5771e6f-97a285f4.jpg,val,snowy,night,night
b577827c-28fc9b0d.jpg,F:\xlw\bdd100k_final\images\100k\val\b577827c-28fc9b0d.jpg,val,overcast,daytime,clear
b5780de7-94313c5f.jpg,F:\xlw\bdd100k_final\images\100k\val\b5780de7-94313c5f.jpg,val,clear,night,night
b578f3d3-40453bfb.jpg,F:\xlw\bdd100k_final\images\100k\val\b578f3d3-40453bfb.jpg,val,clear,daytime,clear
b57a2edf-402297bc.jpg,F:\xlw\bdd100k_final\images\100k\val\b57a2edf-402297bc.jpg,val,partly cloudy,daytime,clear
b57a2edf-60fd75be.jpg,F:\xlw\bdd100k_final\images\100k\val\b57a2edf-60fd75be.jpg,val,clear,daytime,clear
b57a2edf-71efe713.jpg,F:\xlw\bdd100k_final\images\100k\val\b57a2edf-71efe713.jpg,val,clear,daytime,clear
b57a6b0c-531adc6d.jpg,F:\xlw\bdd100k_final\images\100k\val\b57a6b0c-531adc6d.jpg,val,partly cloudy,daytime,clear
b57a6b0c-86b6e489.jpg,F:\xlw\bdd100k_final\images\100k\val\b57a6b0c-86b6e489.jpg,val,clear,daytime,clear
b57b533b-cabdbef5.jpg,F:\xlw\bdd100k_final\images\100k\val\b57b533b-cabdbef5.jpg,val,rainy,daytime,rain
b57b9ee8-3e089c95.jpg,F:\xlw\bdd100k_final\images\100k\val\b57b9ee8-3e089c95.jpg,val,overcast,daytime,clear
b57bf234-f74a8d43.jpg,F:\xlw\bdd100k_final\images\100k\val\b57bf234-f74a8d43.jpg,val,overcast,daytime,clear
b57bfcbd-60692014.jpg,F:\xlw\bdd100k_final\images\100k\val\b57bfcbd-60692014.jpg,val,clear,night,night
b57c8f5a-86e42ab4.jpg,F:\xlw\bdd100k_final\images\100k\val\b57c8f5a-86e42ab4.jpg,val,clear,night,night
b57c8f5a-b427a4b7.jpg,F:\xlw\bdd100k_final\images\100k\val\b57c8f5a-b427a4b7.jpg,val,clear,night,night
b57cc50e-b947b833.jpg,F:\xlw\bdd100k_final\images\100k\val\b57cc50e-b947b833.jpg,val,clear,night,night
b581255d-1c6658b4.jpg,F:\xlw\bdd100k_final\images\100k\val\b581255d-1c6658b4.jpg,val,clear,daytime,clear
b583e115-1ba9114c.jpg,F:\xlw\bdd100k_final\images\100k\val\b583e115-1ba9114c.jpg,val,clear,daytime,clear
b583e4f4-00c17995.jpg,F:\xlw\bdd100k_final\images\100k\val\b583e4f4-00c17995.jpg,val,clear,night,night
b5859b97-9d5532a9.jpg,F:\xlw\bdd100k_final\images\100k\val\b5859b97-9d5532a9.jpg,val,clear,daytime,clear
b585f637-93030b36.jpg,F:\xlw\bdd100k_final\images\100k\val\b585f637-93030b36.jpg,val,snowy,daytime,snow
b5868878-8faf33a2.jpg,F:\xlw\bdd100k_final\images\100k\val\b5868878-8faf33a2.jpg,val,clear,night,night
b586b979-c563c3e2.jpg,F:\xlw\bdd100k_final\images\100k\val\b586b979-c563c3e2.jpg,val,overcast,night,night
b5872c48-7dc6d18e.jpg,F:\xlw\bdd100k_final\images\100k\val\b5872c48-7dc6d18e.jpg,val,clear,night,night
b588c233-8a21f0be.jpg,F:\xlw\bdd100k_final\images\100k\val\b588c233-8a21f0be.jpg,val,partly cloudy,daytime,clear
b58aff80-4fd89ca0.jpg,F:\xlw\bdd100k_final\images\100k\val\b58aff80-4fd89ca0.jpg,val,clear,night,night
b58aff80-a12e3de6.jpg,F:\xlw\bdd100k_final\images\100k\val\b58aff80-a12e3de6.jpg,val,clear,night,night
b58aff80-bea21173.jpg,F:\xlw\bdd100k_final\images\100k\val\b58aff80-bea21173.jpg,val,clear,night,night
b58be279-fe1ea9be.jpg,F:\xlw\bdd100k_final\images\100k\val\b58be279-fe1ea9be.jpg,val,partly cloudy,daytime,clear
b58d74f7-ba3a38d3.jpg,F:\xlw\bdd100k_final\images\100k\val\b58d74f7-ba3a38d3.jpg,val,clear,daytime,clear
b58f8128-3d42f144.jpg,F:\xlw\bdd100k_final\images\100k\val\b58f8128-3d42f144.jpg,val,clear,night,night
b58f8128-5be35778.jpg,F:\xlw\bdd100k_final\images\100k\val\b58f8128-5be35778.jpg,val,clear,night,night
b59413ff-4e4f3109.jpg,F:\xlw\bdd100k_final\images\100k\val\b59413ff-4e4f3109.jpg,val,undefined,night,night
b59413ff-5885b827.jpg,F:\xlw\bdd100k_final\images\100k\val\b59413ff-5885b827.jpg,val,snowy,daytime,snow
b59413ff-9094612f.jpg,F:\xlw\bdd100k_final\images\100k\val\b59413ff-9094612f.jpg,val,overcast,daytime,clear
b59413ff-c3bc3d25.jpg,F:\xlw\bdd100k_final\images\100k\val\b59413ff-c3bc3d25.jpg,val,rainy,night,night
b5948795-913b4fee.jpg,F:\xlw\bdd100k_final\images\100k\val\b5948795-913b4fee.jpg,val,clear,daytime,clear
b5961057-5e258e5e.jpg,F:\xlw\bdd100k_final\images\100k\val\b5961057-5e258e5e.jpg,val,clear,daytime,clear
b5969c96-c9135ccb.jpg,F:\xlw\bdd100k_final\images\100k\val\b5969c96-c9135ccb.jpg,val,partly cloudy,daytime,clear
b596ea23-44b2e05a.jpg,F:\xlw\bdd100k_final\images\100k\val\b596ea23-44b2e05a.jpg,val,clear,night,night
b59d9baf-5fe6c3c0.jpg,F:\xlw\bdd100k_final\images\100k\val\b59d9baf-5fe6c3c0.jpg,val,clear,daytime,clear
b59d9baf-e6b58cf2.jpg,F:\xlw\bdd100k_final\images\100k\val\b59d9baf-e6b58cf2.jpg,val,overcast,daytime,clear
b59dd81f-45c8300a.jpg,F:\xlw\bdd100k_final\images\100k\val\b59dd81f-45c8300a.jpg,val,clear,daytime,clear
b59dd81f-b8ebeb56.jpg,F:\xlw\bdd100k_final\images\100k\val\b59dd81f-b8ebeb56.jpg,val,clear,night,night
b59e50fa-ca034dd0.jpg,F:\xlw\bdd100k_final\images\100k\val\b59e50fa-ca034dd0.jpg,val,overcast,daytime,clear
b59f0750-f228a9a2.jpg,F:\xlw\bdd100k_final\images\100k\val\b59f0750-f228a9a2.jpg,val,clear,night,night
b59f6555-89b070c8.jpg,F:\xlw\bdd100k_final\images\100k\val\b59f6555-89b070c8.jpg,val,clear,night,night
b59f6555-a562f4f9.jpg,F:\xlw\bdd100k_final\images\100k\val\b59f6555-a562f4f9.jpg,val,clear,night,night
b59fa0de-b520450e.jpg,F:\xlw\bdd100k_final\images\100k\val\b59fa0de-b520450e.jpg,val,overcast,daytime,clear
b5a0301b-517db15b.jpg,F:\xlw\bdd100k_final\images\100k\val\b5a0301b-517db15b.jpg,val,overcast,daytime,clear
b5a09124-0c5ec091.jpg,F:\xlw\bdd100k_final\images\100k\val\b5a09124-0c5ec091.jpg,val,partly cloudy,daytime,clear
b5a09124-8d4e6518.jpg,F:\xlw\bdd100k_final\images\100k\val\b5a09124-8d4e6518.jpg,val,partly cloudy,daytime,clear
b5a09604-13bc9a70.jpg,F:\xlw\bdd100k_final\images\100k\val\b5a09604-13bc9a70.jpg,val,clear,night,night
b5a09604-1a28e788.jpg,F:\xlw\bdd100k_final\images\100k\val\b5a09604-1a28e788.jpg,val,partly cloudy,daytime,clear
b5a09604-3178a653.jpg,F:\xlw\bdd100k_final\images\100k\val\b5a09604-3178a653.jpg,val,clear,night,night
b5a09604-34f155de.jpg,F:\xlw\bdd100k_final\images\100k\val\b5a09604-34f155de.jpg,val,clear,night,night
b5a09604-44ade539.jpg,F:\xlw\bdd100k_final\images\100k\val\b5a09604-44ade539.jpg,val,clear,night,night
b5a09604-48e9ac41.jpg,F:\xlw\bdd100k_final\images\100k\val\b5a09604-48e9ac41.jpg,val,clear,night,night
b5a09604-555079c9.jpg,F:\xlw\bdd100k_final\images\100k\val\b5a09604-555079c9.jpg,val,clear,night,night
b5a09604-86af51ad.jpg,F:\xlw\bdd100k_final\images\100k\val\b5a09604-86af51ad.jpg,val,clear,night,night
b5a09604-c93a9d5d.jpg,F:\xlw\bdd100k_final\images\100k\val\b5a09604-c93a9d5d.jpg,val,clear,daytime,clear
b5a4b486-1e78745e.jpg,F:\xlw\bdd100k_final\images\100k\val\b5a4b486-1e78745e.jpg,val,partly cloudy,daytime,clear
b5a4b486-35c3edb4.jpg,F:\xlw\bdd100k_final\images\100k\val\b5a4b486-35c3edb4.jpg,val,snowy,night,night
b5a4b486-dde596cb.jpg,F:\xlw\bdd100k_final\images\100k\val\b5a4b486-dde596cb.jpg,val,partly cloudy,daytime,clear
b5a4db41-1b4f91b0.jpg,F:\xlw\bdd100k_final\images\100k\val\b5a4db41-1b4f91b0.jpg,val,rainy,night,night
b5a50c2d-0c1d06e0.jpg,F:\xlw\bdd100k_final\images\100k\val\b5a50c2d-0c1d06e0.jpg,val,clear,night,night
b5a50c2d-113da15f.jpg,F:\xlw\bdd100k_final\images\100k\val\b5a50c2d-113da15f.jpg,val,clear,night,night
b5a50c2d-a18ba669.jpg,F:\xlw\bdd100k_final\images\100k\val\b5a50c2d-a18ba669.jpg,val,clear,daytime,clear
b5a50c2d-ccafe43a.jpg,F:\xlw\bdd100k_final\images\100k\val\b5a50c2d-ccafe43a.jpg,val,clear,daytime,clear
b5a52ea9-2e1f4066.jpg,F:\xlw\bdd100k_final\images\100k\val\b5a52ea9-2e1f4066.jpg,val,clear,daytime,clear
b5a72f23-5cb9552b.jpg,F:\xlw\bdd100k_final\images\100k\val\b5a72f23-5cb9552b.jpg,val,clear,daytime,clear
b5a72f23-72643897.jpg,F:\xlw\bdd100k_final\images\100k\val\b5a72f23-72643897.jpg,val,clear,daytime,clear
b5a72f23-dfdc4b86.jpg,F:\xlw\bdd100k_final\images\100k\val\b5a72f23-dfdc4b86.jpg,val,clear,daytime,clear
b5a8594c-049fa1ef.jpg,F:\xlw\bdd100k_final\images\100k\val\b5a8594c-049fa1ef.jpg,val,clear,night,night
b5aa55af-b01f8749.jpg,F:\xlw\bdd100k_final\images\100k\val\b5aa55af-b01f8749.jpg,val,clear,daytime,clear
b5aa77fa-b1916843.jpg,F:\xlw\bdd100k_final\images\100k\val\b5aa77fa-b1916843.jpg,val,overcast,daytime,clear
b5ab0e46-19655ca4.jpg,F:\xlw\bdd100k_final\images\100k\val\b5ab0e46-19655ca4.jpg,val,clear,daytime,clear
b5ab0e46-8eab4733.jpg,F:\xlw\bdd100k_final\images\100k\val\b5ab0e46-8eab4733.jpg,val,clear,daytime,clear
b5ac257d-5a34b3fa.jpg,F:\xlw\bdd100k_final\images\100k\val\b5ac257d-5a34b3fa.jpg,val,partly cloudy,daytime,clear
b5afd0ea-222fae7e.jpg,F:\xlw\bdd100k_final\images\100k\val\b5afd0ea-222fae7e.jpg,val,rainy,night,night
b5b023a6-de26d2b2.jpg,F:\xlw\bdd100k_final\images\100k\val\b5b023a6-de26d2b2.jpg,val,clear,night,night
b5b02b31-753a8a4a.jpg,F:\xlw\bdd100k_final\images\100k\val\b5b02b31-753a8a4a.jpg,val,partly cloudy,daytime,clear
b5b02b31-f19988fb.jpg,F:\xlw\bdd100k_final\images\100k\val\b5b02b31-f19988fb.jpg,val,clear,daytime,clear
b5b17442-2f6d4b97.jpg,F:\xlw\bdd100k_final\images\100k\val\b5b17442-2f6d4b97.jpg,val,partly cloudy,daytime,clear
b5b17442-48053f00.jpg,F:\xlw\bdd100k_final\images\100k\val\b5b17442-48053f00.jpg,val,overcast,daytime,clear
b5b17442-ad1dc2ea.jpg,F:\xlw\bdd100k_final\images\100k\val\b5b17442-ad1dc2ea.jpg,val,overcast,daytime,clear
b5b256fd-0c2be0a6.jpg,F:\xlw\bdd100k_final\images\100k\val\b5b256fd-0c2be0a6.jpg,val,partly cloudy,daytime,clear
b5b2f593-25b7b157.jpg,F:\xlw\bdd100k_final\images\100k\val\b5b2f593-25b7b157.jpg,val,clear,daytime,clear
b5b40b5f-da80498b.jpg,F:\xlw\bdd100k_final\images\100k\val\b5b40b5f-da80498b.jpg,val,snowy,daytime,snow
b5b44d2d-60f87448.jpg,F:\xlw\bdd100k_final\images\100k\val\b5b44d2d-60f87448.jpg,val,clear,daytime,clear
b5b63915-697fb8c1.jpg,F:\xlw\bdd100k_final\images\100k\val\b5b63915-697fb8c1.jpg,val,snowy,daytime,snow
b5b71e8e-96a024a9.jpg,F:\xlw\bdd100k_final\images\100k\val\b5b71e8e-96a024a9.jpg,val,overcast,daytime,clear
b5b78553-b7c03da2.jpg,F:\xlw\bdd100k_final\images\100k\val\b5b78553-b7c03da2.jpg,val,clear,night,night
b5b78553-f3a480a1.jpg,F:\xlw\bdd100k_final\images\100k\val\b5b78553-f3a480a1.jpg,val,clear,night,night
b5b79bf9-36cbce30.jpg,F:\xlw\bdd100k_final\images\100k\val\b5b79bf9-36cbce30.jpg,val,overcast,daytime,clear
b5b7d0a6-e63e539f.jpg,F:\xlw\bdd100k_final\images\100k\val\b5b7d0a6-e63e539f.jpg,val,clear,daytime,clear
b5b8e198-730252e5.jpg,F:\xlw\bdd100k_final\images\100k\val\b5b8e198-730252e5.jpg,val,clear,night,night
b5b8e198-9f61fa4b.jpg,F:\xlw\bdd100k_final\images\100k\val\b5b8e198-9f61fa4b.jpg,val,clear,night,night
b5b8e198-b661f016.jpg,F:\xlw\bdd100k_final\images\100k\val\b5b8e198-b661f016.jpg,val,clear,night,night
b5b9915f-71ed958e.jpg,F:\xlw\bdd100k_final\images\100k\val\b5b9915f-71ed958e.jpg,val,clear,night,night
b5baa2a5-1fe22e65.jpg,F:\xlw\bdd100k_final\images\100k\val\b5baa2a5-1fe22e65.jpg,val,overcast,daytime,clear
b5bb11f2-227b8c25.jpg,F:\xlw\bdd100k_final\images\100k\val\b5bb11f2-227b8c25.jpg,val,partly cloudy,daytime,clear
b5bd48b6-0d0d597f.jpg,F:\xlw\bdd100k_final\images\100k\val\b5bd48b6-0d0d597f.jpg,val,clear,night,night
b5bd48b6-14ea233a.jpg,F:\xlw\bdd100k_final\images\100k\val\b5bd48b6-14ea233a.jpg,val,clear,night,night
b5bd48b6-57b53578.jpg,F:\xlw\bdd100k_final\images\100k\val\b5bd48b6-57b53578.jpg,val,clear,night,night
b5bd48b6-c1f01e7a.jpg,F:\xlw\bdd100k_final\images\100k\val\b5bd48b6-c1f01e7a.jpg,val,clear,night,night
b5bd628c-d1f3b854.jpg,F:\xlw\bdd100k_final\images\100k\val\b5bd628c-d1f3b854.jpg,val,clear,night,night
b5be6006-83d630d5.jpg,F:\xlw\bdd100k_final\images\100k\val\b5be6006-83d630d5.jpg,val,clear,daytime,clear
b5be77ad-b861ba83.jpg,F:\xlw\bdd100k_final\images\100k\val\b5be77ad-b861ba83.jpg,val,clear,daytime,clear
b5bf322d-0a139ab3.jpg,F:\xlw\bdd100k_final\images\100k\val\b5bf322d-0a139ab3.jpg,val,clear,daytime,clear
b5bfa85b-d0700971.jpg,F:\xlw\bdd100k_final\images\100k\val\b5bfa85b-d0700971.jpg,val,clear,night,night
b5bfa85b-f1387252.jpg,F:\xlw\bdd100k_final\images\100k\val\b5bfa85b-f1387252.jpg,val,clear,night,night
b5c12993-1b9c5f96.jpg,F:\xlw\bdd100k_final\images\100k\val\b5c12993-1b9c5f96.jpg,val,clear,night,night
b5c12993-4c3d9135.jpg,F:\xlw\bdd100k_final\images\100k\val\b5c12993-4c3d9135.jpg,val,overcast,night,night
b5c12993-8cba5224.jpg,F:\xlw\bdd100k_final\images\100k\val\b5c12993-8cba5224.jpg,val,overcast,daytime,clear
b5c204e0-17acc044.jpg,F:\xlw\bdd100k_final\images\100k\val\b5c204e0-17acc044.jpg,val,clear,daytime,clear
b5c259f3-b10eeca5.jpg,F:\xlw\bdd100k_final\images\100k\val\b5c259f3-b10eeca5.jpg,val,clear,night,night
b5c30297-f0b3279b.jpg,F:\xlw\bdd100k_final\images\100k\val\b5c30297-f0b3279b.jpg,val,clear,daytime,clear
b5c324dc-68f1aa1d.jpg,F:\xlw\bdd100k_final\images\100k\val\b5c324dc-68f1aa1d.jpg,val,overcast,daytime,clear
b5c351d3-b02bda28.jpg,F:\xlw\bdd100k_final\images\100k\val\b5c351d3-b02bda28.jpg,val,clear,night,night
b5c6d506-d687e2ab.jpg,F:\xlw\bdd100k_final\images\100k\val\b5c6d506-d687e2ab.jpg,val,clear,night,night
b5ca1339-b9f4a4e0.jpg,F:\xlw\bdd100k_final\images\100k\val\b5ca1339-b9f4a4e0.jpg,val,clear,daytime,clear
b5cb11ce-46ac0ae7.jpg,F:\xlw\bdd100k_final\images\100k\val\b5cb11ce-46ac0ae7.jpg,val,snowy,daytime,snow
b5cb8753-b8a2ddb5.jpg,F:\xlw\bdd100k_final\images\100k\val\b5cb8753-b8a2ddb5.jpg,val,clear,night,night
b5cc7455-d2f5900f.jpg,F:\xlw\bdd100k_final\images\100k\val\b5cc7455-d2f5900f.jpg,val,clear,night,night
b5cd3939-44dd0c20.jpg,F:\xlw\bdd100k_final\images\100k\val\b5cd3939-44dd0c20.jpg,val,overcast,daytime,clear
b5cd3939-4a911068.jpg,F:\xlw\bdd100k_final\images\100k\val\b5cd3939-4a911068.jpg,val,snowy,daytime,snow
b5cd3939-a7dffd2d.jpg,F:\xlw\bdd100k_final\images\100k\val\b5cd3939-a7dffd2d.jpg,val,snowy,daytime,snow
b5cd5f72-32232751.jpg,F:\xlw\bdd100k_final\images\100k\val\b5cd5f72-32232751.jpg,val,overcast,daytime,clear
b5cf8afa-b54535d2.jpg,F:\xlw\bdd100k_final\images\100k\val\b5cf8afa-b54535d2.jpg,val,overcast,daytime,clear
b5d06d78-e4ecfa0c.jpg,F:\xlw\bdd100k_final\images\100k\val\b5d06d78-e4ecfa0c.jpg,val,clear,night,night
b5d4dc8d-99e1e150.jpg,F:\xlw\bdd100k_final\images\100k\val\b5d4dc8d-99e1e150.jpg,val,partly cloudy,daytime,clear
b5d4dc8d-f867ef92.jpg,F:\xlw\bdd100k_final\images\100k\val\b5d4dc8d-f867ef92.jpg,val,partly cloudy,daytime,clear
b5d63e8d-061c1a6f.jpg,F:\xlw\bdd100k_final\images\100k\val\b5d63e8d-061c1a6f.jpg,val,clear,night,night
b5d63e8d-be6df898.jpg,F:\xlw\bdd100k_final\images\100k\val\b5d63e8d-be6df898.jpg,val,clear,night,night
b5d6e647-0bf0a7e9.jpg,F:\xlw\bdd100k_final\images\100k\val\b5d6e647-0bf0a7e9.jpg,val,clear,night,night
b5d6e647-12d214ab.jpg,F:\xlw\bdd100k_final\images\100k\val\b5d6e647-12d214ab.jpg,val,clear,night,night
b5d6e647-3760c7b9.jpg,F:\xlw\bdd100k_final\images\100k\val\b5d6e647-3760c7b9.jpg,val,clear,night,night
b5d6e647-38b01d56.jpg,F:\xlw\bdd100k_final\images\100k\val\b5d6e647-38b01d56.jpg,val,clear,night,night
b5d6e647-44af4f17.jpg,F:\xlw\bdd100k_final\images\100k\val\b5d6e647-44af4f17.jpg,val,clear,night,night
b5d7832a-63caf5b3.jpg,F:\xlw\bdd100k_final\images\100k\val\b5d7832a-63caf5b3.jpg,val,clear,night,night
b5d7f73a-ec61468b.jpg,F:\xlw\bdd100k_final\images\100k\val\b5d7f73a-ec61468b.jpg,val,clear,night,night
b5d8894a-d99dbb00.jpg,F:\xlw\bdd100k_final\images\100k\val\b5d8894a-d99dbb00.jpg,val,clear,night,night
b5d9531f-48222cf3.jpg,F:\xlw\bdd100k_final\images\100k\val\b5d9531f-48222cf3.jpg,val,overcast,daytime,clear
b5dd20c5-250725fa.jpg,F:\xlw\bdd100k_final\images\100k\val\b5dd20c5-250725fa.jpg,val,undefined,night,night
b5dd20c5-4e1112c7.jpg,F:\xlw\bdd100k_final\images\100k\val\b5dd20c5-4e1112c7.jpg,val,clear,night,night
b5dd20c5-4f784dcf.jpg,F:\xlw\bdd100k_final\images\100k\val\b5dd20c5-4f784dcf.jpg,val,clear,night,night
b5dd20c5-544163f6.jpg,F:\xlw\bdd100k_final\images\100k\val\b5dd20c5-544163f6.jpg,val,clear,night,night
b5dd20c5-ac20e15b.jpg,F:\xlw\bdd100k_final\images\100k\val\b5dd20c5-ac20e15b.jpg,val,clear,night,night
b5dd20c5-ed2da652.jpg,F:\xlw\bdd100k_final\images\100k\val\b5dd20c5-ed2da652.jpg,val,clear,night,night
b5dd8a5f-431c4fc2.jpg,F:\xlw\bdd100k_final\images\100k\val\b5dd8a5f-431c4fc2.jpg,val,clear,night,night
b5dd8a5f-9e1a2077.jpg,F:\xlw\bdd100k_final\images\100k\val\b5dd8a5f-9e1a2077.jpg,val,clear,night,night
b5dd8a5f-ef468c83.jpg,F:\xlw\bdd100k_final\images\100k\val\b5dd8a5f-ef468c83.jpg,val,clear,night,night
b5ddd07f-ef2cf011.jpg,F:\xlw\bdd100k_final\images\100k\val\b5ddd07f-ef2cf011.jpg,val,overcast,daytime,clear
b5dec5e7-065a0bb3.jpg,F:\xlw\bdd100k_final\images\100k\val\b5dec5e7-065a0bb3.jpg,val,foggy,night,night
b5dec5e7-58274881.jpg,F:\xlw\bdd100k_final\images\100k\val\b5dec5e7-58274881.jpg,val,undefined,night,night
b5dec5e7-5d59cc3b.jpg,F:\xlw\bdd100k_final\images\100k\val\b5dec5e7-5d59cc3b.jpg,val,snowy,night,night
b5dec5e7-8066e35c.jpg,F:\xlw\bdd100k_final\images\100k\val\b5dec5e7-8066e35c.jpg,val,snowy,night,night
b5e0b513-da3b4402.jpg,F:\xlw\bdd100k_final\images\100k\val\b5e0b513-da3b4402.jpg,val,clear,night,night
b5e1a441-3bc3277c.jpg,F:\xlw\bdd100k_final\images\100k\val\b5e1a441-3bc3277c.jpg,val,clear,night,night
b5e247fe-c9599f82.jpg,F:\xlw\bdd100k_final\images\100k\val\b5e247fe-c9599f82.jpg,val,rainy,daytime,rain
b5e387a7-6a010e5e.jpg,F:\xlw\bdd100k_final\images\100k\val\b5e387a7-6a010e5e.jpg,val,clear,night,night
b5e387a7-9c4a9214.jpg,F:\xlw\bdd100k_final\images\100k\val\b5e387a7-9c4a9214.jpg,val,clear,night,night
b5e387a7-e3a60891.jpg,F:\xlw\bdd100k_final\images\100k\val\b5e387a7-e3a60891.jpg,val,clear,night,night
b5e3b8c6-cdc3804c.jpg,F:\xlw\bdd100k_final\images\100k\val\b5e3b8c6-cdc3804c.jpg,val,clear,night,night
b5e3b8c6-e50a2999.jpg,F:\xlw\bdd100k_final\images\100k\val\b5e3b8c6-e50a2999.jpg,val,clear,night,night
b5e52b21-46c57b31.jpg,F:\xlw\bdd100k_final\images\100k\val\b5e52b21-46c57b31.jpg,val,clear,night,night
b5e9c2d4-cc0c1c73.jpg,F:\xlw\bdd100k_final\images\100k\val\b5e9c2d4-cc0c1c73.jpg,val,clear,night,night
b5eaada1-27688041.jpg,F:\xlw\bdd100k_final\images\100k\val\b5eaada1-27688041.jpg,val,clear,night,night
b5ece4bd-17087c46.jpg,F:\xlw\bdd100k_final\images\100k\val\b5ece4bd-17087c46.jpg,val,clear,night,night
b5ecfd7e-fcdaceb0.jpg,F:\xlw\bdd100k_final\images\100k\val\b5ecfd7e-fcdaceb0.jpg,val,partly cloudy,daytime,clear
b5ed8eaa-03e27c26.jpg,F:\xlw\bdd100k_final\images\100k\val\b5ed8eaa-03e27c26.jpg,val,snowy,daytime,snow
b5ed8eaa-3fb2802d.jpg,F:\xlw\bdd100k_final\images\100k\val\b5ed8eaa-3fb2802d.jpg,val,snowy,night,night
b5f5d0e1-200575fc.jpg,F:\xlw\bdd100k_final\images\100k\val\b5f5d0e1-200575fc.jpg,val,clear,night,night
b5f6f399-ca14804c.jpg,F:\xlw\bdd100k_final\images\100k\val\b5f6f399-ca14804c.jpg,val,rainy,night,night
b5f7a789-10124031.jpg,F:\xlw\bdd100k_final\images\100k\val\b5f7a789-10124031.jpg,val,clear,night,night
b5f9cb1e-c84e2ce9.jpg,F:\xlw\bdd100k_final\images\100k\val\b5f9cb1e-c84e2ce9.jpg,val,clear,daytime,clear
b5fac784-638336fd.jpg,F:\xlw\bdd100k_final\images\100k\val\b5fac784-638336fd.jpg,val,overcast,daytime,clear
b5fc0f1e-882a7cce.jpg,F:\xlw\bdd100k_final\images\100k\val\b5fc0f1e-882a7cce.jpg,val,clear,night,night
b5fc1373-94aaab40.jpg,F:\xlw\bdd100k_final\images\100k\val\b5fc1373-94aaab40.jpg,val,clear,daytime,clear
b5fca52d-b459be9c.jpg,F:\xlw\bdd100k_final\images\100k\val\b5fca52d-b459be9c.jpg,val,clear,daytime,clear
b5fcec51-bb59c567.jpg,F:\xlw\bdd100k_final\images\100k\val\b5fcec51-bb59c567.jpg,val,clear,daytime,clear
b5fd8bf6-fa9be3ca.jpg,F:\xlw\bdd100k_final\images\100k\val\b5fd8bf6-fa9be3ca.jpg,val,clear,daytime,clear
b5fe17dd-52352131.jpg,F:\xlw\bdd100k_final\images\100k\val\b5fe17dd-52352131.jpg,val,overcast,daytime,clear
b5fe17dd-84fab99d.jpg,F:\xlw\bdd100k_final\images\100k\val\b5fe17dd-84fab99d.jpg,val,rainy,daytime,rain
b5fe17dd-b6648364.jpg,F:\xlw\bdd100k_final\images\100k\val\b5fe17dd-b6648364.jpg,val,overcast,daytime,clear
b5ff07b5-3411352a.jpg,F:\xlw\bdd100k_final\images\100k\val\b5ff07b5-3411352a.jpg,val,clear,night,night
b5ff07b5-b983e1a5.jpg,F:\xlw\bdd100k_final\images\100k\val\b5ff07b5-b983e1a5.jpg,val,clear,night,night
b5ff07b5-c8fe49f4.jpg,F:\xlw\bdd100k_final\images\100k\val\b5ff07b5-c8fe49f4.jpg,val,clear,night,night
b60011a3-6490e0d9.jpg,F:\xlw\bdd100k_final\images\100k\val\b60011a3-6490e0d9.jpg,val,clear,night,night
b60011a3-7449f997.jpg,F:\xlw\bdd100k_final\images\100k\val\b60011a3-7449f997.jpg,val,clear,night,night
b60011a3-fff85077.jpg,F:\xlw\bdd100k_final\images\100k\val\b60011a3-fff85077.jpg,val,clear,night,night
b6018b92-f949cae0.jpg,F:\xlw\bdd100k_final\images\100k\val\b6018b92-f949cae0.jpg,val,snowy,daytime,snow
b6036b55-6bc2eeef.jpg,F:\xlw\bdd100k_final\images\100k\val\b6036b55-6bc2eeef.jpg,val,clear,daytime,clear
b603f785-b94d2adc.jpg,F:\xlw\bdd100k_final\images\100k\val\b603f785-b94d2adc.jpg,val,clear,night,night
b603f785-de5db004.jpg,F:\xlw\bdd100k_final\images\100k\val\b603f785-de5db004.jpg,val,clear,daytime,clear
b605d5d8-7d6ea5cc.jpg,F:\xlw\bdd100k_final\images\100k\val\b605d5d8-7d6ea5cc.jpg,val,clear,night,night
b605d5d8-a398208d.jpg,F:\xlw\bdd100k_final\images\100k\val\b605d5d8-a398208d.jpg,val,clear,daytime,clear
b605d5d8-d9310a5c.jpg,F:\xlw\bdd100k_final\images\100k\val\b605d5d8-d9310a5c.jpg,val,clear,daytime,clear
b605d5d8-ec6fab2b.jpg,F:\xlw\bdd100k_final\images\100k\val\b605d5d8-ec6fab2b.jpg,val,partly cloudy,daytime,clear
b605ed2a-06f43bb3.jpg,F:\xlw\bdd100k_final\images\100k\val\b605ed2a-06f43bb3.jpg,val,clear,night,night
b607dd6a-1d8f33b9.jpg,F:\xlw\bdd100k_final\images\100k\val\b607dd6a-1d8f33b9.jpg,val,clear,daytime,clear
b60a5583-0fe24e80.jpg,F:\xlw\bdd100k_final\images\100k\val\b60a5583-0fe24e80.jpg,val,clear,night,night
b60a623a-4df2b0c0.jpg,F:\xlw\bdd100k_final\images\100k\val\b60a623a-4df2b0c0.jpg,val,rainy,daytime,rain
b60da546-ee383124.jpg,F:\xlw\bdd100k_final\images\100k\val\b60da546-ee383124.jpg,val,clear,night,night
b60ea3fe-609eecca.jpg,F:\xlw\bdd100k_final\images\100k\val\b60ea3fe-609eecca.jpg,val,clear,night,night
b60f1db0-5032d338.jpg,F:\xlw\bdd100k_final\images\100k\val\b60f1db0-5032d338.jpg,val,rainy,daytime,rain
b610204c-e3c8c65f.jpg,F:\xlw\bdd100k_final\images\100k\val\b610204c-e3c8c65f.jpg,val,overcast,daytime,clear
b61212a0-3ddd6209.jpg,F:\xlw\bdd100k_final\images\100k\val\b61212a0-3ddd6209.jpg,val,clear,night,night
b61212a0-78ccafee.jpg,F:\xlw\bdd100k_final\images\100k\val\b61212a0-78ccafee.jpg,val,clear,night,night
b61212a0-ca782534.jpg,F:\xlw\bdd100k_final\images\100k\val\b61212a0-ca782534.jpg,val,clear,night,night
b6123103-45edd1d3.jpg,F:\xlw\bdd100k_final\images\100k\val\b6123103-45edd1d3.jpg,val,rainy,daytime,rain
b612e792-38b302a3.jpg,F:\xlw\bdd100k_final\images\100k\val\b612e792-38b302a3.jpg,val,clear,daytime,clear
b612e792-38fc9d6d.jpg,F:\xlw\bdd100k_final\images\100k\val\b612e792-38fc9d6d.jpg,val,clear,daytime,clear
b61456bb-5bfb50ee.jpg,F:\xlw\bdd100k_final\images\100k\val\b61456bb-5bfb50ee.jpg,val,rainy,daytime,rain
b61459f8-ae92ce64.jpg,F:\xlw\bdd100k_final\images\100k\val\b61459f8-ae92ce64.jpg,val,clear,daytime,clear
b6149edb-63dcde71.jpg,F:\xlw\bdd100k_final\images\100k\val\b6149edb-63dcde71.jpg,val,clear,daytime,clear
b61527e7-207eccc6.jpg,F:\xlw\bdd100k_final\images\100k\val\b61527e7-207eccc6.jpg,val,clear,night,night
b61527e7-ed487cc5.jpg,F:\xlw\bdd100k_final\images\100k\val\b61527e7-ed487cc5.jpg,val,clear,night,night
b61659ca-b9aded69.jpg,F:\xlw\bdd100k_final\images\100k\val\b61659ca-b9aded69.jpg,val,clear,night,night
b6174277-7c80aaa7.jpg,F:\xlw\bdd100k_final\images\100k\val\b6174277-7c80aaa7.jpg,val,clear,night,night
b61a8404-29009d48.jpg,F:\xlw\bdd100k_final\images\100k\val\b61a8404-29009d48.jpg,val,partly cloudy,daytime,clear
b61aec41-121a3d3a.jpg,F:\xlw\bdd100k_final\images\100k\val\b61aec41-121a3d3a.jpg,val,clear,night,night
b61aec41-15e06558.jpg,F:\xlw\bdd100k_final\images\100k\val\b61aec41-15e06558.jpg,val,clear,night,night
b61aec41-7b16e55c.jpg,F:\xlw\bdd100k_final\images\100k\val\b61aec41-7b16e55c.jpg,val,overcast,daytime,clear
b61aec41-95a44c1c.jpg,F:\xlw\bdd100k_final\images\100k\val\b61aec41-95a44c1c.jpg,val,clear,night,night
b61d661f-2d7bac86.jpg,F:\xlw\bdd100k_final\images\100k\val\b61d661f-2d7bac86.jpg,val,clear,night,night
b61f162d-b6e10f56.jpg,F:\xlw\bdd100k_final\images\100k\val\b61f162d-b6e10f56.jpg,val,clear,daytime,clear
b61f19ba-ae781838.jpg,F:\xlw\bdd100k_final\images\100k\val\b61f19ba-ae781838.jpg,val,snowy,daytime,snow
b61f7b3d-1e5fa9ff.jpg,F:\xlw\bdd100k_final\images\100k\val\b61f7b3d-1e5fa9ff.jpg,val,clear,daytime,clear
b61fda8b-dbcf61c1.jpg,F:\xlw\bdd100k_final\images\100k\val\b61fda8b-dbcf61c1.jpg,val,overcast,daytime,clear
b61fda8b-fc0a3fe7.jpg,F:\xlw\bdd100k_final\images\100k\val\b61fda8b-fc0a3fe7.jpg,val,partly cloudy,daytime,clear
b6200832-fe3e43b0.jpg,F:\xlw\bdd100k_final\images\100k\val\b6200832-fe3e43b0.jpg,val,clear,night,night
b620b595-74b20761.jpg,F:\xlw\bdd100k_final\images\100k\val\b620b595-74b20761.jpg,val,partly cloudy,daytime,clear
b621872c-51db2c14.jpg,F:\xlw\bdd100k_final\images\100k\val\b621872c-51db2c14.jpg,val,overcast,daytime,clear
b6219281-0695c9fd.jpg,F:\xlw\bdd100k_final\images\100k\val\b6219281-0695c9fd.jpg,val,overcast,daytime,clear
b6219281-2b4b9493.jpg,F:\xlw\bdd100k_final\images\100k\val\b6219281-2b4b9493.jpg,val,overcast,daytime,clear
b6219281-861a5ba7.jpg,F:\xlw\bdd100k_final\images\100k\val\b6219281-861a5ba7.jpg,val,partly cloudy,daytime,clear
b6219281-9780cb21.jpg,F:\xlw\bdd100k_final\images\100k\val\b6219281-9780cb21.jpg,val,clear,daytime,clear
b62279e2-0a5adb4c.jpg,F:\xlw\bdd100k_final\images\100k\val\b62279e2-0a5adb4c.jpg,val,partly cloudy,daytime,clear
b62279e2-257b5cc0.jpg,F:\xlw\bdd100k_final\images\100k\val\b62279e2-257b5cc0.jpg,val,partly cloudy,daytime,clear
b6227ecd-ecc44823.jpg,F:\xlw\bdd100k_final\images\100k\val\b6227ecd-ecc44823.jpg,val,clear,night,night
b6228f2b-42996a33.jpg,F:\xlw\bdd100k_final\images\100k\val\b6228f2b-42996a33.jpg,val,clear,night,night
b6230fb4-02138607.jpg,F:\xlw\bdd100k_final\images\100k\val\b6230fb4-02138607.jpg,val,clear,daytime,clear
b6241b17-301c2e2e.jpg,F:\xlw\bdd100k_final\images\100k\val\b6241b17-301c2e2e.jpg,val,overcast,daytime,clear
b6241b17-840feb5b.jpg,F:\xlw\bdd100k_final\images\100k\val\b6241b17-840feb5b.jpg,val,partly cloudy,daytime,clear
b6241b17-b82f1b25.jpg,F:\xlw\bdd100k_final\images\100k\val\b6241b17-b82f1b25.jpg,val,partly cloudy,daytime,clear
b629c466-a0893075.jpg,F:\xlw\bdd100k_final\images\100k\val\b629c466-a0893075.jpg,val,partly cloudy,daytime,clear
b62b4989-3b60bb9c.jpg,F:\xlw\bdd100k_final\images\100k\val\b62b4989-3b60bb9c.jpg,val,clear,night,night
b62bef56-29a2dde5.jpg,F:\xlw\bdd100k_final\images\100k\val\b62bef56-29a2dde5.jpg,val,clear,night,night
b62bef56-3f15e2c9.jpg,F:\xlw\bdd100k_final\images\100k\val\b62bef56-3f15e2c9.jpg,val,clear,night,night
b62bef56-b08de744.jpg,F:\xlw\bdd100k_final\images\100k\val\b62bef56-b08de744.jpg,val,clear,night,night
b62c825e-75f4cc31.jpg,F:\xlw\bdd100k_final\images\100k\val\b62c825e-75f4cc31.jpg,val,clear,night,night
b62e6504-687ea24f.jpg,F:\xlw\bdd100k_final\images\100k\val\b62e6504-687ea24f.jpg,val,clear,daytime,clear
b63368bc-17582ebd.jpg,F:\xlw\bdd100k_final\images\100k\val\b63368bc-17582ebd.jpg,val,snowy,night,night
b63368bc-37bc42c5.jpg,F:\xlw\bdd100k_final\images\100k\val\b63368bc-37bc42c5.jpg,val,clear,night,night
b633ed08-08a8b4ce.jpg,F:\xlw\bdd100k_final\images\100k\val\b633ed08-08a8b4ce.jpg,val,snowy,night,night
b6359092-fc2faab6.jpg,F:\xlw\bdd100k_final\images\100k\val\b6359092-fc2faab6.jpg,val,clear,daytime,clear
b6375e65-94027fd8.jpg,F:\xlw\bdd100k_final\images\100k\val\b6375e65-94027fd8.jpg,val,clear,night,night
b6375e65-d6e0692e.jpg,F:\xlw\bdd100k_final\images\100k\val\b6375e65-d6e0692e.jpg,val,clear,night,night
b63a501b-90039f36.jpg,F:\xlw\bdd100k_final\images\100k\val\b63a501b-90039f36.jpg,val,clear,daytime,clear
b63ae329-24084d65.jpg,F:\xlw\bdd100k_final\images\100k\val\b63ae329-24084d65.jpg,val,clear,daytime,clear
b63b1c14-f01a2f6b.jpg,F:\xlw\bdd100k_final\images\100k\val\b63b1c14-f01a2f6b.jpg,val,overcast,daytime,clear
b63fe296-4c1819fe.jpg,F:\xlw\bdd100k_final\images\100k\val\b63fe296-4c1819fe.jpg,val,clear,daytime,clear
b641595b-a1ea9ccc.jpg,F:\xlw\bdd100k_final\images\100k\val\b641595b-a1ea9ccc.jpg,val,overcast,daytime,clear
b643ea5a-af37c824.jpg,F:\xlw\bdd100k_final\images\100k\val\b643ea5a-af37c824.jpg,val,partly cloudy,daytime,clear
b645271a-42c7ec52.jpg,F:\xlw\bdd100k_final\images\100k\val\b645271a-42c7ec52.jpg,val,rainy,night,night
b645271a-cd9ec256.jpg,F:\xlw\bdd100k_final\images\100k\val\b645271a-cd9ec256.jpg,val,clear,night,night
b645e381-3d9a5456.jpg,F:\xlw\bdd100k_final\images\100k\val\b645e381-3d9a5456.jpg,val,rainy,night,night
b6478560-1d584e43.jpg,F:\xlw\bdd100k_final\images\100k\val\b6478560-1d584e43.jpg,val,clear,night,night
b6487a3e-2ddb32e0.jpg,F:\xlw\bdd100k_final\images\100k\val\b6487a3e-2ddb32e0.jpg,val,clear,daytime,clear
b64e5796-3aa7adc0.jpg,F:\xlw\bdd100k_final\images\100k\val\b64e5796-3aa7adc0.jpg,val,clear,night,night
b64e5796-be9c7667.jpg,F:\xlw\bdd100k_final\images\100k\val\b64e5796-be9c7667.jpg,val,clear,night,night
b65081c3-7ace0408.jpg,F:\xlw\bdd100k_final\images\100k\val\b65081c3-7ace0408.jpg,val,clear,night,night
b65081c3-9fb008e3.jpg,F:\xlw\bdd100k_final\images\100k\val\b65081c3-9fb008e3.jpg,val,clear,night,night
b65081c3-a3dde936.jpg,F:\xlw\bdd100k_final\images\100k\val\b65081c3-a3dde936.jpg,val,clear,night,night
b651ca9e-a11f85d6.jpg,F:\xlw\bdd100k_final\images\100k\val\b651ca9e-a11f85d6.jpg,val,rainy,daytime,rain
b6530006-b43698a3.jpg,F:\xlw\bdd100k_final\images\100k\val\b6530006-b43698a3.jpg,val,clear,daytime,clear
b6541edc-7408a6a4.jpg,F:\xlw\bdd100k_final\images\100k\val\b6541edc-7408a6a4.jpg,val,clear,daytime,clear
b6541edc-ecc17d4b.jpg,F:\xlw\bdd100k_final\images\100k\val\b6541edc-ecc17d4b.jpg,val,clear,daytime,clear
b65688be-a25d3375.jpg,F:\xlw\bdd100k_final\images\100k\val\b65688be-a25d3375.jpg,val,clear,night,night
b6579e76-1d48651a.jpg,F:\xlw\bdd100k_final\images\100k\val\b6579e76-1d48651a.jpg,val,clear,daytime,clear
b6579e76-7415d4ba.jpg,F:\xlw\bdd100k_final\images\100k\val\b6579e76-7415d4ba.jpg,val,snowy,daytime,snow
b6579e76-9da25188.jpg,F:\xlw\bdd100k_final\images\100k\val\b6579e76-9da25188.jpg,val,snowy,night,night
b6579e76-e438da36.jpg,F:\xlw\bdd100k_final\images\100k\val\b6579e76-e438da36.jpg,val,overcast,daytime,clear
b6579e76-e88b3d6d.jpg,F:\xlw\bdd100k_final\images\100k\val\b6579e76-e88b3d6d.jpg,val,snowy,daytime,snow
b657d595-3f1fa3ca.jpg,F:\xlw\bdd100k_final\images\100k\val\b657d595-3f1fa3ca.jpg,val,clear,night,night
b657d595-af4a9aee.jpg,F:\xlw\bdd100k_final\images\100k\val\b657d595-af4a9aee.jpg,val,clear,night,night
b657d595-e1026272.jpg,F:\xlw\bdd100k_final\images\100k\val\b657d595-e1026272.jpg,val,clear,night,night
b6592e95-0eaf85a5.jpg,F:\xlw\bdd100k_final\images\100k\val\b6592e95-0eaf85a5.jpg,val,clear,night,night
b6592e95-6e497868.jpg,F:\xlw\bdd100k_final\images\100k\val\b6592e95-6e497868.jpg,val,snowy,night,night
b65db570-815a9c9a.jpg,F:\xlw\bdd100k_final\images\100k\val\b65db570-815a9c9a.jpg,val,clear,night,night
b65fadaa-c6abbbaa.jpg,F:\xlw\bdd100k_final\images\100k\val\b65fadaa-c6abbbaa.jpg,val,overcast,daytime,clear
b65fd3df-87ed965a.jpg,F:\xlw\bdd100k_final\images\100k\val\b65fd3df-87ed965a.jpg,val,clear,daytime,clear
b65ff14a-fc05765f.jpg,F:\xlw\bdd100k_final\images\100k\val\b65ff14a-fc05765f.jpg,val,clear,daytime,clear
b6606454-86d77cb2.jpg,F:\xlw\bdd100k_final\images\100k\val\b6606454-86d77cb2.jpg,val,clear,daytime,clear
b6606454-a4fca360.jpg,F:\xlw\bdd100k_final\images\100k\val\b6606454-a4fca360.jpg,val,clear,daytime,clear
b6642e30-6d6af891.jpg,F:\xlw\bdd100k_final\images\100k\val\b6642e30-6d6af891.jpg,val,snowy,night,night
b6642e30-93accfbe.jpg,F:\xlw\bdd100k_final\images\100k\val\b6642e30-93accfbe.jpg,val,snowy,night,night
b6642e30-d87afdb2.jpg,F:\xlw\bdd100k_final\images\100k\val\b6642e30-d87afdb2.jpg,val,snowy,night,night
b66462a4-ce0558e1.jpg,F:\xlw\bdd100k_final\images\100k\val\b66462a4-ce0558e1.jpg,val,clear,night,night
b6658d33-6dbf3405.jpg,F:\xlw\bdd100k_final\images\100k\val\b6658d33-6dbf3405.jpg,val,clear,night,night
b6658d33-adfea9cf.jpg,F:\xlw\bdd100k_final\images\100k\val\b6658d33-adfea9cf.jpg,val,clear,night,night
b6658d33-e6bc8c60.jpg,F:\xlw\bdd100k_final\images\100k\val\b6658d33-e6bc8c60.jpg,val,clear,night,night
b6658d33-fe2d18f8.jpg,F:\xlw\bdd100k_final\images\100k\val\b6658d33-fe2d18f8.jpg,val,clear,night,night
b6663f36-805c1a0e.jpg,F:\xlw\bdd100k_final\images\100k\val\b6663f36-805c1a0e.jpg,val,snowy,daytime,snow
b666b95d-c38366c7.jpg,F:\xlw\bdd100k_final\images\100k\val\b666b95d-c38366c7.jpg,val,rainy,daytime,rain
b6673f98-1e13354a.jpg,F:\xlw\bdd100k_final\images\100k\val\b6673f98-1e13354a.jpg,val,clear,daytime,clear
b6673f98-662b331b.jpg,F:\xlw\bdd100k_final\images\100k\val\b6673f98-662b331b.jpg,val,partly cloudy,daytime,clear
b6673f98-d6661115.jpg,F:\xlw\bdd100k_final\images\100k\val\b6673f98-d6661115.jpg,val,partly cloudy,daytime,clear
b668a2f1-71cdf31d.jpg,F:\xlw\bdd100k_final\images\100k\val\b668a2f1-71cdf31d.jpg,val,clear,daytime,clear
b6695a33-42d20aa3.jpg,F:\xlw\bdd100k_final\images\100k\val\b6695a33-42d20aa3.jpg,val,clear,night,night
b66c8021-7cb6d587.jpg,F:\xlw\bdd100k_final\images\100k\val\b66c8021-7cb6d587.jpg,val,partly cloudy,daytime,clear
b66c89a6-0e3787ab.jpg,F:\xlw\bdd100k_final\images\100k\val\b66c89a6-0e3787ab.jpg,val,clear,night,night
b66ecd35-8de7da84.jpg,F:\xlw\bdd100k_final\images\100k\val\b66ecd35-8de7da84.jpg,val,clear,night,night
b66f7339-b14741dc.jpg,F:\xlw\bdd100k_final\images\100k\val\b66f7339-b14741dc.jpg,val,clear,night,night
b67206f2-c8c9f269.jpg,F:\xlw\bdd100k_final\images\100k\val\b67206f2-c8c9f269.jpg,val,clear,night,night
b6741a2c-5a933eb6.jpg,F:\xlw\bdd100k_final\images\100k\val\b6741a2c-5a933eb6.jpg,val,rainy,night,night
b6741a2c-5fd7704c.jpg,F:\xlw\bdd100k_final\images\100k\val\b6741a2c-5fd7704c.jpg,val,rainy,night,night
b674bc13-24a7836b.jpg,F:\xlw\bdd100k_final\images\100k\val\b674bc13-24a7836b.jpg,val,clear,night,night
b674bc13-27dd7ecf.jpg,F:\xlw\bdd100k_final\images\100k\val\b674bc13-27dd7ecf.jpg,val,clear,night,night
b674bc13-2b4cdef3.jpg,F:\xlw\bdd100k_final\images\100k\val\b674bc13-2b4cdef3.jpg,val,clear,night,night
b674bc13-3e309d54.jpg,F:\xlw\bdd100k_final\images\100k\val\b674bc13-3e309d54.jpg,val,clear,night,night
b674bc13-41fca4db.jpg,F:\xlw\bdd100k_final\images\100k\val\b674bc13-41fca4db.jpg,val,rainy,night,night
b674bc13-8a296606.jpg,F:\xlw\bdd100k_final\images\100k\val\b674bc13-8a296606.jpg,val,clear,night,night
b674bc13-dceb1013.jpg,F:\xlw\bdd100k_final\images\100k\val\b674bc13-dceb1013.jpg,val,rainy,night,night
b674bc13-f5f68ca6.jpg,F:\xlw\bdd100k_final\images\100k\val\b674bc13-f5f68ca6.jpg,val,clear,night,night
b6763bf3-348c7b94.jpg,F:\xlw\bdd100k_final\images\100k\val\b6763bf3-348c7b94.jpg,val,clear,night,night
b6769965-61689289.jpg,F:\xlw\bdd100k_final\images\100k\val\b6769965-61689289.jpg,val,clear,night,night
b6770025-c81ef5ed.jpg,F:\xlw\bdd100k_final\images\100k\val\b6770025-c81ef5ed.jpg,val,overcast,daytime,clear
b677a46e-fb00fe82.jpg,F:\xlw\bdd100k_final\images\100k\val\b677a46e-fb00fe82.jpg,val,clear,night,night
b678cf28-16eac9dc.jpg,F:\xlw\bdd100k_final\images\100k\val\b678cf28-16eac9dc.jpg,val,snowy,daytime,snow
b6795a21-1fab0f9e.jpg,F:\xlw\bdd100k_final\images\100k\val\b6795a21-1fab0f9e.jpg,val,clear,night,night
b67a1d26-573dee1f.jpg,F:\xlw\bdd100k_final\images\100k\val\b67a1d26-573dee1f.jpg,val,snowy,daytime,snow
b67cbe89-ef413620.jpg,F:\xlw\bdd100k_final\images\100k\val\b67cbe89-ef413620.jpg,val,partly cloudy,daytime,clear
b67d5d14-90c181ab.jpg,F:\xlw\bdd100k_final\images\100k\val\b67d5d14-90c181ab.jpg,val,clear,daytime,clear
b67d5d14-ecdff820.jpg,F:\xlw\bdd100k_final\images\100k\val\b67d5d14-ecdff820.jpg,val,clear,daytime,clear
b67d5d14-fbc8866e.jpg,F:\xlw\bdd100k_final\images\100k\val\b67d5d14-fbc8866e.jpg,val,snowy,daytime,snow
b6804637-851a6e28.jpg,F:\xlw\bdd100k_final\images\100k\val\b6804637-851a6e28.jpg,val,snowy,daytime,snow
b680f9ff-3edc5eee.jpg,F:\xlw\bdd100k_final\images\100k\val\b680f9ff-3edc5eee.jpg,val,clear,night,night
b680f9ff-c3577e59.jpg,F:\xlw\bdd100k_final\images\100k\val\b680f9ff-c3577e59.jpg,val,clear,night,night
b683b494-0b21b850.jpg,F:\xlw\bdd100k_final\images\100k\val\b683b494-0b21b850.jpg,val,overcast,daytime,clear
b683c5c9-94747d74.jpg,F:\xlw\bdd100k_final\images\100k\val\b683c5c9-94747d74.jpg,val,clear,night,night
b685cf4e-e1378204.jpg,F:\xlw\bdd100k_final\images\100k\val\b685cf4e-e1378204.jpg,val,partly cloudy,daytime,clear
b685eb37-dc649de0.jpg,F:\xlw\bdd100k_final\images\100k\val\b685eb37-dc649de0.jpg,val,clear,night,night
b6876a74-8532d216.jpg,F:\xlw\bdd100k_final\images\100k\val\b6876a74-8532d216.jpg,val,overcast,daytime,clear
b68913f1-029e9d1a.jpg,F:\xlw\bdd100k_final\images\100k\val\b68913f1-029e9d1a.jpg,val,clear,daytime,clear
b689c867-5a0ac45a.jpg,F:\xlw\bdd100k_final\images\100k\val\b689c867-5a0ac45a.jpg,val,clear,daytime,clear
b68a000f-9a8091f9.jpg,F:\xlw\bdd100k_final\images\100k\val\b68a000f-9a8091f9.jpg,val,clear,daytime,clear
b68a0153-2c58a0e3.jpg,F:\xlw\bdd100k_final\images\100k\val\b68a0153-2c58a0e3.jpg,val,clear,night,night
b68e35b5-865cf5ee.jpg,F:\xlw\bdd100k_final\images\100k\val\b68e35b5-865cf5ee.jpg,val,clear,daytime,clear
b68e35b5-a135e64a.jpg,F:\xlw\bdd100k_final\images\100k\val\b68e35b5-a135e64a.jpg,val,partly cloudy,daytime,clear
b68fe1ec-4c1094e2.jpg,F:\xlw\bdd100k_final\images\100k\val\b68fe1ec-4c1094e2.jpg,val,overcast,daytime,clear
b690989d-07e39c92.jpg,F:\xlw\bdd100k_final\images\100k\val\b690989d-07e39c92.jpg,val,overcast,daytime,clear
b690989d-919a2775.jpg,F:\xlw\bdd100k_final\images\100k\val\b690989d-919a2775.jpg,val,clear,daytime,clear
b690e7dd-1a1d38d1.jpg,F:\xlw\bdd100k_final\images\100k\val\b690e7dd-1a1d38d1.jpg,val,clear,daytime,clear
b69173a4-d0c92583.jpg,F:\xlw\bdd100k_final\images\100k\val\b69173a4-d0c92583.jpg,val,clear,night,night
b69191ad-9c9cfe44.jpg,F:\xlw\bdd100k_final\images\100k\val\b69191ad-9c9cfe44.jpg,val,partly cloudy,daytime,clear
b69603b2-8a99f37d.jpg,F:\xlw\bdd100k_final\images\100k\val\b69603b2-8a99f37d.jpg,val,clear,night,night
b69656bc-cd6901d3.jpg,F:\xlw\bdd100k_final\images\100k\val\b69656bc-cd6901d3.jpg,val,clear,night,night
b696cc35-68871f2a.jpg,F:\xlw\bdd100k_final\images\100k\val\b696cc35-68871f2a.jpg,val,clear,daytime,clear
b696ed52-a487c213.jpg,F:\xlw\bdd100k_final\images\100k\val\b696ed52-a487c213.jpg,val,overcast,daytime,clear
b6976dce-0810ee45.jpg,F:\xlw\bdd100k_final\images\100k\val\b6976dce-0810ee45.jpg,val,snowy,night,night
b6976dce-3c045c22.jpg,F:\xlw\bdd100k_final\images\100k\val\b6976dce-3c045c22.jpg,val,snowy,night,night
b69876fe-79c5a97a.jpg,F:\xlw\bdd100k_final\images\100k\val\b69876fe-79c5a97a.jpg,val,overcast,daytime,clear
b699a1df-6e9e269d.jpg,F:\xlw\bdd100k_final\images\100k\val\b699a1df-6e9e269d.jpg,val,overcast,daytime,clear
b69a7e04-1dea4bd1.jpg,F:\xlw\bdd100k_final\images\100k\val\b69a7e04-1dea4bd1.jpg,val,clear,night,night
b69a7e04-226ce8c3.jpg,F:\xlw\bdd100k_final\images\100k\val\b69a7e04-226ce8c3.jpg,val,overcast,daytime,clear
b69a7e04-794b786c.jpg,F:\xlw\bdd100k_final\images\100k\val\b69a7e04-794b786c.jpg,val,clear,night,night
b69b7d13-a9c704af.jpg,F:\xlw\bdd100k_final\images\100k\val\b69b7d13-a9c704af.jpg,val,clear,night,night
b69d5b1d-03bd6daa.jpg,F:\xlw\bdd100k_final\images\100k\val\b69d5b1d-03bd6daa.jpg,val,clear,night,night
b69d5b1d-99133316.jpg,F:\xlw\bdd100k_final\images\100k\val\b69d5b1d-99133316.jpg,val,clear,night,night
b69d81dd-35fbc1cf.jpg,F:\xlw\bdd100k_final\images\100k\val\b69d81dd-35fbc1cf.jpg,val,clear,night,night
b69e6a5d-a9cb966f.jpg,F:\xlw\bdd100k_final\images\100k\val\b69e6a5d-a9cb966f.jpg,val,clear,night,night
b69fc2ae-156d58aa.jpg,F:\xlw\bdd100k_final\images\100k\val\b69fc2ae-156d58aa.jpg,val,overcast,daytime,clear
b6a0a684-b46f896b.jpg,F:\xlw\bdd100k_final\images\100k\val\b6a0a684-b46f896b.jpg,val,partly cloudy,daytime,clear
b6a0a684-e1ce5607.jpg,F:\xlw\bdd100k_final\images\100k\val\b6a0a684-e1ce5607.jpg,val,partly cloudy,daytime,clear
b6a146ff-7491aafb.jpg,F:\xlw\bdd100k_final\images\100k\val\b6a146ff-7491aafb.jpg,val,clear,night,night
b6a1d94c-6e3fcf27.jpg,F:\xlw\bdd100k_final\images\100k\val\b6a1d94c-6e3fcf27.jpg,val,clear,night,night
b6a6df2d-743bf863.jpg,F:\xlw\bdd100k_final\images\100k\val\b6a6df2d-743bf863.jpg,val,clear,night,night
b6a6df2d-8f9cc4cf.jpg,F:\xlw\bdd100k_final\images\100k\val\b6a6df2d-8f9cc4cf.jpg,val,clear,night,night
b6a6df2d-cc93b4c6.jpg,F:\xlw\bdd100k_final\images\100k\val\b6a6df2d-cc93b4c6.jpg,val,clear,night,night
b6a7a3ef-1151ebda.jpg,F:\xlw\bdd100k_final\images\100k\val\b6a7a3ef-1151ebda.jpg,val,clear,night,night
b6a8503c-4991b168.jpg,F:\xlw\bdd100k_final\images\100k\val\b6a8503c-4991b168.jpg,val,clear,night,night
b6a8503c-52e3490b.jpg,F:\xlw\bdd100k_final\images\100k\val\b6a8503c-52e3490b.jpg,val,clear,night,night
b6a8503c-5e7375a8.jpg,F:\xlw\bdd100k_final\images\100k\val\b6a8503c-5e7375a8.jpg,val,clear,night,night
b6a8503c-a797867c.jpg,F:\xlw\bdd100k_final\images\100k\val\b6a8503c-a797867c.jpg,val,clear,night,night
b6a8503c-b04e247c.jpg,F:\xlw\bdd100k_final\images\100k\val\b6a8503c-b04e247c.jpg,val,clear,night,night
b6a936f4-483e5144.jpg,F:\xlw\bdd100k_final\images\100k\val\b6a936f4-483e5144.jpg,val,partly cloudy,daytime,clear
b6aa41ba-04780705.jpg,F:\xlw\bdd100k_final\images\100k\val\b6aa41ba-04780705.jpg,val,snowy,night,night
b6aa41ba-08564ca8.jpg,F:\xlw\bdd100k_final\images\100k\val\b6aa41ba-08564ca8.jpg,val,snowy,night,night
b6aa41ba-6ac62da0.jpg,F:\xlw\bdd100k_final\images\100k\val\b6aa41ba-6ac62da0.jpg,val,clear,night,night
b6aa41ba-736c9da7.jpg,F:\xlw\bdd100k_final\images\100k\val\b6aa41ba-736c9da7.jpg,val,snowy,night,night
b6aa41ba-768fdf21.jpg,F:\xlw\bdd100k_final\images\100k\val\b6aa41ba-768fdf21.jpg,val,clear,night,night
b6accff3-eb28ad4f.jpg,F:\xlw\bdd100k_final\images\100k\val\b6accff3-eb28ad4f.jpg,val,clear,daytime,clear
b6aeb288-6615a6dc.jpg,F:\xlw\bdd100k_final\images\100k\val\b6aeb288-6615a6dc.jpg,val,clear,night,night
b6aeb288-c860c9a2.jpg,F:\xlw\bdd100k_final\images\100k\val\b6aeb288-c860c9a2.jpg,val,clear,night,night
b6af8c92-ba98fb91.jpg,F:\xlw\bdd100k_final\images\100k\val\b6af8c92-ba98fb91.jpg,val,snowy,daytime,snow
b6afe56b-ec85d002.jpg,F:\xlw\bdd100k_final\images\100k\val\b6afe56b-ec85d002.jpg,val,partly cloudy,daytime,clear
b6b01f9f-5ed424ca.jpg,F:\xlw\bdd100k_final\images\100k\val\b6b01f9f-5ed424ca.jpg,val,snowy,night,night
b6b01f9f-f6aa5d75.jpg,F:\xlw\bdd100k_final\images\100k\val\b6b01f9f-f6aa5d75.jpg,val,snowy,night,night
b6b047b4-7bdf1e93.jpg,F:\xlw\bdd100k_final\images\100k\val\b6b047b4-7bdf1e93.jpg,val,snowy,daytime,snow
b6b047b4-ca577730.jpg,F:\xlw\bdd100k_final\images\100k\val\b6b047b4-ca577730.jpg,val,rainy,daytime,rain
b6b047b4-e61f09a7.jpg,F:\xlw\bdd100k_final\images\100k\val\b6b047b4-e61f09a7.jpg,val,snowy,night,night
b6b536f4-c90f357e.jpg,F:\xlw\bdd100k_final\images\100k\val\b6b536f4-c90f357e.jpg,val,clear,night,night
b6b616b3-979e75c3.jpg,F:\xlw\bdd100k_final\images\100k\val\b6b616b3-979e75c3.jpg,val,clear,daytime,clear
b6b7800d-bdecc6bc.jpg,F:\xlw\bdd100k_final\images\100k\val\b6b7800d-bdecc6bc.jpg,val,clear,night,night
b6b9069a-4908df6a.jpg,F:\xlw\bdd100k_final\images\100k\val\b6b9069a-4908df6a.jpg,val,clear,night,night
b6b9069a-5417277d.jpg,F:\xlw\bdd100k_final\images\100k\val\b6b9069a-5417277d.jpg,val,clear,night,night
b6b9d3c1-d683dfce.jpg,F:\xlw\bdd100k_final\images\100k\val\b6b9d3c1-d683dfce.jpg,val,snowy,daytime,snow
b6ba23a1-4d9e1f20.jpg,F:\xlw\bdd100k_final\images\100k\val\b6ba23a1-4d9e1f20.jpg,val,clear,night,night
b6ba23a1-98fd0d6b.jpg,F:\xlw\bdd100k_final\images\100k\val\b6ba23a1-98fd0d6b.jpg,val,overcast,daytime,clear
b6bac30c-216dc02e.jpg,F:\xlw\bdd100k_final\images\100k\val\b6bac30c-216dc02e.jpg,val,clear,night,night
b6bb7bc8-795f455a.jpg,F:\xlw\bdd100k_final\images\100k\val\b6bb7bc8-795f455a.jpg,val,clear,night,night
b6bd79c8-c94f5c10.jpg,F:\xlw\bdd100k_final\images\100k\val\b6bd79c8-c94f5c10.jpg,val,clear,daytime,clear
b6bdb46e-2c60ecc3.jpg,F:\xlw\bdd100k_final\images\100k\val\b6bdb46e-2c60ecc3.jpg,val,clear,night,night
b6bdb46e-3709d206.jpg,F:\xlw\bdd100k_final\images\100k\val\b6bdb46e-3709d206.jpg,val,clear,night,night
b6bec9b9-3ceaf9b6.jpg,F:\xlw\bdd100k_final\images\100k\val\b6bec9b9-3ceaf9b6.jpg,val,snowy,daytime,snow
b6bec9b9-a964c43a.jpg,F:\xlw\bdd100k_final\images\100k\val\b6bec9b9-a964c43a.jpg,val,snowy,daytime,snow
b6c0964a-87b5d540.jpg,F:\xlw\bdd100k_final\images\100k\val\b6c0964a-87b5d540.jpg,val,clear,night,night
b6c22033-a2105050.jpg,F:\xlw\bdd100k_final\images\100k\val\b6c22033-a2105050.jpg,val,snowy,daytime,snow
b6c2a409-b0dacc13.jpg,F:\xlw\bdd100k_final\images\100k\val\b6c2a409-b0dacc13.jpg,val,clear,night,night
b6c2d715-ba5d6ecc.jpg,F:\xlw\bdd100k_final\images\100k\val\b6c2d715-ba5d6ecc.jpg,val,clear,night,night
b6c3cbb0-1c4e006c.jpg,F:\xlw\bdd100k_final\images\100k\val\b6c3cbb0-1c4e006c.jpg,val,clear,daytime,clear
b6c6e6fe-1c5ab635.jpg,F:\xlw\bdd100k_final\images\100k\val\b6c6e6fe-1c5ab635.jpg,val,clear,night,night
b6c6e6fe-f325bc62.jpg,F:\xlw\bdd100k_final\images\100k\val\b6c6e6fe-f325bc62.jpg,val,clear,night,night
b6c771db-9c243cab.jpg,F:\xlw\bdd100k_final\images\100k\val\b6c771db-9c243cab.jpg,val,clear,night,night
b6c771db-a92c32e3.jpg,F:\xlw\bdd100k_final\images\100k\val\b6c771db-a92c32e3.jpg,val,clear,night,night
b6c771db-f15d8a40.jpg,F:\xlw\bdd100k_final\images\100k\val\b6c771db-f15d8a40.jpg,val,clear,night,night
b6c89a7e-23a41125.jpg,F:\xlw\bdd100k_final\images\100k\val\b6c89a7e-23a41125.jpg,val,partly cloudy,daytime,clear
b6c938b0-7bc5d2b8.jpg,F:\xlw\bdd100k_final\images\100k\val\b6c938b0-7bc5d2b8.jpg,val,clear,night,night
b6c938b0-a748acc1.jpg,F:\xlw\bdd100k_final\images\100k\val\b6c938b0-a748acc1.jpg,val,clear,night,night
b6c938b0-c1d453f8.jpg,F:\xlw\bdd100k_final\images\100k\val\b6c938b0-c1d453f8.jpg,val,clear,night,night
b6ca7400-0ed0dc64.jpg,F:\xlw\bdd100k_final\images\100k\val\b6ca7400-0ed0dc64.jpg,val,partly cloudy,daytime,clear
b6cad0b4-56d2e2d9.jpg,F:\xlw\bdd100k_final\images\100k\val\b6cad0b4-56d2e2d9.jpg,val,clear,daytime,clear
b6cbfcf4-ce2bfe3b.jpg,F:\xlw\bdd100k_final\images\100k\val\b6cbfcf4-ce2bfe3b.jpg,val,clear,night,night
b6cbfcf4-cfa37f13.jpg,F:\xlw\bdd100k_final\images\100k\val\b6cbfcf4-cfa37f13.jpg,val,clear,night,night
b6ceb8b8-0aeb8a64.jpg,F:\xlw\bdd100k_final\images\100k\val\b6ceb8b8-0aeb8a64.jpg,val,rainy,night,night
b6cebd5a-5ca64f5f.jpg,F:\xlw\bdd100k_final\images\100k\val\b6cebd5a-5ca64f5f.jpg,val,overcast,daytime,clear
b6d0b46a-ec482777.jpg,F:\xlw\bdd100k_final\images\100k\val\b6d0b46a-ec482777.jpg,val,overcast,daytime,clear
b6d0b9d1-3460a220.jpg,F:\xlw\bdd100k_final\images\100k\val\b6d0b9d1-3460a220.jpg,val,clear,night,night
b6d0b9d1-97b198c7.jpg,F:\xlw\bdd100k_final\images\100k\val\b6d0b9d1-97b198c7.jpg,val,clear,night,night
b6d0b9d1-9e750bae.jpg,F:\xlw\bdd100k_final\images\100k\val\b6d0b9d1-9e750bae.jpg,val,clear,night,night
b6d0b9d1-a2c6c924.jpg,F:\xlw\bdd100k_final\images\100k\val\b6d0b9d1-a2c6c924.jpg,val,clear,night,night
b6d0b9d1-d643d86a.jpg,F:\xlw\bdd100k_final\images\100k\val\b6d0b9d1-d643d86a.jpg,val,clear,night,night
b6d0b9d1-f5531bf3.jpg,F:\xlw\bdd100k_final\images\100k\val\b6d0b9d1-f5531bf3.jpg,val,clear,night,night
b6d1c1f6-998f36f3.jpg,F:\xlw\bdd100k_final\images\100k\val\b6d1c1f6-998f36f3.jpg,val,rainy,daytime,rain
b6d2717a-6e17bbb1.jpg,F:\xlw\bdd100k_final\images\100k\val\b6d2717a-6e17bbb1.jpg,val,clear,night,night
b6d2717a-a24fc378.jpg,F:\xlw\bdd100k_final\images\100k\val\b6d2717a-a24fc378.jpg,val,clear,night,night
b6d2717a-d8d1bc0c.jpg,F:\xlw\bdd100k_final\images\100k\val\b6d2717a-d8d1bc0c.jpg,val,clear,night,night
b6d5b39b-710032ac.jpg,F:\xlw\bdd100k_final\images\100k\val\b6d5b39b-710032ac.jpg,val,partly cloudy,daytime,clear
b6d82c09-389f4f78.jpg,F:\xlw\bdd100k_final\images\100k\val\b6d82c09-389f4f78.jpg,val,snowy,daytime,snow
b6d855a5-38d55a26.jpg,F:\xlw\bdd100k_final\images\100k\val\b6d855a5-38d55a26.jpg,val,overcast,daytime,clear
b6d855a5-c1d5a996.jpg,F:\xlw\bdd100k_final\images\100k\val\b6d855a5-c1d5a996.jpg,val,partly cloudy,daytime,clear
b6d9b0ba-a0a7525e.jpg,F:\xlw\bdd100k_final\images\100k\val\b6d9b0ba-a0a7525e.jpg,val,clear,night,night
b6db090c-2b1971cf.jpg,F:\xlw\bdd100k_final\images\100k\val\b6db090c-2b1971cf.jpg,val,clear,daytime,clear
b6db6674-29fd8e88.jpg,F:\xlw\bdd100k_final\images\100k\val\b6db6674-29fd8e88.jpg,val,overcast,daytime,clear
b6db6674-bd255464.jpg,F:\xlw\bdd100k_final\images\100k\val\b6db6674-bd255464.jpg,val,overcast,daytime,clear
b6ddc104-54cc00e3.jpg,F:\xlw\bdd100k_final\images\100k\val\b6ddc104-54cc00e3.jpg,val,clear,daytime,clear
b6ddc104-b6089ee2.jpg,F:\xlw\bdd100k_final\images\100k\val\b6ddc104-b6089ee2.jpg,val,clear,night,night
b6de6d24-bfcf2de4.jpg,F:\xlw\bdd100k_final\images\100k\val\b6de6d24-bfcf2de4.jpg,val,clear,night,night
b6decb24-0de96f8c.jpg,F:\xlw\bdd100k_final\images\100k\val\b6decb24-0de96f8c.jpg,val,clear,daytime,clear
b6decb24-390c9ae7.jpg,F:\xlw\bdd100k_final\images\100k\val\b6decb24-390c9ae7.jpg,val,partly cloudy,daytime,clear
b6decb24-7fbd99e8.jpg,F:\xlw\bdd100k_final\images\100k\val\b6decb24-7fbd99e8.jpg,val,overcast,daytime,clear
b6decb24-82234e11.jpg,F:\xlw\bdd100k_final\images\100k\val\b6decb24-82234e11.jpg,val,clear,daytime,clear
b6df605f-34527b5f.jpg,F:\xlw\bdd100k_final\images\100k\val\b6df605f-34527b5f.jpg,val,partly cloudy,daytime,clear
b6df605f-51c158b8.jpg,F:\xlw\bdd100k_final\images\100k\val\b6df605f-51c158b8.jpg,val,clear,daytime,clear
b6df605f-5f035267.jpg,F:\xlw\bdd100k_final\images\100k\val\b6df605f-5f035267.jpg,val,partly cloudy,daytime,clear
b6e264cf-d2600371.jpg,F:\xlw\bdd100k_final\images\100k\val\b6e264cf-d2600371.jpg,val,clear,daytime,clear
b6e2a815-20a3637b.jpg,F:\xlw\bdd100k_final\images\100k\val\b6e2a815-20a3637b.jpg,val,clear,night,night
b6e4a55e-0684fdec.jpg,F:\xlw\bdd100k_final\images\100k\val\b6e4a55e-0684fdec.jpg,val,snowy,daytime,snow
b6e591bd-d509b54b.jpg,F:\xlw\bdd100k_final\images\100k\val\b6e591bd-d509b54b.jpg,val,partly cloudy,daytime,clear
b6e5b2fd-1e596798.jpg,F:\xlw\bdd100k_final\images\100k\val\b6e5b2fd-1e596798.jpg,val,clear,night,night
b6e683d2-84d2dfbf.jpg,F:\xlw\bdd100k_final\images\100k\val\b6e683d2-84d2dfbf.jpg,val,overcast,daytime,clear
b6ea0cd9-aa1cbdf5.jpg,F:\xlw\bdd100k_final\images\100k\val\b6ea0cd9-aa1cbdf5.jpg,val,clear,night,night
b6ea0cd9-b9cec75f.jpg,F:\xlw\bdd100k_final\images\100k\val\b6ea0cd9-b9cec75f.jpg,val,clear,night,night
b6ea1520-1bd7b870.jpg,F:\xlw\bdd100k_final\images\100k\val\b6ea1520-1bd7b870.jpg,val,clear,night,night
b6eda03e-50c604c1.jpg,F:\xlw\bdd100k_final\images\100k\val\b6eda03e-50c604c1.jpg,val,clear,night,night
b6f2176b-20c2f527.jpg,F:\xlw\bdd100k_final\images\100k\val\b6f2176b-20c2f527.jpg,val,clear,daytime,clear
b6f40904-693d5d3d.jpg,F:\xlw\bdd100k_final\images\100k\val\b6f40904-693d5d3d.jpg,val,overcast,daytime,clear
b6f4b139-744f76c0.jpg,F:\xlw\bdd100k_final\images\100k\val\b6f4b139-744f76c0.jpg,val,rainy,daytime,rain
b6f4b139-d7311df5.jpg,F:\xlw\bdd100k_final\images\100k\val\b6f4b139-d7311df5.jpg,val,rainy,daytime,rain
b6f77fda-02b6e75b.jpg,F:\xlw\bdd100k_final\images\100k\val\b6f77fda-02b6e75b.jpg,val,clear,night,night
b6f77fda-2531c3a3.jpg,F:\xlw\bdd100k_final\images\100k\val\b6f77fda-2531c3a3.jpg,val,clear,night,night
b6f77fda-46184a8c.jpg,F:\xlw\bdd100k_final\images\100k\val\b6f77fda-46184a8c.jpg,val,overcast,daytime,clear
b6f81988-1083f3fa.jpg,F:\xlw\bdd100k_final\images\100k\val\b6f81988-1083f3fa.jpg,val,clear,night,night
b6f85287-cde20f1d.jpg,F:\xlw\bdd100k_final\images\100k\val\b6f85287-cde20f1d.jpg,val,clear,daytime,clear
b6f8a510-6f70445f.jpg,F:\xlw\bdd100k_final\images\100k\val\b6f8a510-6f70445f.jpg,val,clear,night,night
b6f95b33-d54400d9.jpg,F:\xlw\bdd100k_final\images\100k\val\b6f95b33-d54400d9.jpg,val,rainy,night,night
b6f9afd4-63573be9.jpg,F:\xlw\bdd100k_final\images\100k\val\b6f9afd4-63573be9.jpg,val,clear,night,night
b6fae313-657598b1.jpg,F:\xlw\bdd100k_final\images\100k\val\b6fae313-657598b1.jpg,val,partly cloudy,daytime,clear
b6ff1331-f6d3fba8.jpg,F:\xlw\bdd100k_final\images\100k\val\b6ff1331-f6d3fba8.jpg,val,rainy,daytime,rain
b6ffe7bd-017de39c.jpg,F:\xlw\bdd100k_final\images\100k\val\b6ffe7bd-017de39c.jpg,val,clear,night,night
b6ffe7bd-1e0d5145.jpg,F:\xlw\bdd100k_final\images\100k\val\b6ffe7bd-1e0d5145.jpg,val,clear,night,night
b6ffe7bd-35e5adfb.jpg,F:\xlw\bdd100k_final\images\100k\val\b6ffe7bd-35e5adfb.jpg,val,clear,night,night
b6ffe7bd-735e0b0a.jpg,F:\xlw\bdd100k_final\images\100k\val\b6ffe7bd-735e0b0a.jpg,val,clear,night,night
b6ffe7bd-7c91eac9.jpg,F:\xlw\bdd100k_final\images\100k\val\b6ffe7bd-7c91eac9.jpg,val,clear,daytime,clear
b6ffe7bd-a0d0cd8d.jpg,F:\xlw\bdd100k_final\images\100k\val\b6ffe7bd-a0d0cd8d.jpg,val,clear,night,night
b6ffe7bd-ca9d4b5b.jpg,F:\xlw\bdd100k_final\images\100k\val\b6ffe7bd-ca9d4b5b.jpg,val,clear,night,night
b6ffe7bd-d13595c6.jpg,F:\xlw\bdd100k_final\images\100k\val\b6ffe7bd-d13595c6.jpg,val,clear,night,night
b6ffe7bd-d7a0f83e.jpg,F:\xlw\bdd100k_final\images\100k\val\b6ffe7bd-d7a0f83e.jpg,val,clear,night,night
b6ffe7bd-d8f2c88e.jpg,F:\xlw\bdd100k_final\images\100k\val\b6ffe7bd-d8f2c88e.jpg,val,clear,night,night
b6ffe7bd-fd52b51e.jpg,F:\xlw\bdd100k_final\images\100k\val\b6ffe7bd-fd52b51e.jpg,val,clear,night,night
b7007510-f6b3b182.jpg,F:\xlw\bdd100k_final\images\100k\val\b7007510-f6b3b182.jpg,val,rainy,night,night
b7041acc-6de39959.jpg,F:\xlw\bdd100k_final\images\100k\val\b7041acc-6de39959.jpg,val,partly cloudy,daytime,clear
b7041acc-a64aa9d2.jpg,F:\xlw\bdd100k_final\images\100k\val\b7041acc-a64aa9d2.jpg,val,overcast,daytime,clear
b7049e6e-fa515af6.jpg,F:\xlw\bdd100k_final\images\100k\val\b7049e6e-fa515af6.jpg,val,clear,daytime,clear
b7064abc-24deedb3.jpg,F:\xlw\bdd100k_final\images\100k\val\b7064abc-24deedb3.jpg,val,partly cloudy,daytime,clear
b7064abc-4ed592fe.jpg,F:\xlw\bdd100k_final\images\100k\val\b7064abc-4ed592fe.jpg,val,partly cloudy,daytime,clear
b7064abc-878a912c.jpg,F:\xlw\bdd100k_final\images\100k\val\b7064abc-878a912c.jpg,val,partly cloudy,daytime,clear
b70692e1-fcb7203c.jpg,F:\xlw\bdd100k_final\images\100k\val\b70692e1-fcb7203c.jpg,val,snowy,daytime,snow
b7072ec0-3a3b64a5.jpg,F:\xlw\bdd100k_final\images\100k\val\b7072ec0-3a3b64a5.jpg,val,clear,daytime,clear
b709801c-c2f5bc24.jpg,F:\xlw\bdd100k_final\images\100k\val\b709801c-c2f5bc24.jpg,val,overcast,daytime,clear
b70b64da-024e0355.jpg,F:\xlw\bdd100k_final\images\100k\val\b70b64da-024e0355.jpg,val,clear,daytime,clear
b70b64da-2a532ff1.jpg,F:\xlw\bdd100k_final\images\100k\val\b70b64da-2a532ff1.jpg,val,overcast,daytime,clear
b70b64da-396bfbd3.jpg,F:\xlw\bdd100k_final\images\100k\val\b70b64da-396bfbd3.jpg,val,clear,daytime,clear
b70b64da-73d75639.jpg,F:\xlw\bdd100k_final\images\100k\val\b70b64da-73d75639.jpg,val,clear,night,night
b70b7cdc-c4dcd88b.jpg,F:\xlw\bdd100k_final\images\100k\val\b70b7cdc-c4dcd88b.jpg,val,partly cloudy,daytime,clear
b70d1e4a-467d8c58.jpg,F:\xlw\bdd100k_final\images\100k\val\b70d1e4a-467d8c58.jpg,val,clear,daytime,clear
b710d831-df5ce01b.jpg,F:\xlw\bdd100k_final\images\100k\val\b710d831-df5ce01b.jpg,val,clear,daytime,clear
b7147430-2a111946.jpg,F:\xlw\bdd100k_final\images\100k\val\b7147430-2a111946.jpg,val,clear,night,night
b715a46a-32d2d7eb.jpg,F:\xlw\bdd100k_final\images\100k\val\b715a46a-32d2d7eb.jpg,val,clear,night,night
b71bb4df-b9837e9c.jpg,F:\xlw\bdd100k_final\images\100k\val\b71bb4df-b9837e9c.jpg,val,clear,daytime,clear
b71bf87d-528e531c.jpg,F:\xlw\bdd100k_final\images\100k\val\b71bf87d-528e531c.jpg,val,rainy,daytime,rain
b71bf87d-894c1a21.jpg,F:\xlw\bdd100k_final\images\100k\val\b71bf87d-894c1a21.jpg,val,rainy,daytime,rain
b71cef92-3492a923.jpg,F:\xlw\bdd100k_final\images\100k\val\b71cef92-3492a923.jpg,val,clear,night,night
b71d7574-015d9d5d.jpg,F:\xlw\bdd100k_final\images\100k\val\b71d7574-015d9d5d.jpg,val,overcast,daytime,clear
b71d7574-2af6ba2d.jpg,F:\xlw\bdd100k_final\images\100k\val\b71d7574-2af6ba2d.jpg,val,overcast,daytime,clear
b71d7574-92c4aeba.jpg,F:\xlw\bdd100k_final\images\100k\val\b71d7574-92c4aeba.jpg,val,partly cloudy,daytime,clear
b71e2cab-7a7494cf.jpg,F:\xlw\bdd100k_final\images\100k\val\b71e2cab-7a7494cf.jpg,val,snowy,daytime,snow
b71e9235-4012ac22.jpg,F:\xlw\bdd100k_final\images\100k\val\b71e9235-4012ac22.jpg,val,clear,night,night
b71ecc5a-7a837d0a.jpg,F:\xlw\bdd100k_final\images\100k\val\b71ecc5a-7a837d0a.jpg,val,snowy,daytime,snow
b71f13d6-b07faf5f.jpg,F:\xlw\bdd100k_final\images\100k\val\b71f13d6-b07faf5f.jpg,val,clear,night,night
b720f8cf-eb23da16.jpg,F:\xlw\bdd100k_final\images\100k\val\b720f8cf-eb23da16.jpg,val,overcast,daytime,clear
b721bf1b-be4e2e12.jpg,F:\xlw\bdd100k_final\images\100k\val\b721bf1b-be4e2e12.jpg,val,overcast,daytime,clear
b721f994-43356f34.jpg,F:\xlw\bdd100k_final\images\100k\val\b721f994-43356f34.jpg,val,clear,night,night
b7226661-1ba4dc1a.jpg,F:\xlw\bdd100k_final\images\100k\val\b7226661-1ba4dc1a.jpg,val,overcast,daytime,clear
b7226661-33b4c4ff.jpg,F:\xlw\bdd100k_final\images\100k\val\b7226661-33b4c4ff.jpg,val,partly cloudy,daytime,clear
b7226661-aff64877.jpg,F:\xlw\bdd100k_final\images\100k\val\b7226661-aff64877.jpg,val,overcast,daytime,clear
b7234188-8102b743.jpg,F:\xlw\bdd100k_final\images\100k\val\b7234188-8102b743.jpg,val,clear,night,night
b72393ac-a136bc1e.jpg,F:\xlw\bdd100k_final\images\100k\val\b72393ac-a136bc1e.jpg,val,clear,daytime,clear
b72393ac-b071c025.jpg,F:\xlw\bdd100k_final\images\100k\val\b72393ac-b071c025.jpg,val,clear,daytime,clear
b724e1f0-cffecdc5.jpg,F:\xlw\bdd100k_final\images\100k\val\b724e1f0-cffecdc5.jpg,val,clear,daytime,clear
b726242a-53eb7489.jpg,F:\xlw\bdd100k_final\images\100k\val\b726242a-53eb7489.jpg,val,clear,night,night
b726c429-726588e2.jpg,F:\xlw\bdd100k_final\images\100k\val\b726c429-726588e2.jpg,val,overcast,daytime,clear
b726c429-b84a63c2.jpg,F:\xlw\bdd100k_final\images\100k\val\b726c429-b84a63c2.jpg,val,overcast,daytime,clear
b726c429-c334aa54.jpg,F:\xlw\bdd100k_final\images\100k\val\b726c429-c334aa54.jpg,val,overcast,daytime,clear
b7279e9d-fcd59829.jpg,F:\xlw\bdd100k_final\images\100k\val\b7279e9d-fcd59829.jpg,val,clear,daytime,clear
b72812e8-c636249b.jpg,F:\xlw\bdd100k_final\images\100k\val\b72812e8-c636249b.jpg,val,clear,daytime,clear
b728b79a-14e09f31.jpg,F:\xlw\bdd100k_final\images\100k\val\b728b79a-14e09f31.jpg,val,clear,daytime,clear
b728b79a-15b4e229.jpg,F:\xlw\bdd100k_final\images\100k\val\b728b79a-15b4e229.jpg,val,clear,daytime,clear
b728b79a-b1757497.jpg,F:\xlw\bdd100k_final\images\100k\val\b728b79a-b1757497.jpg,val,clear,daytime,clear
b7298f0f-00fb851b.jpg,F:\xlw\bdd100k_final\images\100k\val\b7298f0f-00fb851b.jpg,val,partly cloudy,daytime,clear
b72b3974-07848804.jpg,F:\xlw\bdd100k_final\images\100k\val\b72b3974-07848804.jpg,val,clear,daytime,clear
b72b3974-552bb7d7.jpg,F:\xlw\bdd100k_final\images\100k\val\b72b3974-552bb7d7.jpg,val,clear,daytime,clear
b72b3974-9667b29a.jpg,F:\xlw\bdd100k_final\images\100k\val\b72b3974-9667b29a.jpg,val,clear,daytime,clear
b72f72e4-02ac60a7.jpg,F:\xlw\bdd100k_final\images\100k\val\b72f72e4-02ac60a7.jpg,val,clear,daytime,clear
b7301a4a-b25a846a.jpg,F:\xlw\bdd100k_final\images\100k\val\b7301a4a-b25a846a.jpg,val,clear,night,night
b730ab01-492b4489.jpg,F:\xlw\bdd100k_final\images\100k\val\b730ab01-492b4489.jpg,val,clear,night,night
b73282b1-7bc49185.jpg,F:\xlw\bdd100k_final\images\100k\val\b73282b1-7bc49185.jpg,val,clear,night,night
b733092e-68a5b8e9.jpg,F:\xlw\bdd100k_final\images\100k\val\b733092e-68a5b8e9.jpg,val,clear,night,night
b733b13d-e5dccc44.jpg,F:\xlw\bdd100k_final\images\100k\val\b733b13d-e5dccc44.jpg,val,overcast,daytime,clear
b7341ecf-4be3bdcb.jpg,F:\xlw\bdd100k_final\images\100k\val\b7341ecf-4be3bdcb.jpg,val,clear,daytime,clear
b735df0d-e7bf4c09.jpg,F:\xlw\bdd100k_final\images\100k\val\b735df0d-e7bf4c09.jpg,val,rainy,night,night
b736a729-8e235005.jpg,F:\xlw\bdd100k_final\images\100k\val\b736a729-8e235005.jpg,val,clear,night,night
b736c477-ce5093ac.jpg,F:\xlw\bdd100k_final\images\100k\val\b736c477-ce5093ac.jpg,val,clear,daytime,clear
b736c477-fb345fa9.jpg,F:\xlw\bdd100k_final\images\100k\val\b736c477-fb345fa9.jpg,val,clear,daytime,clear
b73737dc-0fac3a01.jpg,F:\xlw\bdd100k_final\images\100k\val\b73737dc-0fac3a01.jpg,val,clear,night,night
b737b268-3e81c0e9.jpg,F:\xlw\bdd100k_final\images\100k\val\b737b268-3e81c0e9.jpg,val,clear,night,night
b738d22a-6ac5e1d6.jpg,F:\xlw\bdd100k_final\images\100k\val\b738d22a-6ac5e1d6.jpg,val,snowy,daytime,snow
b7390768-06a6a4a0.jpg,F:\xlw\bdd100k_final\images\100k\val\b7390768-06a6a4a0.jpg,val,clear,night,night
b7394616-aff8fb86.jpg,F:\xlw\bdd100k_final\images\100k\val\b7394616-aff8fb86.jpg,val,clear,night,night
b73a59ee-a81b5085.jpg,F:\xlw\bdd100k_final\images\100k\val\b73a59ee-a81b5085.jpg,val,clear,night,night
b73a793e-ebf5917d.jpg,F:\xlw\bdd100k_final\images\100k\val\b73a793e-ebf5917d.jpg,val,clear,daytime,clear
b73dd344-03413fbf.jpg,F:\xlw\bdd100k_final\images\100k\val\b73dd344-03413fbf.jpg,val,partly cloudy,daytime,clear
b73de6c1-1eb67050.jpg,F:\xlw\bdd100k_final\images\100k\val\b73de6c1-1eb67050.jpg,val,overcast,daytime,clear
b73f18e7-6341f45b.jpg,F:\xlw\bdd100k_final\images\100k\val\b73f18e7-6341f45b.jpg,val,overcast,daytime,clear
b7404583-645b7fd7.jpg,F:\xlw\bdd100k_final\images\100k\val\b7404583-645b7fd7.jpg,val,clear,daytime,clear
b7404583-b504d500.jpg,F:\xlw\bdd100k_final\images\100k\val\b7404583-b504d500.jpg,val,clear,daytime,clear
b740e2ac-c01ee78f.jpg,F:\xlw\bdd100k_final\images\100k\val\b740e2ac-c01ee78f.jpg,val,clear,daytime,clear
b74111eb-27276099.jpg,F:\xlw\bdd100k_final\images\100k\val\b74111eb-27276099.jpg,val,overcast,daytime,clear
b74111eb-d21a119b.jpg,F:\xlw\bdd100k_final\images\100k\val\b74111eb-d21a119b.jpg,val,clear,daytime,clear
b7416b8c-5b0fcd5e.jpg,F:\xlw\bdd100k_final\images\100k\val\b7416b8c-5b0fcd5e.jpg,val,overcast,daytime,clear
b741c25b-5d56239a.jpg,F:\xlw\bdd100k_final\images\100k\val\b741c25b-5d56239a.jpg,val,clear,daytime,clear
b743317c-44e297ee.jpg,F:\xlw\bdd100k_final\images\100k\val\b743317c-44e297ee.jpg,val,clear,night,night
b743b808-c7c4e44d.jpg,F:\xlw\bdd100k_final\images\100k\val\b743b808-c7c4e44d.jpg,val,rainy,daytime,rain
b7446774-29ac1db2.jpg,F:\xlw\bdd100k_final\images\100k\val\b7446774-29ac1db2.jpg,val,overcast,daytime,clear
b7446774-60e761ec.jpg,F:\xlw\bdd100k_final\images\100k\val\b7446774-60e761ec.jpg,val,clear,daytime,clear
b744c27e-b87d6875.jpg,F:\xlw\bdd100k_final\images\100k\val\b744c27e-b87d6875.jpg,val,clear,daytime,clear
b7457987-06803d89.jpg,F:\xlw\bdd100k_final\images\100k\val\b7457987-06803d89.jpg,val,clear,daytime,clear
b7457987-4f89d5e8.jpg,F:\xlw\bdd100k_final\images\100k\val\b7457987-4f89d5e8.jpg,val,clear,daytime,clear
b7457987-72d06293.jpg,F:\xlw\bdd100k_final\images\100k\val\b7457987-72d06293.jpg,val,clear,daytime,clear
b7457987-9bccf8c4.jpg,F:\xlw\bdd100k_final\images\100k\val\b7457987-9bccf8c4.jpg,val,rainy,daytime,rain
b747a85e-d46dde6a.jpg,F:\xlw\bdd100k_final\images\100k\val\b747a85e-d46dde6a.jpg,val,clear,night,night
b747b30e-991436c7.jpg,F:\xlw\bdd100k_final\images\100k\val\b747b30e-991436c7.jpg,val,clear,daytime,clear
b7480124-540c4b41.jpg,F:\xlw\bdd100k_final\images\100k\val\b7480124-540c4b41.jpg,val,clear,daytime,clear
b7497244-1b64c54d.jpg,F:\xlw\bdd100k_final\images\100k\val\b7497244-1b64c54d.jpg,val,clear,daytime,clear
b74bedfc-036616d8.jpg,F:\xlw\bdd100k_final\images\100k\val\b74bedfc-036616d8.jpg,val,partly cloudy,daytime,clear
b74bedfc-6187ffd8.jpg,F:\xlw\bdd100k_final\images\100k\val\b74bedfc-6187ffd8.jpg,val,overcast,daytime,clear
b74bedfc-9adcb4ef.jpg,F:\xlw\bdd100k_final\images\100k\val\b74bedfc-9adcb4ef.jpg,val,overcast,daytime,clear
b74d1efd-b4b4590f.jpg,F:\xlw\bdd100k_final\images\100k\val\b74d1efd-b4b4590f.jpg,val,clear,night,night
b74f9c57-420c7d6e.jpg,F:\xlw\bdd100k_final\images\100k\val\b74f9c57-420c7d6e.jpg,val,clear,night,night
b74f9c57-90451f20.jpg,F:\xlw\bdd100k_final\images\100k\val\b74f9c57-90451f20.jpg,val,overcast,daytime,clear
b750dfba-288937b9.jpg,F:\xlw\bdd100k_final\images\100k\val\b750dfba-288937b9.jpg,val,clear,night,night
b7537b2b-acc8384f.jpg,F:\xlw\bdd100k_final\images\100k\val\b7537b2b-acc8384f.jpg,val,clear,night,night
b7548e7c-9b143316.jpg,F:\xlw\bdd100k_final\images\100k\val\b7548e7c-9b143316.jpg,val,clear,night,night
b754a2e4-8785a25d.jpg,F:\xlw\bdd100k_final\images\100k\val\b754a2e4-8785a25d.jpg,val,partly cloudy,daytime,clear
b75781e5-27729a7d.jpg,F:\xlw\bdd100k_final\images\100k\val\b75781e5-27729a7d.jpg,val,clear,night,night
b75781e5-a44bc5af.jpg,F:\xlw\bdd100k_final\images\100k\val\b75781e5-a44bc5af.jpg,val,clear,night,night
b757ae91-c4ae9ab1.jpg,F:\xlw\bdd100k_final\images\100k\val\b757ae91-c4ae9ab1.jpg,val,clear,daytime,clear
b7586523-724c2502.jpg,F:\xlw\bdd100k_final\images\100k\val\b7586523-724c2502.jpg,val,clear,night,night
b75bda07-d83a04eb.jpg,F:\xlw\bdd100k_final\images\100k\val\b75bda07-d83a04eb.jpg,val,overcast,daytime,clear
b75cb43c-159062d9.jpg,F:\xlw\bdd100k_final\images\100k\val\b75cb43c-159062d9.jpg,val,clear,night,night
b75da19e-2d5038ce.jpg,F:\xlw\bdd100k_final\images\100k\val\b75da19e-2d5038ce.jpg,val,partly cloudy,daytime,clear
b75da19e-78c2c800.jpg,F:\xlw\bdd100k_final\images\100k\val\b75da19e-78c2c800.jpg,val,overcast,daytime,clear
b75da19e-a1d997ec.jpg,F:\xlw\bdd100k_final\images\100k\val\b75da19e-a1d997ec.jpg,val,overcast,daytime,clear
b75da19e-a29454b7.jpg,F:\xlw\bdd100k_final\images\100k\val\b75da19e-a29454b7.jpg,val,clear,daytime,clear
b75da19e-c1bea5b4.jpg,F:\xlw\bdd100k_final\images\100k\val\b75da19e-c1bea5b4.jpg,val,partly cloudy,daytime,clear
b75ed92c-c9116263.jpg,F:\xlw\bdd100k_final\images\100k\val\b75ed92c-c9116263.jpg,val,clear,night,night
b75f355e-32bd06af.jpg,F:\xlw\bdd100k_final\images\100k\val\b75f355e-32bd06af.jpg,val,partly cloudy,daytime,clear
b75f355e-837e1a01.jpg,F:\xlw\bdd100k_final\images\100k\val\b75f355e-837e1a01.jpg,val,clear,daytime,clear
b75f355e-b3f098b9.jpg,F:\xlw\bdd100k_final\images\100k\val\b75f355e-b3f098b9.jpg,val,partly cloudy,daytime,clear
b75f355e-b8ecbd7e.jpg,F:\xlw\bdd100k_final\images\100k\val\b75f355e-b8ecbd7e.jpg,val,clear,daytime,clear
b75f814e-4b7257ae.jpg,F:\xlw\bdd100k_final\images\100k\val\b75f814e-4b7257ae.jpg,val,clear,night,night
b75f814e-9861df41.jpg,F:\xlw\bdd100k_final\images\100k\val\b75f814e-9861df41.jpg,val,clear,night,night
b75f814e-f533da40.jpg,F:\xlw\bdd100k_final\images\100k\val\b75f814e-f533da40.jpg,val,clear,night,night
b760329b-611024b4.jpg,F:\xlw\bdd100k_final\images\100k\val\b760329b-611024b4.jpg,val,partly cloudy,daytime,clear
b7610ba3-9eabe8e3.jpg,F:\xlw\bdd100k_final\images\100k\val\b7610ba3-9eabe8e3.jpg,val,overcast,daytime,clear
b761cf92-05ed0ba2.jpg,F:\xlw\bdd100k_final\images\100k\val\b761cf92-05ed0ba2.jpg,val,clear,daytime,clear
b761cf92-0ec720b9.jpg,F:\xlw\bdd100k_final\images\100k\val\b761cf92-0ec720b9.jpg,val,clear,daytime,clear
b761cf92-3127cc34.jpg,F:\xlw\bdd100k_final\images\100k\val\b761cf92-3127cc34.jpg,val,clear,daytime,clear
b762e497-59b064e0.jpg,F:\xlw\bdd100k_final\images\100k\val\b762e497-59b064e0.jpg,val,clear,night,night
b7636303-2036ba2d.jpg,F:\xlw\bdd100k_final\images\100k\val\b7636303-2036ba2d.jpg,val,clear,night,night
b764f1b2-7ce1c79f.jpg,F:\xlw\bdd100k_final\images\100k\val\b764f1b2-7ce1c79f.jpg,val,clear,night,night
b7668116-0f00b768.jpg,F:\xlw\bdd100k_final\images\100k\val\b7668116-0f00b768.jpg,val,clear,daytime,clear
b7668116-71da4033.jpg,F:\xlw\bdd100k_final\images\100k\val\b7668116-71da4033.jpg,val,partly cloudy,daytime,clear
b7676214-b10e4e0e.jpg,F:\xlw\bdd100k_final\images\100k\val\b7676214-b10e4e0e.jpg,val,clear,daytime,clear
b76792cb-0b0d99c9.jpg,F:\xlw\bdd100k_final\images\100k\val\b76792cb-0b0d99c9.jpg,val,clear,night,night
b76792cb-2998adba.jpg,F:\xlw\bdd100k_final\images\100k\val\b76792cb-2998adba.jpg,val,clear,night,night
b768b26a-f90ad09d.jpg,F:\xlw\bdd100k_final\images\100k\val\b768b26a-f90ad09d.jpg,val,clear,daytime,clear
b768ec39-d32827c2.jpg,F:\xlw\bdd100k_final\images\100k\val\b768ec39-d32827c2.jpg,val,clear,night,night
b769f2fa-026548da.jpg,F:\xlw\bdd100k_final\images\100k\val\b769f2fa-026548da.jpg,val,overcast,daytime,clear
b769f2fa-12edf532.jpg,F:\xlw\bdd100k_final\images\100k\val\b769f2fa-12edf532.jpg,val,clear,daytime,clear
b769f2fa-317151bf.jpg,F:\xlw\bdd100k_final\images\100k\val\b769f2fa-317151bf.jpg,val,overcast,daytime,clear
b769f2fa-902d2ff3.jpg,F:\xlw\bdd100k_final\images\100k\val\b769f2fa-902d2ff3.jpg,val,rainy,daytime,rain
b769f2fa-adedab4b.jpg,F:\xlw\bdd100k_final\images\100k\val\b769f2fa-adedab4b.jpg,val,rainy,daytime,rain
b76fff5c-46f35d4c.jpg,F:\xlw\bdd100k_final\images\100k\val\b76fff5c-46f35d4c.jpg,val,overcast,daytime,clear
b770f56a-3e8cba7a.jpg,F:\xlw\bdd100k_final\images\100k\val\b770f56a-3e8cba7a.jpg,val,clear,night,night
b7711ddf-0f0035a8.jpg,F:\xlw\bdd100k_final\images\100k\val\b7711ddf-0f0035a8.jpg,val,snowy,daytime,snow
b7719f1d-8245d9ce.jpg,F:\xlw\bdd100k_final\images\100k\val\b7719f1d-8245d9ce.jpg,val,partly cloudy,daytime,clear
b7719f1d-e6e580dd.jpg,F:\xlw\bdd100k_final\images\100k\val\b7719f1d-e6e580dd.jpg,val,partly cloudy,daytime,clear
b77405dc-08d4db28.jpg,F:\xlw\bdd100k_final\images\100k\val\b77405dc-08d4db28.jpg,val,rainy,daytime,rain
b775af1c-b71a7f85.jpg,F:\xlw\bdd100k_final\images\100k\val\b775af1c-b71a7f85.jpg,val,partly cloudy,daytime,clear
b775af1c-bb5afbe3.jpg,F:\xlw\bdd100k_final\images\100k\val\b775af1c-bb5afbe3.jpg,val,overcast,daytime,clear
b77826c3-b22372a9.jpg,F:\xlw\bdd100k_final\images\100k\val\b77826c3-b22372a9.jpg,val,clear,daytime,clear
b7789d1a-353aa20d.jpg,F:\xlw\bdd100k_final\images\100k\val\b7789d1a-353aa20d.jpg,val,overcast,daytime,clear
b77a6ed6-5661f543.jpg,F:\xlw\bdd100k_final\images\100k\val\b77a6ed6-5661f543.jpg,val,clear,daytime,clear
b77c4440-56fe6db9.jpg,F:\xlw\bdd100k_final\images\100k\val\b77c4440-56fe6db9.jpg,val,partly cloudy,daytime,clear
b77d1f5b-db4b275d.jpg,F:\xlw\bdd100k_final\images\100k\val\b77d1f5b-db4b275d.jpg,val,clear,night,night
b77d2f48-007d3dbd.jpg,F:\xlw\bdd100k_final\images\100k\val\b77d2f48-007d3dbd.jpg,val,clear,night,night
b77d2f48-a010995e.jpg,F:\xlw\bdd100k_final\images\100k\val\b77d2f48-a010995e.jpg,val,clear,night,night
b77dc345-6d549a1b.jpg,F:\xlw\bdd100k_final\images\100k\val\b77dc345-6d549a1b.jpg,val,overcast,daytime,clear
b77dc345-d1f9b91c.jpg,F:\xlw\bdd100k_final\images\100k\val\b77dc345-d1f9b91c.jpg,val,overcast,daytime,clear
b77df2a1-b2c5d1bb.jpg,F:\xlw\bdd100k_final\images\100k\val\b77df2a1-b2c5d1bb.jpg,val,partly cloudy,daytime,clear
b77e197d-572d6c7b.jpg,F:\xlw\bdd100k_final\images\100k\val\b77e197d-572d6c7b.jpg,val,clear,night,night
b77f3729-fcbf9b93.jpg,F:\xlw\bdd100k_final\images\100k\val\b77f3729-fcbf9b93.jpg,val,clear,daytime,clear
b780088d-0bf9e946.jpg,F:\xlw\bdd100k_final\images\100k\val\b780088d-0bf9e946.jpg,val,overcast,daytime,clear
b780088d-b85f1b00.jpg,F:\xlw\bdd100k_final\images\100k\val\b780088d-b85f1b00.jpg,val,overcast,daytime,clear
b78032b6-f85e30bb.jpg,F:\xlw\bdd100k_final\images\100k\val\b78032b6-f85e30bb.jpg,val,clear,night,night
b782a90c-b8670a3c.jpg,F:\xlw\bdd100k_final\images\100k\val\b782a90c-b8670a3c.jpg,val,clear,night,night
b782f9ad-6bc1d4ee.jpg,F:\xlw\bdd100k_final\images\100k\val\b782f9ad-6bc1d4ee.jpg,val,clear,night,night
b7831880-0327e785.jpg,F:\xlw\bdd100k_final\images\100k\val\b7831880-0327e785.jpg,val,clear,night,night
b7841cd5-1fe9c108.jpg,F:\xlw\bdd100k_final\images\100k\val\b7841cd5-1fe9c108.jpg,val,overcast,daytime,clear
b784ff27-14060d57.jpg,F:\xlw\bdd100k_final\images\100k\val\b784ff27-14060d57.jpg,val,clear,daytime,clear
b784ff27-58c39a23.jpg,F:\xlw\bdd100k_final\images\100k\val\b784ff27-58c39a23.jpg,val,snowy,daytime,snow
b784ff27-a05a848e.jpg,F:\xlw\bdd100k_final\images\100k\val\b784ff27-a05a848e.jpg,val,snowy,daytime,snow
b784ff27-baf00daa.jpg,F:\xlw\bdd100k_final\images\100k\val\b784ff27-baf00daa.jpg,val,clear,daytime,clear
b7872bf3-ddf64f77.jpg,F:\xlw\bdd100k_final\images\100k\val\b7872bf3-ddf64f77.jpg,val,clear,night,night
b788c509-56f6a40a.jpg,F:\xlw\bdd100k_final\images\100k\val\b788c509-56f6a40a.jpg,val,overcast,daytime,clear
b788c509-9ba17da1.jpg,F:\xlw\bdd100k_final\images\100k\val\b788c509-9ba17da1.jpg,val,partly cloudy,daytime,clear
b78a38de-5b7a6b2f.jpg,F:\xlw\bdd100k_final\images\100k\val\b78a38de-5b7a6b2f.jpg,val,clear,night,night
b78cb53c-65159143.jpg,F:\xlw\bdd100k_final\images\100k\val\b78cb53c-65159143.jpg,val,clear,night,night
b78dd814-86a01e2e.jpg,F:\xlw\bdd100k_final\images\100k\val\b78dd814-86a01e2e.jpg,val,snowy,night,night
b78dd814-b57822af.jpg,F:\xlw\bdd100k_final\images\100k\val\b78dd814-b57822af.jpg,val,snowy,night,night
b7910b55-a1ab1901.jpg,F:\xlw\bdd100k_final\images\100k\val\b7910b55-a1ab1901.jpg,val,overcast,daytime,clear
b792daf1-52513869.jpg,F:\xlw\bdd100k_final\images\100k\val\b792daf1-52513869.jpg,val,clear,daytime,clear
b79307e6-6cfc1c5b.jpg,F:\xlw\bdd100k_final\images\100k\val\b79307e6-6cfc1c5b.jpg,val,clear,daytime,clear
b7935597-13c4b9dd.jpg,F:\xlw\bdd100k_final\images\100k\val\b7935597-13c4b9dd.jpg,val,partly cloudy,daytime,clear
b797647c-5f2154db.jpg,F:\xlw\bdd100k_final\images\100k\val\b797647c-5f2154db.jpg,val,overcast,daytime,clear
b7979b09-89a5a8ea.jpg,F:\xlw\bdd100k_final\images\100k\val\b7979b09-89a5a8ea.jpg,val,clear,night,night
b7984475-0a28901d.jpg,F:\xlw\bdd100k_final\images\100k\val\b7984475-0a28901d.jpg,val,clear,daytime,clear
b7993af5-b544c0da.jpg,F:\xlw\bdd100k_final\images\100k\val\b7993af5-b544c0da.jpg,val,clear,night,night
b79c1f8d-33e358e0.jpg,F:\xlw\bdd100k_final\images\100k\val\b79c1f8d-33e358e0.jpg,val,clear,night,night
b79c1f8d-8409e845.jpg,F:\xlw\bdd100k_final\images\100k\val\b79c1f8d-8409e845.jpg,val,overcast,daytime,clear
b79d2bd8-b3eb6fa9.jpg,F:\xlw\bdd100k_final\images\100k\val\b79d2bd8-b3eb6fa9.jpg,val,clear,night,night
b79d7247-1b5a4f2c.jpg,F:\xlw\bdd100k_final\images\100k\val\b79d7247-1b5a4f2c.jpg,val,rainy,daytime,rain
b79d7247-6750fc90.jpg,F:\xlw\bdd100k_final\images\100k\val\b79d7247-6750fc90.jpg,val,rainy,daytime,rain
b7a16331-0c817de1.jpg,F:\xlw\bdd100k_final\images\100k\val\b7a16331-0c817de1.jpg,val,clear,daytime,clear
b7a16331-728c61ea.jpg,F:\xlw\bdd100k_final\images\100k\val\b7a16331-728c61ea.jpg,val,clear,daytime,clear
b7a175e0-52e0bbc9.jpg,F:\xlw\bdd100k_final\images\100k\val\b7a175e0-52e0bbc9.jpg,val,clear,night,night
b7a175e0-ea597801.jpg,F:\xlw\bdd100k_final\images\100k\val\b7a175e0-ea597801.jpg,val,clear,night,night
b7a3fc87-1c0a396b.jpg,F:\xlw\bdd100k_final\images\100k\val\b7a3fc87-1c0a396b.jpg,val,clear,daytime,clear
b7a43d54-9a0a14f5.jpg,F:\xlw\bdd100k_final\images\100k\val\b7a43d54-9a0a14f5.jpg,val,overcast,daytime,clear
b7a8e795-06d17ead.jpg,F:\xlw\bdd100k_final\images\100k\val\b7a8e795-06d17ead.jpg,val,partly cloudy,daytime,clear
b7a8e795-06dce576.jpg,F:\xlw\bdd100k_final\images\100k\val\b7a8e795-06dce576.jpg,val,overcast,daytime,clear
b7a8e795-0ff55db2.jpg,F:\xlw\bdd100k_final\images\100k\val\b7a8e795-0ff55db2.jpg,val,overcast,daytime,clear
b7a8e795-1e7e5390.jpg,F:\xlw\bdd100k_final\images\100k\val\b7a8e795-1e7e5390.jpg,val,overcast,daytime,clear
b7a8e795-36cc1230.jpg,F:\xlw\bdd100k_final\images\100k\val\b7a8e795-36cc1230.jpg,val,clear,daytime,clear
b7a8e795-779e8c02.jpg,F:\xlw\bdd100k_final\images\100k\val\b7a8e795-779e8c02.jpg,val,partly cloudy,daytime,clear
b7a8e795-ff80fddf.jpg,F:\xlw\bdd100k_final\images\100k\val\b7a8e795-ff80fddf.jpg,val,overcast,daytime,clear
b7a97cb6-1d099495.jpg,F:\xlw\bdd100k_final\images\100k\val\b7a97cb6-1d099495.jpg,val,clear,night,night
b7a97cb6-a10ac1b2.jpg,F:\xlw\bdd100k_final\images\100k\val\b7a97cb6-a10ac1b2.jpg,val,clear,night,night
b7a9b166-01d09e6b.jpg,F:\xlw\bdd100k_final\images\100k\val\b7a9b166-01d09e6b.jpg,val,clear,daytime,clear
b7a9b166-176e18ae.jpg,F:\xlw\bdd100k_final\images\100k\val\b7a9b166-176e18ae.jpg,val,clear,daytime,clear
b7a9b166-52309c81.jpg,F:\xlw\bdd100k_final\images\100k\val\b7a9b166-52309c81.jpg,val,clear,daytime,clear
b7a9b166-7d9db10e.jpg,F:\xlw\bdd100k_final\images\100k\val\b7a9b166-7d9db10e.jpg,val,snowy,daytime,snow
b7a9b166-a7b6abec.jpg,F:\xlw\bdd100k_final\images\100k\val\b7a9b166-a7b6abec.jpg,val,snowy,daytime,snow
b7a9b166-fd70d717.jpg,F:\xlw\bdd100k_final\images\100k\val\b7a9b166-fd70d717.jpg,val,snowy,daytime,snow
b7aa329e-25d68dec.jpg,F:\xlw\bdd100k_final\images\100k\val\b7aa329e-25d68dec.jpg,val,clear,daytime,clear
b7ab6225-743ee003.jpg,F:\xlw\bdd100k_final\images\100k\val\b7ab6225-743ee003.jpg,val,clear,night,night
b7ab6225-7a1edecd.jpg,F:\xlw\bdd100k_final\images\100k\val\b7ab6225-7a1edecd.jpg,val,clear,night,night
b7abfbea-3067ba7b.jpg,F:\xlw\bdd100k_final\images\100k\val\b7abfbea-3067ba7b.jpg,val,clear,daytime,clear
b7ad4512-145bbccb.jpg,F:\xlw\bdd100k_final\images\100k\val\b7ad4512-145bbccb.jpg,val,rainy,daytime,rain
b7ad4512-5b2510d8.jpg,F:\xlw\bdd100k_final\images\100k\val\b7ad4512-5b2510d8.jpg,val,rainy,daytime,rain
b7ad967b-5ffacb53.jpg,F:\xlw\bdd100k_final\images\100k\val\b7ad967b-5ffacb53.jpg,val,clear,daytime,clear
b7ada391-dd104c12.jpg,F:\xlw\bdd100k_final\images\100k\val\b7ada391-dd104c12.jpg,val,clear,night,night
b7b07700-7dd6ec37.jpg,F:\xlw\bdd100k_final\images\100k\val\b7b07700-7dd6ec37.jpg,val,partly cloudy,daytime,clear
b7b07700-ba279921.jpg,F:\xlw\bdd100k_final\images\100k\val\b7b07700-ba279921.jpg,val,partly cloudy,daytime,clear
b7b09a19-d9ce1598.jpg,F:\xlw\bdd100k_final\images\100k\val\b7b09a19-d9ce1598.jpg,val,clear,night,night
b7b110ca-fac51d5b.jpg,F:\xlw\bdd100k_final\images\100k\val\b7b110ca-fac51d5b.jpg,val,clear,night,night
b7b1242b-3c255af6.jpg,F:\xlw\bdd100k_final\images\100k\val\b7b1242b-3c255af6.jpg,val,overcast,daytime,clear
b7b132fc-72617f81.jpg,F:\xlw\bdd100k_final\images\100k\val\b7b132fc-72617f81.jpg,val,overcast,daytime,clear
b7b32a5f-87311a3a.jpg,F:\xlw\bdd100k_final\images\100k\val\b7b32a5f-87311a3a.jpg,val,clear,night,night
b7b32a5f-90bce6e1.jpg,F:\xlw\bdd100k_final\images\100k\val\b7b32a5f-90bce6e1.jpg,val,clear,night,night
b7b3a558-45775f2e.jpg,F:\xlw\bdd100k_final\images\100k\val\b7b3a558-45775f2e.jpg,val,clear,night,night
b7b3a558-82db42a5.jpg,F:\xlw\bdd100k_final\images\100k\val\b7b3a558-82db42a5.jpg,val,clear,night,night
b7b3a558-cacc0e78.jpg,F:\xlw\bdd100k_final\images\100k\val\b7b3a558-cacc0e78.jpg,val,clear,night,night
b7b3a558-f047b273.jpg,F:\xlw\bdd100k_final\images\100k\val\b7b3a558-f047b273.jpg,val,clear,night,night
b7b554e4-753c2c08.jpg,F:\xlw\bdd100k_final\images\100k\val\b7b554e4-753c2c08.jpg,val,clear,daytime,clear
b7b58fcc-1ac3ea04.jpg,F:\xlw\bdd100k_final\images\100k\val\b7b58fcc-1ac3ea04.jpg,val,clear,daytime,clear
b7b7c088-13945e4c.jpg,F:\xlw\bdd100k_final\images\100k\val\b7b7c088-13945e4c.jpg,val,overcast,daytime,clear
b7b7c088-2fda29df.jpg,F:\xlw\bdd100k_final\images\100k\val\b7b7c088-2fda29df.jpg,val,overcast,daytime,clear
b7ba2ed7-7f381040.jpg,F:\xlw\bdd100k_final\images\100k\val\b7ba2ed7-7f381040.jpg,val,overcast,night,night
b7ba8fee-e6a5e940.jpg,F:\xlw\bdd100k_final\images\100k\val\b7ba8fee-e6a5e940.jpg,val,rainy,night,night
b7ba8fee-fcbd00e5.jpg,F:\xlw\bdd100k_final\images\100k\val\b7ba8fee-fcbd00e5.jpg,val,undefined,night,night
b7ba9ad7-f89df072.jpg,F:\xlw\bdd100k_final\images\100k\val\b7ba9ad7-f89df072.jpg,val,overcast,daytime,clear
b7bb0d6e-1922b34d.jpg,F:\xlw\bdd100k_final\images\100k\val\b7bb0d6e-1922b34d.jpg,val,partly cloudy,daytime,clear
b7bb0d6e-19d84993.jpg,F:\xlw\bdd100k_final\images\100k\val\b7bb0d6e-19d84993.jpg,val,partly cloudy,night,night
b7bb0d6e-552b4dd9.jpg,F:\xlw\bdd100k_final\images\100k\val\b7bb0d6e-552b4dd9.jpg,val,partly cloudy,daytime,clear
b7bb0d6e-87e194fd.jpg,F:\xlw\bdd100k_final\images\100k\val\b7bb0d6e-87e194fd.jpg,val,partly cloudy,daytime,clear
b7bb0d6e-b018e560.jpg,F:\xlw\bdd100k_final\images\100k\val\b7bb0d6e-b018e560.jpg,val,clear,daytime,clear
b7bb37d8-95dcf32f.jpg,F:\xlw\bdd100k_final\images\100k\val\b7bb37d8-95dcf32f.jpg,val,clear,daytime,clear
b7bb37d8-c413361a.jpg,F:\xlw\bdd100k_final\images\100k\val\b7bb37d8-c413361a.jpg,val,clear,daytime,clear
b7bb37d8-da8a74d7.jpg,F:\xlw\bdd100k_final\images\100k\val\b7bb37d8-da8a74d7.jpg,val,clear,daytime,clear
b7bb64a4-885f7346.jpg,F:\xlw\bdd100k_final\images\100k\val\b7bb64a4-885f7346.jpg,val,snowy,daytime,snow
b7bbb1fe-1cec6316.jpg,F:\xlw\bdd100k_final\images\100k\val\b7bbb1fe-1cec6316.jpg,val,clear,night,night
b7bcc17a-17f66377.jpg,F:\xlw\bdd100k_final\images\100k\val\b7bcc17a-17f66377.jpg,val,overcast,daytime,clear
b7bcc17a-6d53c833.jpg,F:\xlw\bdd100k_final\images\100k\val\b7bcc17a-6d53c833.jpg,val,clear,night,night
b7bcc17a-72df68f9.jpg,F:\xlw\bdd100k_final\images\100k\val\b7bcc17a-72df68f9.jpg,val,clear,daytime,clear
b7bcc17a-7feae7dd.jpg,F:\xlw\bdd100k_final\images\100k\val\b7bcc17a-7feae7dd.jpg,val,clear,night,night
b7bcc17a-8838a45e.jpg,F:\xlw\bdd100k_final\images\100k\val\b7bcc17a-8838a45e.jpg,val,clear,night,night
b7bcc17a-c3da43c8.jpg,F:\xlw\bdd100k_final\images\100k\val\b7bcc17a-c3da43c8.jpg,val,clear,night,night
b7bcc17a-cb639c92.jpg,F:\xlw\bdd100k_final\images\100k\val\b7bcc17a-cb639c92.jpg,val,clear,night,night
b7bcc17a-cd0f0f68.jpg,F:\xlw\bdd100k_final\images\100k\val\b7bcc17a-cd0f0f68.jpg,val,partly cloudy,daytime,clear
b7becb56-e97b2d91.jpg,F:\xlw\bdd100k_final\images\100k\val\b7becb56-e97b2d91.jpg,val,clear,night,night
b7bf181d-8a32731e.jpg,F:\xlw\bdd100k_final\images\100k\val\b7bf181d-8a32731e.jpg,val,overcast,daytime,clear
b7bfad97-abd8ddef.jpg,F:\xlw\bdd100k_final\images\100k\val\b7bfad97-abd8ddef.jpg,val,partly cloudy,daytime,clear
b7c448a7-d2d6ae03.jpg,F:\xlw\bdd100k_final\images\100k\val\b7c448a7-d2d6ae03.jpg,val,overcast,daytime,clear
b7c48676-355433ae.jpg,F:\xlw\bdd100k_final\images\100k\val\b7c48676-355433ae.jpg,val,snowy,daytime,snow
b7c48676-79eba8a1.jpg,F:\xlw\bdd100k_final\images\100k\val\b7c48676-79eba8a1.jpg,val,snowy,daytime,snow
b7c48676-d61a6e81.jpg,F:\xlw\bdd100k_final\images\100k\val\b7c48676-d61a6e81.jpg,val,snowy,daytime,snow
b7c5b8ef-5c9960a8.jpg,F:\xlw\bdd100k_final\images\100k\val\b7c5b8ef-5c9960a8.jpg,val,clear,night,night
b7c5b8ef-b233d513.jpg,F:\xlw\bdd100k_final\images\100k\val\b7c5b8ef-b233d513.jpg,val,clear,night,night
b7c8c7f6-54290bbc.jpg,F:\xlw\bdd100k_final\images\100k\val\b7c8c7f6-54290bbc.jpg,val,clear,night,night
b7c8c7f6-899b3996.jpg,F:\xlw\bdd100k_final\images\100k\val\b7c8c7f6-899b3996.jpg,val,clear,night,night
b7c91476-fe3e68ec.jpg,F:\xlw\bdd100k_final\images\100k\val\b7c91476-fe3e68ec.jpg,val,clear,night,night
b7cf9504-dfc7bd99.jpg,F:\xlw\bdd100k_final\images\100k\val\b7cf9504-dfc7bd99.jpg,val,snowy,daytime,snow
b7d13f97-0aec1868.jpg,F:\xlw\bdd100k_final\images\100k\val\b7d13f97-0aec1868.jpg,val,clear,night,night
b7d13f97-221ebf7b.jpg,F:\xlw\bdd100k_final\images\100k\val\b7d13f97-221ebf7b.jpg,val,clear,night,night
b7d13f97-2952d459.jpg,F:\xlw\bdd100k_final\images\100k\val\b7d13f97-2952d459.jpg,val,clear,night,night
b7d13f97-3df013fa.jpg,F:\xlw\bdd100k_final\images\100k\val\b7d13f97-3df013fa.jpg,val,undefined,night,night
b7d13f97-55885a3b.jpg,F:\xlw\bdd100k_final\images\100k\val\b7d13f97-55885a3b.jpg,val,clear,night,night
b7d13f97-74ae37ed.jpg,F:\xlw\bdd100k_final\images\100k\val\b7d13f97-74ae37ed.jpg,val,clear,night,night
b7d13f97-9f4fcb90.jpg,F:\xlw\bdd100k_final\images\100k\val\b7d13f97-9f4fcb90.jpg,val,clear,night,night
b7d277b3-a6f32171.jpg,F:\xlw\bdd100k_final\images\100k\val\b7d277b3-a6f32171.jpg,val,clear,daytime,clear
b7d277b3-fc03ae80.jpg,F:\xlw\bdd100k_final\images\100k\val\b7d277b3-fc03ae80.jpg,val,clear,night,night
b7d34a28-7404150e.jpg,F:\xlw\bdd100k_final\images\100k\val\b7d34a28-7404150e.jpg,val,clear,night,night
b7d3916f-ab5b5296.jpg,F:\xlw\bdd100k_final\images\100k\val\b7d3916f-ab5b5296.jpg,val,overcast,daytime,clear
b7d46034-cd47154f.jpg,F:\xlw\bdd100k_final\images\100k\val\b7d46034-cd47154f.jpg,val,overcast,daytime,clear
b7d7713a-0ce4c8f1.jpg,F:\xlw\bdd100k_final\images\100k\val\b7d7713a-0ce4c8f1.jpg,val,partly cloudy,daytime,clear
b7d7b438-7e499016.jpg,F:\xlw\bdd100k_final\images\100k\val\b7d7b438-7e499016.jpg,val,clear,daytime,clear
b7d875e8-35d6222a.jpg,F:\xlw\bdd100k_final\images\100k\val\b7d875e8-35d6222a.jpg,val,rainy,night,night
b7d8cd90-a01c6422.jpg,F:\xlw\bdd100k_final\images\100k\val\b7d8cd90-a01c6422.jpg,val,clear,daytime,clear
b7d9a95e-f9901594.jpg,F:\xlw\bdd100k_final\images\100k\val\b7d9a95e-f9901594.jpg,val,clear,daytime,clear
b7da46cc-c6b02c40.jpg,F:\xlw\bdd100k_final\images\100k\val\b7da46cc-c6b02c40.jpg,val,clear,night,night
b7db31d1-06d2afc1.jpg,F:\xlw\bdd100k_final\images\100k\val\b7db31d1-06d2afc1.jpg,val,clear,daytime,clear
b7db31d1-7ccff061.jpg,F:\xlw\bdd100k_final\images\100k\val\b7db31d1-7ccff061.jpg,val,clear,night,night
b7dbc526-68892204.jpg,F:\xlw\bdd100k_final\images\100k\val\b7dbc526-68892204.jpg,val,rainy,daytime,rain
b7dbe50a-3738a448.jpg,F:\xlw\bdd100k_final\images\100k\val\b7dbe50a-3738a448.jpg,val,foggy,night,night
b7dc9921-4c58cd1b.jpg,F:\xlw\bdd100k_final\images\100k\val\b7dc9921-4c58cd1b.jpg,val,clear,night,night
b7dc9921-8ae7e873.jpg,F:\xlw\bdd100k_final\images\100k\val\b7dc9921-8ae7e873.jpg,val,clear,night,night
b7dc9921-b99688d2.jpg,F:\xlw\bdd100k_final\images\100k\val\b7dc9921-b99688d2.jpg,val,clear,night,night
b7dc9921-fcfe3332.jpg,F:\xlw\bdd100k_final\images\100k\val\b7dc9921-fcfe3332.jpg,val,foggy,night,night
b7de4b01-2a16dfe7.jpg,F:\xlw\bdd100k_final\images\100k\val\b7de4b01-2a16dfe7.jpg,val,clear,night,night
b7def2fa-8283e208.jpg,F:\xlw\bdd100k_final\images\100k\val\b7def2fa-8283e208.jpg,val,rainy,daytime,rain
b7df0c5f-293b7be6.jpg,F:\xlw\bdd100k_final\images\100k\val\b7df0c5f-293b7be6.jpg,val,clear,daytime,clear
b7df0c5f-654d495d.jpg,F:\xlw\bdd100k_final\images\100k\val\b7df0c5f-654d495d.jpg,val,clear,daytime,clear
b7e1237b-25dec3f7.jpg,F:\xlw\bdd100k_final\images\100k\val\b7e1237b-25dec3f7.jpg,val,clear,daytime,clear
b7e1237b-876a427c.jpg,F:\xlw\bdd100k_final\images\100k\val\b7e1237b-876a427c.jpg,val,clear,daytime,clear
b7e1237b-f08b7c08.jpg,F:\xlw\bdd100k_final\images\100k\val\b7e1237b-f08b7c08.jpg,val,clear,daytime,clear
b7e17f40-859096c9.jpg,F:\xlw\bdd100k_final\images\100k\val\b7e17f40-859096c9.jpg,val,clear,night,night
b7e347d4-8ab9f4b5.jpg,F:\xlw\bdd100k_final\images\100k\val\b7e347d4-8ab9f4b5.jpg,val,overcast,daytime,clear
b7e68039-9ea5f87c.jpg,F:\xlw\bdd100k_final\images\100k\val\b7e68039-9ea5f87c.jpg,val,rainy,daytime,rain
b7e98aaf-df117cd8.jpg,F:\xlw\bdd100k_final\images\100k\val\b7e98aaf-df117cd8.jpg,val,clear,night,night
b7ea55c1-8385ec70.jpg,F:\xlw\bdd100k_final\images\100k\val\b7ea55c1-8385ec70.jpg,val,partly cloudy,daytime,clear
b7eb6c3d-e1598570.jpg,F:\xlw\bdd100k_final\images\100k\val\b7eb6c3d-e1598570.jpg,val,clear,daytime,clear
b7ec8e2f-b673fc33.jpg,F:\xlw\bdd100k_final\images\100k\val\b7ec8e2f-b673fc33.jpg,val,clear,daytime,clear
b7ec9c7e-816b5937.jpg,F:\xlw\bdd100k_final\images\100k\val\b7ec9c7e-816b5937.jpg,val,overcast,daytime,clear
b7ec9c7e-cfdf4a45.jpg,F:\xlw\bdd100k_final\images\100k\val\b7ec9c7e-cfdf4a45.jpg,val,overcast,daytime,clear
b7edcfdc-f018989f.jpg,F:\xlw\bdd100k_final\images\100k\val\b7edcfdc-f018989f.jpg,val,clear,daytime,clear
b7f1241e-05749fee.jpg,F:\xlw\bdd100k_final\images\100k\val\b7f1241e-05749fee.jpg,val,clear,night,night
b7f1241e-1f691c01.jpg,F:\xlw\bdd100k_final\images\100k\val\b7f1241e-1f691c01.jpg,val,clear,night,night
b7f1241e-de8783e8.jpg,F:\xlw\bdd100k_final\images\100k\val\b7f1241e-de8783e8.jpg,val,clear,night,night
b7f452e4-1e5669ab.jpg,F:\xlw\bdd100k_final\images\100k\val\b7f452e4-1e5669ab.jpg,val,clear,daytime,clear
b7f452e4-1e8b6f3a.jpg,F:\xlw\bdd100k_final\images\100k\val\b7f452e4-1e8b6f3a.jpg,val,clear,daytime,clear
b7f75fad-1c1c419b.jpg,F:\xlw\bdd100k_final\images\100k\val\b7f75fad-1c1c419b.jpg,val,overcast,daytime,clear
b7fbffdb-7dd0268d.jpg,F:\xlw\bdd100k_final\images\100k\val\b7fbffdb-7dd0268d.jpg,val,partly cloudy,daytime,clear
b7fbffdb-e6bc2ef1.jpg,F:\xlw\bdd100k_final\images\100k\val\b7fbffdb-e6bc2ef1.jpg,val,partly cloudy,daytime,clear
b7fc572c-6a4b1de5.jpg,F:\xlw\bdd100k_final\images\100k\val\b7fc572c-6a4b1de5.jpg,val,clear,daytime,clear
b7fc572c-aff1b54d.jpg,F:\xlw\bdd100k_final\images\100k\val\b7fc572c-aff1b54d.jpg,val,overcast,daytime,clear
b7fc572c-f8a3e313.jpg,F:\xlw\bdd100k_final\images\100k\val\b7fc572c-f8a3e313.jpg,val,clear,night,night
b7fcda2b-05f3fc09.jpg,F:\xlw\bdd100k_final\images\100k\val\b7fcda2b-05f3fc09.jpg,val,rainy,night,night
b7fcda2b-2e4d36ef.jpg,F:\xlw\bdd100k_final\images\100k\val\b7fcda2b-2e4d36ef.jpg,val,rainy,daytime,rain
b7fd2970-d748193c.jpg,F:\xlw\bdd100k_final\images\100k\val\b7fd2970-d748193c.jpg,val,clear,daytime,clear
b7fd2970-e46faf78.jpg,F:\xlw\bdd100k_final\images\100k\val\b7fd2970-e46faf78.jpg,val,clear,daytime,clear
b7fd2c7d-1c250dfc.jpg,F:\xlw\bdd100k_final\images\100k\val\b7fd2c7d-1c250dfc.jpg,val,rainy,daytime,rain
b7fd3f86-2750b2d7.jpg,F:\xlw\bdd100k_final\images\100k\val\b7fd3f86-2750b2d7.jpg,val,overcast,daytime,clear
b7fd3f86-4716e687.jpg,F:\xlw\bdd100k_final\images\100k\val\b7fd3f86-4716e687.jpg,val,partly cloudy,daytime,clear
b7fd3f86-5366a23c.jpg,F:\xlw\bdd100k_final\images\100k\val\b7fd3f86-5366a23c.jpg,val,overcast,daytime,clear
b7fd3f86-ba8bf79c.jpg,F:\xlw\bdd100k_final\images\100k\val\b7fd3f86-ba8bf79c.jpg,val,overcast,daytime,clear
b7fe6285-5f64b006.jpg,F:\xlw\bdd100k_final\images\100k\val\b7fe6285-5f64b006.jpg,val,clear,night,night
b7ff9d09-5bef519f.jpg,F:\xlw\bdd100k_final\images\100k\val\b7ff9d09-5bef519f.jpg,val,clear,daytime,clear
b80018ef-3a620af0.jpg,F:\xlw\bdd100k_final\images\100k\val\b80018ef-3a620af0.jpg,val,snowy,night,night
b8015ebc-0445a4e2.jpg,F:\xlw\bdd100k_final\images\100k\val\b8015ebc-0445a4e2.jpg,val,clear,daytime,clear
b8025b43-80a46fe5.jpg,F:\xlw\bdd100k_final\images\100k\val\b8025b43-80a46fe5.jpg,val,clear,daytime,clear
b8025b43-db6cdd13.jpg,F:\xlw\bdd100k_final\images\100k\val\b8025b43-db6cdd13.jpg,val,clear,daytime,clear
b8026c7f-d0cb54f3.jpg,F:\xlw\bdd100k_final\images\100k\val\b8026c7f-d0cb54f3.jpg,val,clear,night,night
b803d91d-10ed2f67.jpg,F:\xlw\bdd100k_final\images\100k\val\b803d91d-10ed2f67.jpg,val,snowy,daytime,snow
b803d91d-17b149ce.jpg,F:\xlw\bdd100k_final\images\100k\val\b803d91d-17b149ce.jpg,val,snowy,daytime,snow
b803d91d-64200a2d.jpg,F:\xlw\bdd100k_final\images\100k\val\b803d91d-64200a2d.jpg,val,snowy,daytime,snow
b803d91d-6687e7f0.jpg,F:\xlw\bdd100k_final\images\100k\val\b803d91d-6687e7f0.jpg,val,snowy,daytime,snow
b803d91d-671b8cff.jpg,F:\xlw\bdd100k_final\images\100k\val\b803d91d-671b8cff.jpg,val,snowy,daytime,snow
b803d91d-e65a9c14.jpg,F:\xlw\bdd100k_final\images\100k\val\b803d91d-e65a9c14.jpg,val,snowy,daytime,snow
b803d91d-ff86709c.jpg,F:\xlw\bdd100k_final\images\100k\val\b803d91d-ff86709c.jpg,val,snowy,daytime,snow
b804f988-233a12a1.jpg,F:\xlw\bdd100k_final\images\100k\val\b804f988-233a12a1.jpg,val,snowy,night,night
b804f988-eb510a9a.jpg,F:\xlw\bdd100k_final\images\100k\val\b804f988-eb510a9a.jpg,val,clear,night,night
b8086e12-1f7655aa.jpg,F:\xlw\bdd100k_final\images\100k\val\b8086e12-1f7655aa.jpg,val,snowy,daytime,snow
b8086e12-68a9bab2.jpg,F:\xlw\bdd100k_final\images\100k\val\b8086e12-68a9bab2.jpg,val,snowy,night,night
b8086e12-c35af994.jpg,F:\xlw\bdd100k_final\images\100k\val\b8086e12-c35af994.jpg,val,snowy,daytime,snow
b8086e12-d6b50340.jpg,F:\xlw\bdd100k_final\images\100k\val\b8086e12-d6b50340.jpg,val,snowy,daytime,snow
b80b91c9-527a346a.jpg,F:\xlw\bdd100k_final\images\100k\val\b80b91c9-527a346a.jpg,val,clear,night,night
b80b91c9-9a644aba.jpg,F:\xlw\bdd100k_final\images\100k\val\b80b91c9-9a644aba.jpg,val,clear,night,night
b80ccebf-3de2a87d.jpg,F:\xlw\bdd100k_final\images\100k\val\b80ccebf-3de2a87d.jpg,val,clear,night,night
b80fb9b6-b12f0c90.jpg,F:\xlw\bdd100k_final\images\100k\val\b80fb9b6-b12f0c90.jpg,val,rainy,daytime,rain
b8125aef-ae843995.jpg,F:\xlw\bdd100k_final\images\100k\val\b8125aef-ae843995.jpg,val,partly cloudy,daytime,clear
b81771ca-32f6b949.jpg,F:\xlw\bdd100k_final\images\100k\val\b81771ca-32f6b949.jpg,val,clear,night,night
b817df43-48a371e7.jpg,F:\xlw\bdd100k_final\images\100k\val\b817df43-48a371e7.jpg,val,rainy,daytime,rain
b818033e-1407617c.jpg,F:\xlw\bdd100k_final\images\100k\val\b818033e-1407617c.jpg,val,overcast,daytime,clear
b818033e-482dae8c.jpg,F:\xlw\bdd100k_final\images\100k\val\b818033e-482dae8c.jpg,val,overcast,daytime,clear
b818033e-87034df2.jpg,F:\xlw\bdd100k_final\images\100k\val\b818033e-87034df2.jpg,val,overcast,daytime,clear
b818033e-f4657ed3.jpg,F:\xlw\bdd100k_final\images\100k\val\b818033e-f4657ed3.jpg,val,overcast,daytime,clear
b81b8523-024d30e0.jpg,F:\xlw\bdd100k_final\images\100k\val\b81b8523-024d30e0.jpg,val,undefined,night,night
b81b8523-57ccb331.jpg,F:\xlw\bdd100k_final\images\100k\val\b81b8523-57ccb331.jpg,val,overcast,daytime,clear
b81c68cc-cdcfdff5.jpg,F:\xlw\bdd100k_final\images\100k\val\b81c68cc-cdcfdff5.jpg,val,clear,night,night
b81d060a-fddedd4f.jpg,F:\xlw\bdd100k_final\images\100k\val\b81d060a-fddedd4f.jpg,val,clear,daytime,clear
b8201476-b9dba8dd.jpg,F:\xlw\bdd100k_final\images\100k\val\b8201476-b9dba8dd.jpg,val,clear,daytime,clear
b821ab2e-089c3379.jpg,F:\xlw\bdd100k_final\images\100k\val\b821ab2e-089c3379.jpg,val,clear,night,night
b8222542-d055faeb.jpg,F:\xlw\bdd100k_final\images\100k\val\b8222542-d055faeb.jpg,val,clear,night,night
b825dfb7-442f3c75.jpg,F:\xlw\bdd100k_final\images\100k\val\b825dfb7-442f3c75.jpg,val,rainy,daytime,rain
b82ad485-481e148c.jpg,F:\xlw\bdd100k_final\images\100k\val\b82ad485-481e148c.jpg,val,clear,daytime,clear
b82b19c9-17011ac5.jpg,F:\xlw\bdd100k_final\images\100k\val\b82b19c9-17011ac5.jpg,val,clear,daytime,clear
b82b19c9-929701e6.jpg,F:\xlw\bdd100k_final\images\100k\val\b82b19c9-929701e6.jpg,val,clear,daytime,clear
b82cf799-a135768f.jpg,F:\xlw\bdd100k_final\images\100k\val\b82cf799-a135768f.jpg,val,clear,night,night
b82e22f1-40b5aa11.jpg,F:\xlw\bdd100k_final\images\100k\val\b82e22f1-40b5aa11.jpg,val,overcast,daytime,clear
b82f7901-6d67cfe8.jpg,F:\xlw\bdd100k_final\images\100k\val\b82f7901-6d67cfe8.jpg,val,snowy,night,night
b82f91d7-7c84fdc5.jpg,F:\xlw\bdd100k_final\images\100k\val\b82f91d7-7c84fdc5.jpg,val,snowy,daytime,snow
b82f91d7-808670c6.jpg,F:\xlw\bdd100k_final\images\100k\val\b82f91d7-808670c6.jpg,val,snowy,daytime,snow
b82f91d7-a21bb033.jpg,F:\xlw\bdd100k_final\images\100k\val\b82f91d7-a21bb033.jpg,val,snowy,daytime,snow
b82f91d7-bfddb3c7.jpg,F:\xlw\bdd100k_final\images\100k\val\b82f91d7-bfddb3c7.jpg,val,snowy,daytime,snow
b830e68f-29ab7518.jpg,F:\xlw\bdd100k_final\images\100k\val\b830e68f-29ab7518.jpg,val,clear,night,night
b8322a8e-438f9ef0.jpg,F:\xlw\bdd100k_final\images\100k\val\b8322a8e-438f9ef0.jpg,val,rainy,night,night
b83235c2-32416553.jpg,F:\xlw\bdd100k_final\images\100k\val\b83235c2-32416553.jpg,val,clear,daytime,clear
b832508c-8f2be0ee.jpg,F:\xlw\bdd100k_final\images\100k\val\b832508c-8f2be0ee.jpg,val,clear,night,night
b832634b-1a0dc8b0.jpg,F:\xlw\bdd100k_final\images\100k\val\b832634b-1a0dc8b0.jpg,val,clear,night,night
b832634b-be31b364.jpg,F:\xlw\bdd100k_final\images\100k\val\b832634b-be31b364.jpg,val,clear,night,night
b836b14a-fb13c905.jpg,F:\xlw\bdd100k_final\images\100k\val\b836b14a-fb13c905.jpg,val,rainy,daytime,rain
b836ef61-1a8aa776.jpg,F:\xlw\bdd100k_final\images\100k\val\b836ef61-1a8aa776.jpg,val,clear,night,night
b83869a3-3023291d.jpg,F:\xlw\bdd100k_final\images\100k\val\b83869a3-3023291d.jpg,val,snowy,night,night
b83869a3-7fc42be5.jpg,F:\xlw\bdd100k_final\images\100k\val\b83869a3-7fc42be5.jpg,val,snowy,daytime,snow
b839982e-68902593.jpg,F:\xlw\bdd100k_final\images\100k\val\b839982e-68902593.jpg,val,partly cloudy,daytime,clear
b83a044e-2926e767.jpg,F:\xlw\bdd100k_final\images\100k\val\b83a044e-2926e767.jpg,val,rainy,daytime,rain
b83b8572-29d97c92.jpg,F:\xlw\bdd100k_final\images\100k\val\b83b8572-29d97c92.jpg,val,clear,night,night
b83d7cf3-4e193818.jpg,F:\xlw\bdd100k_final\images\100k\val\b83d7cf3-4e193818.jpg,val,clear,daytime,clear
b83e4275-fe67ecbd.jpg,F:\xlw\bdd100k_final\images\100k\val\b83e4275-fe67ecbd.jpg,val,clear,night,night
b83e94b9-fc9ee1c7.jpg,F:\xlw\bdd100k_final\images\100k\val\b83e94b9-fc9ee1c7.jpg,val,clear,night,night
b83ec6be-8147e6f9.jpg,F:\xlw\bdd100k_final\images\100k\val\b83ec6be-8147e6f9.jpg,val,clear,night,night
b83ec6be-953a634b.jpg,F:\xlw\bdd100k_final\images\100k\val\b83ec6be-953a634b.jpg,val,clear,night,night
b83ec6be-c9cddfb2.jpg,F:\xlw\bdd100k_final\images\100k\val\b83ec6be-c9cddfb2.jpg,val,clear,night,night
b83ec6be-edf04b3c.jpg,F:\xlw\bdd100k_final\images\100k\val\b83ec6be-edf04b3c.jpg,val,clear,night,night
b8407cb8-71fdf808.jpg,F:\xlw\bdd100k_final\images\100k\val\b8407cb8-71fdf808.jpg,val,clear,daytime,clear
b841106c-4b71146c.jpg,F:\xlw\bdd100k_final\images\100k\val\b841106c-4b71146c.jpg,val,clear,night,night
b841230d-fada32c4.jpg,F:\xlw\bdd100k_final\images\100k\val\b841230d-fada32c4.jpg,val,clear,night,night
b84146a1-a5f588ef.jpg,F:\xlw\bdd100k_final\images\100k\val\b84146a1-a5f588ef.jpg,val,clear,daytime,clear
b842809b-8900f4f0.jpg,F:\xlw\bdd100k_final\images\100k\val\b842809b-8900f4f0.jpg,val,clear,night,night
b842809b-9b11bab7.jpg,F:\xlw\bdd100k_final\images\100k\val\b842809b-9b11bab7.jpg,val,clear,night,night
b842809b-ae95b9bc.jpg,F:\xlw\bdd100k_final\images\100k\val\b842809b-ae95b9bc.jpg,val,clear,night,night
b842809b-d8519a33.jpg,F:\xlw\bdd100k_final\images\100k\val\b842809b-d8519a33.jpg,val,clear,night,night
b84371bc-170edf5a.jpg,F:\xlw\bdd100k_final\images\100k\val\b84371bc-170edf5a.jpg,val,clear,night,night
b843ef1b-2756a85d.jpg,F:\xlw\bdd100k_final\images\100k\val\b843ef1b-2756a85d.jpg,val,clear,daytime,clear
b843ef1b-f173bd21.jpg,F:\xlw\bdd100k_final\images\100k\val\b843ef1b-f173bd21.jpg,val,clear,daytime,clear
b84507e4-4f69e97b.jpg,F:\xlw\bdd100k_final\images\100k\val\b84507e4-4f69e97b.jpg,val,clear,night,night
b84507e4-7ba43134.jpg,F:\xlw\bdd100k_final\images\100k\val\b84507e4-7ba43134.jpg,val,clear,night,night
b84507e4-868d08d2.jpg,F:\xlw\bdd100k_final\images\100k\val\b84507e4-868d08d2.jpg,val,rainy,night,night
b84507e4-e4553a8d.jpg,F:\xlw\bdd100k_final\images\100k\val\b84507e4-e4553a8d.jpg,val,clear,night,night
b84a1117-338ddf33.jpg,F:\xlw\bdd100k_final\images\100k\val\b84a1117-338ddf33.jpg,val,overcast,daytime,clear
b84a1117-3673ce8a.jpg,F:\xlw\bdd100k_final\images\100k\val\b84a1117-3673ce8a.jpg,val,rainy,daytime,rain
b84a1117-72c360e2.jpg,F:\xlw\bdd100k_final\images\100k\val\b84a1117-72c360e2.jpg,val,partly cloudy,daytime,clear
b84da41b-fe80f694.jpg,F:\xlw\bdd100k_final\images\100k\val\b84da41b-fe80f694.jpg,val,clear,daytime,clear
b84dbc8e-94bbc315.jpg,F:\xlw\bdd100k_final\images\100k\val\b84dbc8e-94bbc315.jpg,val,rainy,night,night
b84f4f83-30ec3e22.jpg,F:\xlw\bdd100k_final\images\100k\val\b84f4f83-30ec3e22.jpg,val,rainy,night,night
b84f4f83-c6842bd6.jpg,F:\xlw\bdd100k_final\images\100k\val\b84f4f83-c6842bd6.jpg,val,clear,night,night
b851c0af-630d8381.jpg,F:\xlw\bdd100k_final\images\100k\val\b851c0af-630d8381.jpg,val,clear,night,night
b851c0af-7345afd1.jpg,F:\xlw\bdd100k_final\images\100k\val\b851c0af-7345afd1.jpg,val,clear,night,night
b851f39f-b965b196.jpg,F:\xlw\bdd100k_final\images\100k\val\b851f39f-b965b196.jpg,val,rainy,night,night
b851f39f-d8f42807.jpg,F:\xlw\bdd100k_final\images\100k\val\b851f39f-d8f42807.jpg,val,rainy,night,night
b85420e2-ea146a8a.jpg,F:\xlw\bdd100k_final\images\100k\val\b85420e2-ea146a8a.jpg,val,overcast,daytime,clear
b857eb06-2a0d9098.jpg,F:\xlw\bdd100k_final\images\100k\val\b857eb06-2a0d9098.jpg,val,rainy,daytime,rain
b857eb06-3c8b7034.jpg,F:\xlw\bdd100k_final\images\100k\val\b857eb06-3c8b7034.jpg,val,rainy,daytime,rain
b857eb06-434af6c0.jpg,F:\xlw\bdd100k_final\images\100k\val\b857eb06-434af6c0.jpg,val,rainy,daytime,rain
b857eb06-4601a3a0.jpg,F:\xlw\bdd100k_final\images\100k\val\b857eb06-4601a3a0.jpg,val,snowy,daytime,snow
b857eb06-7ec70e8b.jpg,F:\xlw\bdd100k_final\images\100k\val\b857eb06-7ec70e8b.jpg,val,snowy,daytime,snow
b857eb06-9698b02c.jpg,F:\xlw\bdd100k_final\images\100k\val\b857eb06-9698b02c.jpg,val,snowy,daytime,snow
b857eb06-a85b37f5.jpg,F:\xlw\bdd100k_final\images\100k\val\b857eb06-a85b37f5.jpg,val,overcast,daytime,clear
b857eb06-ef3987ae.jpg,F:\xlw\bdd100k_final\images\100k\val\b857eb06-ef3987ae.jpg,val,overcast,daytime,clear
b8588ac6-afc0184a.jpg,F:\xlw\bdd100k_final\images\100k\val\b8588ac6-afc0184a.jpg,val,overcast,daytime,clear
b85a3ec7-4296bad6.jpg,F:\xlw\bdd100k_final\images\100k\val\b85a3ec7-4296bad6.jpg,val,rainy,daytime,rain
b85b0853-e2b7537e.jpg,F:\xlw\bdd100k_final\images\100k\val\b85b0853-e2b7537e.jpg,val,clear,night,night
b85b0853-ea43f17c.jpg,F:\xlw\bdd100k_final\images\100k\val\b85b0853-ea43f17c.jpg,val,clear,night,night
b85ba05d-90605ae4.jpg,F:\xlw\bdd100k_final\images\100k\val\b85ba05d-90605ae4.jpg,val,clear,night,night
b85d7504-1eef8eea.jpg,F:\xlw\bdd100k_final\images\100k\val\b85d7504-1eef8eea.jpg,val,snowy,daytime,snow
b85eb331-920d81fe.jpg,F:\xlw\bdd100k_final\images\100k\val\b85eb331-920d81fe.jpg,val,clear,daytime,clear
b85f5cc9-44db10f1.jpg,F:\xlw\bdd100k_final\images\100k\val\b85f5cc9-44db10f1.jpg,val,clear,daytime,clear
b86294f6-781fa55d.jpg,F:\xlw\bdd100k_final\images\100k\val\b86294f6-781fa55d.jpg,val,clear,night,night
b86413b9-35499361.jpg,F:\xlw\bdd100k_final\images\100k\val\b86413b9-35499361.jpg,val,overcast,daytime,clear
b8649bc8-519bbee6.jpg,F:\xlw\bdd100k_final\images\100k\val\b8649bc8-519bbee6.jpg,val,clear,night,night
b8677b56-9edba15a.jpg,F:\xlw\bdd100k_final\images\100k\val\b8677b56-9edba15a.jpg,val,clear,daytime,clear
b869965a-5dbee4b1.jpg,F:\xlw\bdd100k_final\images\100k\val\b869965a-5dbee4b1.jpg,val,snowy,daytime,snow
b869965a-88ad8b77.jpg,F:\xlw\bdd100k_final\images\100k\val\b869965a-88ad8b77.jpg,val,clear,daytime,clear
b869965a-f5ff417c.jpg,F:\xlw\bdd100k_final\images\100k\val\b869965a-f5ff417c.jpg,val,clear,daytime,clear
b86a2705-bf3761b9.jpg,F:\xlw\bdd100k_final\images\100k\val\b86a2705-bf3761b9.jpg,val,clear,night,night
b86aaaf8-2496c37d.jpg,F:\xlw\bdd100k_final\images\100k\val\b86aaaf8-2496c37d.jpg,val,clear,night,night
b86ab068-8556a229.jpg,F:\xlw\bdd100k_final\images\100k\val\b86ab068-8556a229.jpg,val,overcast,daytime,clear
b86f9b95-e4651840.jpg,F:\xlw\bdd100k_final\images\100k\val\b86f9b95-e4651840.jpg,val,rainy,daytime,rain
b86fc3d9-021f0bb5.jpg,F:\xlw\bdd100k_final\images\100k\val\b86fc3d9-021f0bb5.jpg,val,snowy,daytime,snow
b871e00c-825caf56.jpg,F:\xlw\bdd100k_final\images\100k\val\b871e00c-825caf56.jpg,val,partly cloudy,daytime,clear
b87299bf-d30f284c.jpg,F:\xlw\bdd100k_final\images\100k\val\b87299bf-d30f284c.jpg,val,clear,daytime,clear
b87366af-3fb3389e.jpg,F:\xlw\bdd100k_final\images\100k\val\b87366af-3fb3389e.jpg,val,clear,night,night
b873c993-1d508f5a.jpg,F:\xlw\bdd100k_final\images\100k\val\b873c993-1d508f5a.jpg,val,snowy,daytime,snow
b873c993-69e9f8fb.jpg,F:\xlw\bdd100k_final\images\100k\val\b873c993-69e9f8fb.jpg,val,snowy,daytime,snow
b875ad93-deec14af.jpg,F:\xlw\bdd100k_final\images\100k\val\b875ad93-deec14af.jpg,val,clear,daytime,clear
b875ad93-f21a6d0a.jpg,F:\xlw\bdd100k_final\images\100k\val\b875ad93-f21a6d0a.jpg,val,clear,daytime,clear
b877b18a-52e00f70.jpg,F:\xlw\bdd100k_final\images\100k\val\b877b18a-52e00f70.jpg,val,partly cloudy,daytime,clear
b8781f69-76c72b31.jpg,F:\xlw\bdd100k_final\images\100k\val\b8781f69-76c72b31.jpg,val,overcast,daytime,clear
b87a03a9-1ddfba47.jpg,F:\xlw\bdd100k_final\images\100k\val\b87a03a9-1ddfba47.jpg,val,snowy,night,night
b87a03a9-c9da2b1a.jpg,F:\xlw\bdd100k_final\images\100k\val\b87a03a9-c9da2b1a.jpg,val,snowy,night,night
b87a5067-734a1f45.jpg,F:\xlw\bdd100k_final\images\100k\val\b87a5067-734a1f45.jpg,val,clear,night,night
b87b8504-1e1d6dcd.jpg,F:\xlw\bdd100k_final\images\100k\val\b87b8504-1e1d6dcd.jpg,val,partly cloudy,daytime,clear
b87b8bce-987990d0.jpg,F:\xlw\bdd100k_final\images\100k\val\b87b8bce-987990d0.jpg,val,clear,night,night
b87b8bce-d9f8e55e.jpg,F:\xlw\bdd100k_final\images\100k\val\b87b8bce-d9f8e55e.jpg,val,clear,night,night
b87bd38d-55fd58cd.jpg,F:\xlw\bdd100k_final\images\100k\val\b87bd38d-55fd58cd.jpg,val,clear,night,night
b87bd38d-9f7f07c3.jpg,F:\xlw\bdd100k_final\images\100k\val\b87bd38d-9f7f07c3.jpg,val,clear,night,night
b87ca2c5-c3c6e7ce.jpg,F:\xlw\bdd100k_final\images\100k\val\b87ca2c5-c3c6e7ce.jpg,val,overcast,daytime,clear
b87d3733-83cb66cc.jpg,F:\xlw\bdd100k_final\images\100k\val\b87d3733-83cb66cc.jpg,val,overcast,daytime,clear
b87e8d90-a0917f70.jpg,F:\xlw\bdd100k_final\images\100k\val\b87e8d90-a0917f70.jpg,val,overcast,daytime,clear
b87ee3bb-1242c008.jpg,F:\xlw\bdd100k_final\images\100k\val\b87ee3bb-1242c008.jpg,val,clear,night,night
b87ee3bb-be0b1bb6.jpg,F:\xlw\bdd100k_final\images\100k\val\b87ee3bb-be0b1bb6.jpg,val,clear,night,night
b87ee3bb-c5b70e4f.jpg,F:\xlw\bdd100k_final\images\100k\val\b87ee3bb-c5b70e4f.jpg,val,clear,night,night
b87fb508-f8374c1f.jpg,F:\xlw\bdd100k_final\images\100k\val\b87fb508-f8374c1f.jpg,val,clear,night,night
b87fe215-0f7b05e0.jpg,F:\xlw\bdd100k_final\images\100k\val\b87fe215-0f7b05e0.jpg,val,overcast,daytime,clear
b88522ea-e38b4bec.jpg,F:\xlw\bdd100k_final\images\100k\val\b88522ea-e38b4bec.jpg,val,clear,night,night
b8854854-756c468f.jpg,F:\xlw\bdd100k_final\images\100k\val\b8854854-756c468f.jpg,val,clear,daytime,clear
b886a0b8-cb75e3a6.jpg,F:\xlw\bdd100k_final\images\100k\val\b886a0b8-cb75e3a6.jpg,val,snowy,night,night
b888e048-8018b284.jpg,F:\xlw\bdd100k_final\images\100k\val\b888e048-8018b284.jpg,val,overcast,daytime,clear
b88a00df-65e5355b.jpg,F:\xlw\bdd100k_final\images\100k\val\b88a00df-65e5355b.jpg,val,clear,night,night
b88a00df-b4d6d3d8.jpg,F:\xlw\bdd100k_final\images\100k\val\b88a00df-b4d6d3d8.jpg,val,clear,night,night
b88a00df-e8484d02.jpg,F:\xlw\bdd100k_final\images\100k\val\b88a00df-e8484d02.jpg,val,clear,night,night
b88b6624-3b54ae18.jpg,F:\xlw\bdd100k_final\images\100k\val\b88b6624-3b54ae18.jpg,val,clear,daytime,clear
b88b6624-e1aabf99.jpg,F:\xlw\bdd100k_final\images\100k\val\b88b6624-e1aabf99.jpg,val,overcast,daytime,clear
b892f130-90ed9d1f.jpg,F:\xlw\bdd100k_final\images\100k\val\b892f130-90ed9d1f.jpg,val,rainy,night,night
b893983a-265a0b70.jpg,F:\xlw\bdd100k_final\images\100k\val\b893983a-265a0b70.jpg,val,overcast,daytime,clear
b89581ec-5a14165f.jpg,F:\xlw\bdd100k_final\images\100k\val\b89581ec-5a14165f.jpg,val,clear,night,night
b89581ec-e0ee3038.jpg,F:\xlw\bdd100k_final\images\100k\val\b89581ec-e0ee3038.jpg,val,clear,night,night
b896b680-ce014e4d.jpg,F:\xlw\bdd100k_final\images\100k\val\b896b680-ce014e4d.jpg,val,clear,daytime,clear
b89886bb-f019c7eb.jpg,F:\xlw\bdd100k_final\images\100k\val\b89886bb-f019c7eb.jpg,val,clear,night,night
b898a22f-d6bcd9d3.jpg,F:\xlw\bdd100k_final\images\100k\val\b898a22f-d6bcd9d3.jpg,val,rainy,night,night
b89981b7-bdacced7.jpg,F:\xlw\bdd100k_final\images\100k\val\b89981b7-bdacced7.jpg,val,rainy,daytime,rain
b89aded3-23603d87.jpg,F:\xlw\bdd100k_final\images\100k\val\b89aded3-23603d87.jpg,val,clear,night,night
b89aded3-532a51a7.jpg,F:\xlw\bdd100k_final\images\100k\val\b89aded3-532a51a7.jpg,val,clear,night,night
b89aded3-c4e4fb25.jpg,F:\xlw\bdd100k_final\images\100k\val\b89aded3-c4e4fb25.jpg,val,clear,night,night
b89bf84d-04301b8b.jpg,F:\xlw\bdd100k_final\images\100k\val\b89bf84d-04301b8b.jpg,val,partly cloudy,daytime,clear
b89bf84d-046670ed.jpg,F:\xlw\bdd100k_final\images\100k\val\b89bf84d-046670ed.jpg,val,partly cloudy,daytime,clear
b89bf84d-280b87dd.jpg,F:\xlw\bdd100k_final\images\100k\val\b89bf84d-280b87dd.jpg,val,clear,night,night
b89bf84d-75cc37b6.jpg,F:\xlw\bdd100k_final\images\100k\val\b89bf84d-75cc37b6.jpg,val,partly cloudy,daytime,clear
b89bf84d-d2c2e5a7.jpg,F:\xlw\bdd100k_final\images\100k\val\b89bf84d-d2c2e5a7.jpg,val,clear,daytime,clear
b8a135c9-3cbeb1c8.jpg,F:\xlw\bdd100k_final\images\100k\val\b8a135c9-3cbeb1c8.jpg,val,snowy,night,night
b8a135c9-d4ff358a.jpg,F:\xlw\bdd100k_final\images\100k\val\b8a135c9-d4ff358a.jpg,val,snowy,daytime,snow
b8a158fd-1e9c1bd7.jpg,F:\xlw\bdd100k_final\images\100k\val\b8a158fd-1e9c1bd7.jpg,val,clear,daytime,clear
b8a158fd-a1917370.jpg,F:\xlw\bdd100k_final\images\100k\val\b8a158fd-a1917370.jpg,val,clear,daytime,clear
b8a1bed9-da501372.jpg,F:\xlw\bdd100k_final\images\100k\val\b8a1bed9-da501372.jpg,val,clear,night,night
b8a28c17-05487707.jpg,F:\xlw\bdd100k_final\images\100k\val\b8a28c17-05487707.jpg,val,undefined,night,night
b8a28c17-3dcc2922.jpg,F:\xlw\bdd100k_final\images\100k\val\b8a28c17-3dcc2922.jpg,val,clear,night,night
b8a28c17-5befd35a.jpg,F:\xlw\bdd100k_final\images\100k\val\b8a28c17-5befd35a.jpg,val,clear,night,night
b8a52657-426c14ae.jpg,F:\xlw\bdd100k_final\images\100k\val\b8a52657-426c14ae.jpg,val,clear,night,night
b8a52657-64748163.jpg,F:\xlw\bdd100k_final\images\100k\val\b8a52657-64748163.jpg,val,clear,night,night
b8a52657-f74f7fd0.jpg,F:\xlw\bdd100k_final\images\100k\val\b8a52657-f74f7fd0.jpg,val,clear,night,night
b8a795ee-21cbb3d1.jpg,F:\xlw\bdd100k_final\images\100k\val\b8a795ee-21cbb3d1.jpg,val,snowy,night,night
b8a795ee-b1680470.jpg,F:\xlw\bdd100k_final\images\100k\val\b8a795ee-b1680470.jpg,val,clear,night,night
b8a835db-34608613.jpg,F:\xlw\bdd100k_final\images\100k\val\b8a835db-34608613.jpg,val,clear,night,night
b8a835db-a66cff4d.jpg,F:\xlw\bdd100k_final\images\100k\val\b8a835db-a66cff4d.jpg,val,clear,night,night
b8a835db-b2b7aed0.jpg,F:\xlw\bdd100k_final\images\100k\val\b8a835db-b2b7aed0.jpg,val,clear,night,night
b8a835db-c49dfee5.jpg,F:\xlw\bdd100k_final\images\100k\val\b8a835db-c49dfee5.jpg,val,clear,daytime,clear
b8a9d382-3bd7d3e4.jpg,F:\xlw\bdd100k_final\images\100k\val\b8a9d382-3bd7d3e4.jpg,val,clear,night,night
b8ab4367-297944fb.jpg,F:\xlw\bdd100k_final\images\100k\val\b8ab4367-297944fb.jpg,val,clear,night,night
b8acc534-23eb2531.jpg,F:\xlw\bdd100k_final\images\100k\val\b8acc534-23eb2531.jpg,val,clear,night,night
b8acc534-d5b64200.jpg,F:\xlw\bdd100k_final\images\100k\val\b8acc534-d5b64200.jpg,val,clear,night,night
b8adc715-5a335a7e.jpg,F:\xlw\bdd100k_final\images\100k\val\b8adc715-5a335a7e.jpg,val,clear,daytime,clear
b8af5bc3-97aa5976.jpg,F:\xlw\bdd100k_final\images\100k\val\b8af5bc3-97aa5976.jpg,val,clear,night,night
b8afaffa-21f32286.jpg,F:\xlw\bdd100k_final\images\100k\val\b8afaffa-21f32286.jpg,val,overcast,daytime,clear
b8afaffa-5ec67bbb.jpg,F:\xlw\bdd100k_final\images\100k\val\b8afaffa-5ec67bbb.jpg,val,rainy,daytime,rain
b8affcd1-29901d90.jpg,F:\xlw\bdd100k_final\images\100k\val\b8affcd1-29901d90.jpg,val,clear,daytime,clear
b8b0554a-35795cdf.jpg,F:\xlw\bdd100k_final\images\100k\val\b8b0554a-35795cdf.jpg,val,snowy,daytime,snow
b8b0554a-ecca669e.jpg,F:\xlw\bdd100k_final\images\100k\val\b8b0554a-ecca669e.jpg,val,snowy,daytime,snow
b8b06f77-5b618032.jpg,F:\xlw\bdd100k_final\images\100k\val\b8b06f77-5b618032.jpg,val,clear,night,night
b8b15e54-2ccd7fd0.jpg,F:\xlw\bdd100k_final\images\100k\val\b8b15e54-2ccd7fd0.jpg,val,clear,daytime,clear
b8b15e54-4c278512.jpg,F:\xlw\bdd100k_final\images\100k\val\b8b15e54-4c278512.jpg,val,clear,daytime,clear
b8b15e54-f8461121.jpg,F:\xlw\bdd100k_final\images\100k\val\b8b15e54-f8461121.jpg,val,clear,daytime,clear
b8b18469-00a140bf.jpg,F:\xlw\bdd100k_final\images\100k\val\b8b18469-00a140bf.jpg,val,clear,daytime,clear
b8b18469-55e564e3.jpg,F:\xlw\bdd100k_final\images\100k\val\b8b18469-55e564e3.jpg,val,clear,daytime,clear
b8b3e840-06f018d3.jpg,F:\xlw\bdd100k_final\images\100k\val\b8b3e840-06f018d3.jpg,val,overcast,daytime,clear
b8b4115a-19b5976e.jpg,F:\xlw\bdd100k_final\images\100k\val\b8b4115a-19b5976e.jpg,val,partly cloudy,daytime,clear
b8b4115a-ea1a60b6.jpg,F:\xlw\bdd100k_final\images\100k\val\b8b4115a-ea1a60b6.jpg,val,partly cloudy,daytime,clear
b8b69c99-e0c0b8bb.jpg,F:\xlw\bdd100k_final\images\100k\val\b8b69c99-e0c0b8bb.jpg,val,snowy,daytime,snow
b8b84774-309883b2.jpg,F:\xlw\bdd100k_final\images\100k\val\b8b84774-309883b2.jpg,val,snowy,night,night
b8b84774-58b7527d.jpg,F:\xlw\bdd100k_final\images\100k\val\b8b84774-58b7527d.jpg,val,snowy,night,night
b8b84774-c0740817.jpg,F:\xlw\bdd100k_final\images\100k\val\b8b84774-c0740817.jpg,val,snowy,night,night
b8b9ffae-042b50eb.jpg,F:\xlw\bdd100k_final\images\100k\val\b8b9ffae-042b50eb.jpg,val,clear,daytime,clear
b8b9ffae-d3cb2bbd.jpg,F:\xlw\bdd100k_final\images\100k\val\b8b9ffae-d3cb2bbd.jpg,val,partly cloudy,daytime,clear
b8bb2022-164d8e4f.jpg,F:\xlw\bdd100k_final\images\100k\val\b8bb2022-164d8e4f.jpg,val,clear,night,night
b8bb2022-6ef7291e.jpg,F:\xlw\bdd100k_final\images\100k\val\b8bb2022-6ef7291e.jpg,val,clear,night,night
b8bb2022-f22d2908.jpg,F:\xlw\bdd100k_final\images\100k\val\b8bb2022-f22d2908.jpg,val,clear,night,night
b8c0457f-3c7b553c.jpg,F:\xlw\bdd100k_final\images\100k\val\b8c0457f-3c7b553c.jpg,val,rainy,night,night
b8c0457f-d7a1d2b7.jpg,F:\xlw\bdd100k_final\images\100k\val\b8c0457f-d7a1d2b7.jpg,val,rainy,daytime,rain
b8c0457f-fa2eacb4.jpg,F:\xlw\bdd100k_final\images\100k\val\b8c0457f-fa2eacb4.jpg,val,rainy,daytime,rain
b8c0d4a5-0b8ec726.jpg,F:\xlw\bdd100k_final\images\100k\val\b8c0d4a5-0b8ec726.jpg,val,clear,night,night
b8c0d4a5-e8d3393a.jpg,F:\xlw\bdd100k_final\images\100k\val\b8c0d4a5-e8d3393a.jpg,val,clear,night,night
b8c1f257-22c2b2cc.jpg,F:\xlw\bdd100k_final\images\100k\val\b8c1f257-22c2b2cc.jpg,val,clear,night,night
b8c1f257-b16e7b78.jpg,F:\xlw\bdd100k_final\images\100k\val\b8c1f257-b16e7b78.jpg,val,clear,night,night
b8c21917-b001727c.jpg,F:\xlw\bdd100k_final\images\100k\val\b8c21917-b001727c.jpg,val,clear,daytime,clear
b8c2c8e8-bfe9cb41.jpg,F:\xlw\bdd100k_final\images\100k\val\b8c2c8e8-bfe9cb41.jpg,val,overcast,daytime,clear
b8c3f870-d6a887c8.jpg,F:\xlw\bdd100k_final\images\100k\val\b8c3f870-d6a887c8.jpg,val,snowy,daytime,snow
b8c60cba-d52cfc92.jpg,F:\xlw\bdd100k_final\images\100k\val\b8c60cba-d52cfc92.jpg,val,clear,night,night
b8c7c957-84df8251.jpg,F:\xlw\bdd100k_final\images\100k\val\b8c7c957-84df8251.jpg,val,clear,daytime,clear
b8c7c957-b05e784c.jpg,F:\xlw\bdd100k_final\images\100k\val\b8c7c957-b05e784c.jpg,val,clear,daytime,clear
b8ca6c5d-22de751a.jpg,F:\xlw\bdd100k_final\images\100k\val\b8ca6c5d-22de751a.jpg,val,clear,daytime,clear
b8cca913-a59e1a1b.jpg,F:\xlw\bdd100k_final\images\100k\val\b8cca913-a59e1a1b.jpg,val,overcast,daytime,clear
b8cd6a1b-84ae1442.jpg,F:\xlw\bdd100k_final\images\100k\val\b8cd6a1b-84ae1442.jpg,val,clear,night,night
b8ce5e42-34aa3275.jpg,F:\xlw\bdd100k_final\images\100k\val\b8ce5e42-34aa3275.jpg,val,clear,night,night
b8cf7112-d0f7365c.jpg,F:\xlw\bdd100k_final\images\100k\val\b8cf7112-d0f7365c.jpg,val,clear,night,night
b8d26b85-e5941e4b.jpg,F:\xlw\bdd100k_final\images\100k\val\b8d26b85-e5941e4b.jpg,val,clear,night,night
b8d6eb5f-c1f21fe4.jpg,F:\xlw\bdd100k_final\images\100k\val\b8d6eb5f-c1f21fe4.jpg,val,overcast,daytime,clear
b8da2353-3f632c8a.jpg,F:\xlw\bdd100k_final\images\100k\val\b8da2353-3f632c8a.jpg,val,clear,night,night
b8dce66a-004c2b9d.jpg,F:\xlw\bdd100k_final\images\100k\val\b8dce66a-004c2b9d.jpg,val,clear,night,night
b8e2eae6-9b3f3a2f.jpg,F:\xlw\bdd100k_final\images\100k\val\b8e2eae6-9b3f3a2f.jpg,val,clear,daytime,clear
b8e638c5-c29e3eba.jpg,F:\xlw\bdd100k_final\images\100k\val\b8e638c5-c29e3eba.jpg,val,partly cloudy,daytime,clear
b8e63e55-369d821c.jpg,F:\xlw\bdd100k_final\images\100k\val\b8e63e55-369d821c.jpg,val,clear,daytime,clear
b8e675b0-2345da2d.jpg,F:\xlw\bdd100k_final\images\100k\val\b8e675b0-2345da2d.jpg,val,clear,night,night
b8e675b0-b18c870f.jpg,F:\xlw\bdd100k_final\images\100k\val\b8e675b0-b18c870f.jpg,val,clear,daytime,clear
b8e675b0-eeb01556.jpg,F:\xlw\bdd100k_final\images\100k\val\b8e675b0-eeb01556.jpg,val,clear,daytime,clear
b8ecdc10-e0148c98.jpg,F:\xlw\bdd100k_final\images\100k\val\b8ecdc10-e0148c98.jpg,val,overcast,daytime,clear
b8ee7220-ee251c9a.jpg,F:\xlw\bdd100k_final\images\100k\val\b8ee7220-ee251c9a.jpg,val,clear,night,night
b8ef1613-c936238e.jpg,F:\xlw\bdd100k_final\images\100k\val\b8ef1613-c936238e.jpg,val,overcast,daytime,clear
b8ef1613-cabb90be.jpg,F:\xlw\bdd100k_final\images\100k\val\b8ef1613-cabb90be.jpg,val,overcast,daytime,clear
b8efe857-6eb8e35f.jpg,F:\xlw\bdd100k_final\images\100k\val\b8efe857-6eb8e35f.jpg,val,clear,night,night
b8efe857-90dec33b.jpg,F:\xlw\bdd100k_final\images\100k\val\b8efe857-90dec33b.jpg,val,clear,night,night
b8f0315c-6d83432c.jpg,F:\xlw\bdd100k_final\images\100k\val\b8f0315c-6d83432c.jpg,val,overcast,daytime,clear
b8f2d63d-22dbb72d.jpg,F:\xlw\bdd100k_final\images\100k\val\b8f2d63d-22dbb72d.jpg,val,rainy,daytime,rain
b8f2d63d-6a944fa4.jpg,F:\xlw\bdd100k_final\images\100k\val\b8f2d63d-6a944fa4.jpg,val,rainy,daytime,rain
b8f2d63d-6aac4195.jpg,F:\xlw\bdd100k_final\images\100k\val\b8f2d63d-6aac4195.jpg,val,rainy,daytime,rain
b8f2d63d-9a3923f7.jpg,F:\xlw\bdd100k_final\images\100k\val\b8f2d63d-9a3923f7.jpg,val,rainy,daytime,rain
b8f44a4f-c3682a11.jpg,F:\xlw\bdd100k_final\images\100k\val\b8f44a4f-c3682a11.jpg,val,clear,night,night
b8f5912b-5dd97fdd.jpg,F:\xlw\bdd100k_final\images\100k\val\b8f5912b-5dd97fdd.jpg,val,clear,night,night
b8f5cc6a-32756cda.jpg,F:\xlw\bdd100k_final\images\100k\val\b8f5cc6a-32756cda.jpg,val,partly cloudy,daytime,clear
b8f63f02-014464f6.jpg,F:\xlw\bdd100k_final\images\100k\val\b8f63f02-014464f6.jpg,val,clear,daytime,clear
b8f63f02-c999a811.jpg,F:\xlw\bdd100k_final\images\100k\val\b8f63f02-c999a811.jpg,val,clear,daytime,clear
b8f63f02-f3d4d3ef.jpg,F:\xlw\bdd100k_final\images\100k\val\b8f63f02-f3d4d3ef.jpg,val,clear,daytime,clear
b8f63f02-f5b555a9.jpg,F:\xlw\bdd100k_final\images\100k\val\b8f63f02-f5b555a9.jpg,val,clear,daytime,clear
b8f63f02-f78a7452.jpg,F:\xlw\bdd100k_final\images\100k\val\b8f63f02-f78a7452.jpg,val,clear,daytime,clear
b8f65e48-10600b5e.jpg,F:\xlw\bdd100k_final\images\100k\val\b8f65e48-10600b5e.jpg,val,overcast,daytime,clear
b8f781de-a5f9cdfa.jpg,F:\xlw\bdd100k_final\images\100k\val\b8f781de-a5f9cdfa.jpg,val,clear,night,night
b8fb5451-6c0e5ec6.jpg,F:\xlw\bdd100k_final\images\100k\val\b8fb5451-6c0e5ec6.jpg,val,partly cloudy,daytime,clear
b8fcdf93-4aac8105.jpg,F:\xlw\bdd100k_final\images\100k\val\b8fcdf93-4aac8105.jpg,val,clear,night,night
b8fe9f2b-012851c9.jpg,F:\xlw\bdd100k_final\images\100k\val\b8fe9f2b-012851c9.jpg,val,clear,daytime,clear
b8fe9f2b-270e73a0.jpg,F:\xlw\bdd100k_final\images\100k\val\b8fe9f2b-270e73a0.jpg,val,clear,daytime,clear
b8fe9f2b-d63131a3.jpg,F:\xlw\bdd100k_final\images\100k\val\b8fe9f2b-d63131a3.jpg,val,partly cloudy,daytime,clear
b90327ce-1fd6eed8.jpg,F:\xlw\bdd100k_final\images\100k\val\b90327ce-1fd6eed8.jpg,val,rainy,daytime,rain
b90327ce-86c1d1f4.jpg,F:\xlw\bdd100k_final\images\100k\val\b90327ce-86c1d1f4.jpg,val,rainy,daytime,rain
b90327ce-8bdda545.jpg,F:\xlw\bdd100k_final\images\100k\val\b90327ce-8bdda545.jpg,val,rainy,daytime,rain
b9047aca-41787983.jpg,F:\xlw\bdd100k_final\images\100k\val\b9047aca-41787983.jpg,val,overcast,daytime,clear
b9054a76-5266134b.jpg,F:\xlw\bdd100k_final\images\100k\val\b9054a76-5266134b.jpg,val,clear,night,night
b9079f4e-13bafb7b.jpg,F:\xlw\bdd100k_final\images\100k\val\b9079f4e-13bafb7b.jpg,val,clear,night,night
b907b620-74e79e9c.jpg,F:\xlw\bdd100k_final\images\100k\val\b907b620-74e79e9c.jpg,val,rainy,daytime,rain
b9087534-f5d49005.jpg,F:\xlw\bdd100k_final\images\100k\val\b9087534-f5d49005.jpg,val,clear,night,night
b9094f83-df5b86f1.jpg,F:\xlw\bdd100k_final\images\100k\val\b9094f83-df5b86f1.jpg,val,overcast,daytime,clear
b9097b2d-0eb8ce24.jpg,F:\xlw\bdd100k_final\images\100k\val\b9097b2d-0eb8ce24.jpg,val,clear,night,night
b909a526-1971fba7.jpg,F:\xlw\bdd100k_final\images\100k\val\b909a526-1971fba7.jpg,val,clear,daytime,clear
b909df8f-51c5470e.jpg,F:\xlw\bdd100k_final\images\100k\val\b909df8f-51c5470e.jpg,val,snowy,daytime,snow
b90a1ed5-653861b3.jpg,F:\xlw\bdd100k_final\images\100k\val\b90a1ed5-653861b3.jpg,val,clear,daytime,clear
b90b45ad-a54b1fbf.jpg,F:\xlw\bdd100k_final\images\100k\val\b90b45ad-a54b1fbf.jpg,val,clear,daytime,clear
b90bcbaa-99b962db.jpg,F:\xlw\bdd100k_final\images\100k\val\b90bcbaa-99b962db.jpg,val,snowy,night,night
b90bcbaa-d26f06dc.jpg,F:\xlw\bdd100k_final\images\100k\val\b90bcbaa-d26f06dc.jpg,val,snowy,night,night
b90ca71f-3cf69251.jpg,F:\xlw\bdd100k_final\images\100k\val\b90ca71f-3cf69251.jpg,val,partly cloudy,daytime,clear
b90cbc2c-4f9a1c58.jpg,F:\xlw\bdd100k_final\images\100k\val\b90cbc2c-4f9a1c58.jpg,val,clear,night,night
b90d0148-081f5e0b.jpg,F:\xlw\bdd100k_final\images\100k\val\b90d0148-081f5e0b.jpg,val,clear,night,night
b90d0148-2d15443f.jpg,F:\xlw\bdd100k_final\images\100k\val\b90d0148-2d15443f.jpg,val,clear,night,night
b90d0148-6d64cd06.jpg,F:\xlw\bdd100k_final\images\100k\val\b90d0148-6d64cd06.jpg,val,clear,night,night
b90d0148-bbecdb11.jpg,F:\xlw\bdd100k_final\images\100k\val\b90d0148-bbecdb11.jpg,val,clear,night,night
b90ed33f-2b527be4.jpg,F:\xlw\bdd100k_final\images\100k\val\b90ed33f-2b527be4.jpg,val,overcast,daytime,clear
b90f7487-17bb6cb9.jpg,F:\xlw\bdd100k_final\images\100k\val\b90f7487-17bb6cb9.jpg,val,overcast,daytime,clear
b9102500-70bcb1c3.jpg,F:\xlw\bdd100k_final\images\100k\val\b9102500-70bcb1c3.jpg,val,overcast,daytime,clear
b9117002-548fd684.jpg,F:\xlw\bdd100k_final\images\100k\val\b9117002-548fd684.jpg,val,clear,daytime,clear
b9117002-f2ff0c31.jpg,F:\xlw\bdd100k_final\images\100k\val\b9117002-f2ff0c31.jpg,val,clear,night,night
b911a419-7bb3a8a4.jpg,F:\xlw\bdd100k_final\images\100k\val\b911a419-7bb3a8a4.jpg,val,clear,night,night
b91383d9-1f2454a4.jpg,F:\xlw\bdd100k_final\images\100k\val\b91383d9-1f2454a4.jpg,val,partly cloudy,daytime,clear
b9152ae2-21189b28.jpg,F:\xlw\bdd100k_final\images\100k\val\b9152ae2-21189b28.jpg,val,clear,night,night
b915526f-f22f5cc4.jpg,F:\xlw\bdd100k_final\images\100k\val\b915526f-f22f5cc4.jpg,val,clear,night,night
b919f6f7-9c71d913.jpg,F:\xlw\bdd100k_final\images\100k\val\b919f6f7-9c71d913.jpg,val,clear,daytime,clear
b91c609b-171a17e0.jpg,F:\xlw\bdd100k_final\images\100k\val\b91c609b-171a17e0.jpg,val,clear,night,night
b91cdc5d-bce994ce.jpg,F:\xlw\bdd100k_final\images\100k\val\b91cdc5d-bce994ce.jpg,val,clear,daytime,clear
b91dd730-8e0a1a8f.jpg,F:\xlw\bdd100k_final\images\100k\val\b91dd730-8e0a1a8f.jpg,val,clear,night,night
b91ddba0-93eda7e1.jpg,F:\xlw\bdd100k_final\images\100k\val\b91ddba0-93eda7e1.jpg,val,clear,daytime,clear
b91ddba0-946e0059.jpg,F:\xlw\bdd100k_final\images\100k\val\b91ddba0-946e0059.jpg,val,clear,daytime,clear
b91df396-3a32db81.jpg,F:\xlw\bdd100k_final\images\100k\val\b91df396-3a32db81.jpg,val,clear,night,night
b9206eb1-08915f67.jpg,F:\xlw\bdd100k_final\images\100k\val\b9206eb1-08915f67.jpg,val,clear,daytime,clear
b92246fc-03731d6b.jpg,F:\xlw\bdd100k_final\images\100k\val\b92246fc-03731d6b.jpg,val,clear,night,night
b9254d2f-df7dd6b1.jpg,F:\xlw\bdd100k_final\images\100k\val\b9254d2f-df7dd6b1.jpg,val,partly cloudy,daytime,clear
b928271b-35145ad6.jpg,F:\xlw\bdd100k_final\images\100k\val\b928271b-35145ad6.jpg,val,clear,daytime,clear
b928271b-fe5cc5d1.jpg,F:\xlw\bdd100k_final\images\100k\val\b928271b-fe5cc5d1.jpg,val,clear,daytime,clear
b928cd75-1fb70c18.jpg,F:\xlw\bdd100k_final\images\100k\val\b928cd75-1fb70c18.jpg,val,clear,night,night
b92a7fe6-0042ff16.jpg,F:\xlw\bdd100k_final\images\100k\val\b92a7fe6-0042ff16.jpg,val,clear,night,night
b92a7fe6-01adecfd.jpg,F:\xlw\bdd100k_final\images\100k\val\b92a7fe6-01adecfd.jpg,val,clear,night,night
b92a7fe6-714c37c2.jpg,F:\xlw\bdd100k_final\images\100k\val\b92a7fe6-714c37c2.jpg,val,clear,night,night
b92c0cf0-2f0621ad.jpg,F:\xlw\bdd100k_final\images\100k\val\b92c0cf0-2f0621ad.jpg,val,clear,night,night
b92c4dd3-7ed54ec0.jpg,F:\xlw\bdd100k_final\images\100k\val\b92c4dd3-7ed54ec0.jpg,val,clear,night,night
b92d48c3-f7812f84.jpg,F:\xlw\bdd100k_final\images\100k\val\b92d48c3-f7812f84.jpg,val,clear,night,night
b92e15f8-bf91ff53.jpg,F:\xlw\bdd100k_final\images\100k\val\b92e15f8-bf91ff53.jpg,val,snowy,daytime,snow
b92e5a9f-28900b6b.jpg,F:\xlw\bdd100k_final\images\100k\val\b92e5a9f-28900b6b.jpg,val,clear,night,night
b93085e8-4dcee882.jpg,F:\xlw\bdd100k_final\images\100k\val\b93085e8-4dcee882.jpg,val,clear,daytime,clear
b931fe93-10ef5680.jpg,F:\xlw\bdd100k_final\images\100k\val\b931fe93-10ef5680.jpg,val,snowy,night,night
b931fe93-37b7cffb.jpg,F:\xlw\bdd100k_final\images\100k\val\b931fe93-37b7cffb.jpg,val,snowy,night,night
b931fe93-5ee3a9ba.jpg,F:\xlw\bdd100k_final\images\100k\val\b931fe93-5ee3a9ba.jpg,val,snowy,night,night
b931fe93-614568d3.jpg,F:\xlw\bdd100k_final\images\100k\val\b931fe93-614568d3.jpg,val,snowy,night,night
b931fe93-db7bffaf.jpg,F:\xlw\bdd100k_final\images\100k\val\b931fe93-db7bffaf.jpg,val,snowy,night,night
b931fe93-f0b441ba.jpg,F:\xlw\bdd100k_final\images\100k\val\b931fe93-f0b441ba.jpg,val,snowy,night,night
b9332578-307665bc.jpg,F:\xlw\bdd100k_final\images\100k\val\b9332578-307665bc.jpg,val,rainy,daytime,rain
b934dfc0-55ee2773.jpg,F:\xlw\bdd100k_final\images\100k\val\b934dfc0-55ee2773.jpg,val,overcast,daytime,clear
b93616ca-eaeb3f71.jpg,F:\xlw\bdd100k_final\images\100k\val\b93616ca-eaeb3f71.jpg,val,partly cloudy,daytime,clear
b936e35e-55e17398.jpg,F:\xlw\bdd100k_final\images\100k\val\b936e35e-55e17398.jpg,val,snowy,daytime,snow
b936e35e-e46a87e6.jpg,F:\xlw\bdd100k_final\images\100k\val\b936e35e-e46a87e6.jpg,val,snowy,daytime,snow
b936e35e-f493bf16.jpg,F:\xlw\bdd100k_final\images\100k\val\b936e35e-f493bf16.jpg,val,clear,night,night
b93942f9-441a4817.jpg,F:\xlw\bdd100k_final\images\100k\val\b93942f9-441a4817.jpg,val,clear,night,night
b93942f9-65eda0a3.jpg,F:\xlw\bdd100k_final\images\100k\val\b93942f9-65eda0a3.jpg,val,rainy,night,night
b93942f9-d722e1d0.jpg,F:\xlw\bdd100k_final\images\100k\val\b93942f9-d722e1d0.jpg,val,clear,night,night
b93942f9-ff411dce.jpg,F:\xlw\bdd100k_final\images\100k\val\b93942f9-ff411dce.jpg,val,clear,night,night
b93a8e92-e5a0589d.jpg,F:\xlw\bdd100k_final\images\100k\val\b93a8e92-e5a0589d.jpg,val,overcast,daytime,clear
b93bd867-726d338b.jpg,F:\xlw\bdd100k_final\images\100k\val\b93bd867-726d338b.jpg,val,overcast,daytime,clear
b93c2c35-3533f822.jpg,F:\xlw\bdd100k_final\images\100k\val\b93c2c35-3533f822.jpg,val,overcast,daytime,clear
b93c2c35-9a03812d.jpg,F:\xlw\bdd100k_final\images\100k\val\b93c2c35-9a03812d.jpg,val,overcast,daytime,clear
b93d4555-02be04c1.jpg,F:\xlw\bdd100k_final\images\100k\val\b93d4555-02be04c1.jpg,val,clear,night,night
b93db0b2-fd5012d5.jpg,F:\xlw\bdd100k_final\images\100k\val\b93db0b2-fd5012d5.jpg,val,clear,night,night
b93e0d1b-5e1e35f8.jpg,F:\xlw\bdd100k_final\images\100k\val\b93e0d1b-5e1e35f8.jpg,val,clear,daytime,clear
b93e190c-5253eaff.jpg,F:\xlw\bdd100k_final\images\100k\val\b93e190c-5253eaff.jpg,val,clear,night,night
b93e190c-b3e4728f.jpg,F:\xlw\bdd100k_final\images\100k\val\b93e190c-b3e4728f.jpg,val,clear,night,night
b93e2268-394c7031.jpg,F:\xlw\bdd100k_final\images\100k\val\b93e2268-394c7031.jpg,val,partly cloudy,daytime,clear
b93e2268-40e27a6d.jpg,F:\xlw\bdd100k_final\images\100k\val\b93e2268-40e27a6d.jpg,val,partly cloudy,daytime,clear
b93e2268-4b277928.jpg,F:\xlw\bdd100k_final\images\100k\val\b93e2268-4b277928.jpg,val,partly cloudy,daytime,clear
b93ecb20-598666a0.jpg,F:\xlw\bdd100k_final\images\100k\val\b93ecb20-598666a0.jpg,val,clear,daytime,clear
b93f2cee-48325ee0.jpg,F:\xlw\bdd100k_final\images\100k\val\b93f2cee-48325ee0.jpg,val,clear,night,night
b93f2cee-c44ef489.jpg,F:\xlw\bdd100k_final\images\100k\val\b93f2cee-c44ef489.jpg,val,clear,night,night
b940ba87-26950497.jpg,F:\xlw\bdd100k_final\images\100k\val\b940ba87-26950497.jpg,val,clear,night,night
b940c3b2-149d028e.jpg,F:\xlw\bdd100k_final\images\100k\val\b940c3b2-149d028e.jpg,val,clear,night,night
b9429f07-33ae3ff1.jpg,F:\xlw\bdd100k_final\images\100k\val\b9429f07-33ae3ff1.jpg,val,clear,daytime,clear
b9429f07-a95e6db3.jpg,F:\xlw\bdd100k_final\images\100k\val\b9429f07-a95e6db3.jpg,val,clear,daytime,clear
b9429f07-e59c4a8c.jpg,F:\xlw\bdd100k_final\images\100k\val\b9429f07-e59c4a8c.jpg,val,clear,daytime,clear
b94313c9-962b4c59.jpg,F:\xlw\bdd100k_final\images\100k\val\b94313c9-962b4c59.jpg,val,overcast,daytime,clear
b944121b-910a65e5.jpg,F:\xlw\bdd100k_final\images\100k\val\b944121b-910a65e5.jpg,val,clear,daytime,clear
b946a4cf-ef1b308e.jpg,F:\xlw\bdd100k_final\images\100k\val\b946a4cf-ef1b308e.jpg,val,clear,night,night
b9470f2d-aa9b22f2.jpg,F:\xlw\bdd100k_final\images\100k\val\b9470f2d-aa9b22f2.jpg,val,clear,daytime,clear
b9471202-68f658bd.jpg,F:\xlw\bdd100k_final\images\100k\val\b9471202-68f658bd.jpg,val,clear,daytime,clear
b94781aa-a48a3555.jpg,F:\xlw\bdd100k_final\images\100k\val\b94781aa-a48a3555.jpg,val,clear,night,night
b947b09d-0221b791.jpg,F:\xlw\bdd100k_final\images\100k\val\b947b09d-0221b791.jpg,val,clear,night,night
b947b09d-ed9cc136.jpg,F:\xlw\bdd100k_final\images\100k\val\b947b09d-ed9cc136.jpg,val,clear,night,night
b94a9ed0-08112e6a.jpg,F:\xlw\bdd100k_final\images\100k\val\b94a9ed0-08112e6a.jpg,val,rainy,daytime,rain
b94afe66-3fe18fd1.jpg,F:\xlw\bdd100k_final\images\100k\val\b94afe66-3fe18fd1.jpg,val,clear,night,night
b94b1f35-b8e48adf.jpg,F:\xlw\bdd100k_final\images\100k\val\b94b1f35-b8e48adf.jpg,val,clear,daytime,clear
b94d2c84-bfed761a.jpg,F:\xlw\bdd100k_final\images\100k\val\b94d2c84-bfed761a.jpg,val,clear,night,night
b94daedc-7045933e.jpg,F:\xlw\bdd100k_final\images\100k\val\b94daedc-7045933e.jpg,val,clear,daytime,clear
b94ef562-0e37552c.jpg,F:\xlw\bdd100k_final\images\100k\val\b94ef562-0e37552c.jpg,val,clear,daytime,clear
b94f6bc8-32f10d36.jpg,F:\xlw\bdd100k_final\images\100k\val\b94f6bc8-32f10d36.jpg,val,clear,daytime,clear
b9524a81-89273957.jpg,F:\xlw\bdd100k_final\images\100k\val\b9524a81-89273957.jpg,val,overcast,daytime,clear
b953a340-049ea536.jpg,F:\xlw\bdd100k_final\images\100k\val\b953a340-049ea536.jpg,val,snowy,daytime,snow
b953a340-298cb3fb.jpg,F:\xlw\bdd100k_final\images\100k\val\b953a340-298cb3fb.jpg,val,overcast,daytime,clear
b953a340-d188ea90.jpg,F:\xlw\bdd100k_final\images\100k\val\b953a340-d188ea90.jpg,val,snowy,daytime,snow
b953a340-d936cbba.jpg,F:\xlw\bdd100k_final\images\100k\val\b953a340-d936cbba.jpg,val,snowy,daytime,snow
b953ef60-6c2cb9a1.jpg,F:\xlw\bdd100k_final\images\100k\val\b953ef60-6c2cb9a1.jpg,val,rainy,night,night
b953efc6-455bdde1.jpg,F:\xlw\bdd100k_final\images\100k\val\b953efc6-455bdde1.jpg,val,overcast,daytime,clear
b953efc6-f40d4290.jpg,F:\xlw\bdd100k_final\images\100k\val\b953efc6-f40d4290.jpg,val,overcast,daytime,clear
b955232a-62397ff4.jpg,F:\xlw\bdd100k_final\images\100k\val\b955232a-62397ff4.jpg,val,clear,night,night
b95709b5-53705d83.jpg,F:\xlw\bdd100k_final\images\100k\val\b95709b5-53705d83.jpg,val,overcast,daytime,clear
b9586e5c-33b83562.jpg,F:\xlw\bdd100k_final\images\100k\val\b9586e5c-33b83562.jpg,val,snowy,daytime,snow
b9597719-09a2458c.jpg,F:\xlw\bdd100k_final\images\100k\val\b9597719-09a2458c.jpg,val,clear,daytime,clear
b9597719-4d141a98.jpg,F:\xlw\bdd100k_final\images\100k\val\b9597719-4d141a98.jpg,val,clear,daytime,clear
b9597719-81050919.jpg,F:\xlw\bdd100k_final\images\100k\val\b9597719-81050919.jpg,val,clear,daytime,clear
b9597719-cd9a176f.jpg,F:\xlw\bdd100k_final\images\100k\val\b9597719-cd9a176f.jpg,val,clear,daytime,clear
b959dc9b-1c7fc954.jpg,F:\xlw\bdd100k_final\images\100k\val\b959dc9b-1c7fc954.jpg,val,clear,night,night
b95bc6e9-34c711c1.jpg,F:\xlw\bdd100k_final\images\100k\val\b95bc6e9-34c711c1.jpg,val,clear,night,night
b95c97a9-48663434.jpg,F:\xlw\bdd100k_final\images\100k\val\b95c97a9-48663434.jpg,val,rainy,night,night
b95dcb10-4ff5c14d.jpg,F:\xlw\bdd100k_final\images\100k\val\b95dcb10-4ff5c14d.jpg,val,clear,daytime,clear
b95dcb10-5838c763.jpg,F:\xlw\bdd100k_final\images\100k\val\b95dcb10-5838c763.jpg,val,partly cloudy,daytime,clear
b95feaae-690faa76.jpg,F:\xlw\bdd100k_final\images\100k\val\b95feaae-690faa76.jpg,val,clear,night,night
b967b2a7-2003bfd2.jpg,F:\xlw\bdd100k_final\images\100k\val\b967b2a7-2003bfd2.jpg,val,rainy,daytime,rain
b96c88de-058de530.jpg,F:\xlw\bdd100k_final\images\100k\val\b96c88de-058de530.jpg,val,snowy,night,night
b96c88de-bf71b865.jpg,F:\xlw\bdd100k_final\images\100k\val\b96c88de-bf71b865.jpg,val,clear,night,night
b96d19af-4b6a5a63.jpg,F:\xlw\bdd100k_final\images\100k\val\b96d19af-4b6a5a63.jpg,val,clear,night,night
b97124d9-bea19450.jpg,F:\xlw\bdd100k_final\images\100k\val\b97124d9-bea19450.jpg,val,rainy,daytime,rain
b9742173-21a140e8.jpg,F:\xlw\bdd100k_final\images\100k\val\b9742173-21a140e8.jpg,val,clear,daytime,clear
b9742173-3b584111.jpg,F:\xlw\bdd100k_final\images\100k\val\b9742173-3b584111.jpg,val,clear,daytime,clear
b975a665-66f04c31.jpg,F:\xlw\bdd100k_final\images\100k\val\b975a665-66f04c31.jpg,val,overcast,daytime,clear
b975a665-7b202002.jpg,F:\xlw\bdd100k_final\images\100k\val\b975a665-7b202002.jpg,val,overcast,daytime,clear
b976b144-844de03e.jpg,F:\xlw\bdd100k_final\images\100k\val\b976b144-844de03e.jpg,val,overcast,daytime,clear
b9772de9-8fef5466.jpg,F:\xlw\bdd100k_final\images\100k\val\b9772de9-8fef5466.jpg,val,undefined,night,night
b979217b-015bcb98.jpg,F:\xlw\bdd100k_final\images\100k\val\b979217b-015bcb98.jpg,val,clear,night,night
b979217b-09ba51bd.jpg,F:\xlw\bdd100k_final\images\100k\val\b979217b-09ba51bd.jpg,val,clear,night,night
b979217b-32f86fea.jpg,F:\xlw\bdd100k_final\images\100k\val\b979217b-32f86fea.jpg,val,snowy,night,night
b979217b-53523d64.jpg,F:\xlw\bdd100k_final\images\100k\val\b979217b-53523d64.jpg,val,snowy,night,night
b979b89c-388674d4.jpg,F:\xlw\bdd100k_final\images\100k\val\b979b89c-388674d4.jpg,val,clear,night,night
b979b89c-b359ef70.jpg,F:\xlw\bdd100k_final\images\100k\val\b979b89c-b359ef70.jpg,val,clear,night,night
b979b89c-d7e084b9.jpg,F:\xlw\bdd100k_final\images\100k\val\b979b89c-d7e084b9.jpg,val,clear,night,night
b97aa948-8ab1108f.jpg,F:\xlw\bdd100k_final\images\100k\val\b97aa948-8ab1108f.jpg,val,clear,night,night
b97aa948-d53ee60d.jpg,F:\xlw\bdd100k_final\images\100k\val\b97aa948-d53ee60d.jpg,val,clear,night,night
b97b9ee8-612c36ef.jpg,F:\xlw\bdd100k_final\images\100k\val\b97b9ee8-612c36ef.jpg,val,partly cloudy,daytime,clear
b97c553a-004a5913.jpg,F:\xlw\bdd100k_final\images\100k\val\b97c553a-004a5913.jpg,val,clear,night,night
b97f47c3-906ebdd5.jpg,F:\xlw\bdd100k_final\images\100k\val\b97f47c3-906ebdd5.jpg,val,clear,daytime,clear
b97f9acb-5c677268.jpg,F:\xlw\bdd100k_final\images\100k\val\b97f9acb-5c677268.jpg,val,clear,daytime,clear
b980ce70-c9f24d8f.jpg,F:\xlw\bdd100k_final\images\100k\val\b980ce70-c9f24d8f.jpg,val,clear,night,night
b981b2ec-9368ed56.jpg,F:\xlw\bdd100k_final\images\100k\val\b981b2ec-9368ed56.jpg,val,clear,night,night
b981c36d-a66bb611.jpg,F:\xlw\bdd100k_final\images\100k\val\b981c36d-a66bb611.jpg,val,overcast,daytime,clear
b981e7e3-4ccaf6b5.jpg,F:\xlw\bdd100k_final\images\100k\val\b981e7e3-4ccaf6b5.jpg,val,snowy,daytime,snow
b981e7e3-958b5ba2.jpg,F:\xlw\bdd100k_final\images\100k\val\b981e7e3-958b5ba2.jpg,val,snowy,daytime,snow
b982723f-84848a7f.jpg,F:\xlw\bdd100k_final\images\100k\val\b982723f-84848a7f.jpg,val,snowy,daytime,snow
b98578b9-f52d7f86.jpg,F:\xlw\bdd100k_final\images\100k\val\b98578b9-f52d7f86.jpg,val,clear,night,night
b98682bb-a0142ac9.jpg,F:\xlw\bdd100k_final\images\100k\val\b98682bb-a0142ac9.jpg,val,clear,daytime,clear
b988086f-1811f9d3.jpg,F:\xlw\bdd100k_final\images\100k\val\b988086f-1811f9d3.jpg,val,clear,night,night
b988086f-caed8036.jpg,F:\xlw\bdd100k_final\images\100k\val\b988086f-caed8036.jpg,val,clear,night,night
b989ad0d-a1513cc2.jpg,F:\xlw\bdd100k_final\images\100k\val\b989ad0d-a1513cc2.jpg,val,clear,daytime,clear
b989ad0d-b8f7d12a.jpg,F:\xlw\bdd100k_final\images\100k\val\b989ad0d-b8f7d12a.jpg,val,clear,daytime,clear
b98bd627-8593fa24.jpg,F:\xlw\bdd100k_final\images\100k\val\b98bd627-8593fa24.jpg,val,clear,night,night
b98bd627-ef76afa3.jpg,F:\xlw\bdd100k_final\images\100k\val\b98bd627-ef76afa3.jpg,val,clear,night,night
b98c2fe7-a1ba769e.jpg,F:\xlw\bdd100k_final\images\100k\val\b98c2fe7-a1ba769e.jpg,val,partly cloudy,daytime,clear
b98e3a45-2af2c615.jpg,F:\xlw\bdd100k_final\images\100k\val\b98e3a45-2af2c615.jpg,val,clear,daytime,clear
b98e3a45-608c1fb2.jpg,F:\xlw\bdd100k_final\images\100k\val\b98e3a45-608c1fb2.jpg,val,partly cloudy,daytime,clear
b98e3a45-c94a8f44.jpg,F:\xlw\bdd100k_final\images\100k\val\b98e3a45-c94a8f44.jpg,val,clear,daytime,clear
b98f4bb1-100931bb.jpg,F:\xlw\bdd100k_final\images\100k\val\b98f4bb1-100931bb.jpg,val,clear,daytime,clear
b99169cf-98e77225.jpg,F:\xlw\bdd100k_final\images\100k\val\b99169cf-98e77225.jpg,val,clear,night,night
b9947c32-6074d84c.jpg,F:\xlw\bdd100k_final\images\100k\val\b9947c32-6074d84c.jpg,val,clear,daytime,clear
b995794d-66208231.jpg,F:\xlw\bdd100k_final\images\100k\val\b995794d-66208231.jpg,val,overcast,daytime,clear
b995df4d-4bf935df.jpg,F:\xlw\bdd100k_final\images\100k\val\b995df4d-4bf935df.jpg,val,clear,night,night
b995df4d-c889890c.jpg,F:\xlw\bdd100k_final\images\100k\val\b995df4d-c889890c.jpg,val,overcast,night,night
b9966b34-d7579b48.jpg,F:\xlw\bdd100k_final\images\100k\val\b9966b34-d7579b48.jpg,val,overcast,daytime,clear
b9966b34-db0fb6ba.jpg,F:\xlw\bdd100k_final\images\100k\val\b9966b34-db0fb6ba.jpg,val,overcast,daytime,clear
b996d83b-2f6ef415.jpg,F:\xlw\bdd100k_final\images\100k\val\b996d83b-2f6ef415.jpg,val,clear,night,night
b997ec7a-20d90044.jpg,F:\xlw\bdd100k_final\images\100k\val\b997ec7a-20d90044.jpg,val,clear,night,night
b997ec7a-af29d0ca.jpg,F:\xlw\bdd100k_final\images\100k\val\b997ec7a-af29d0ca.jpg,val,snowy,night,night
b9990002-f103f7d9.jpg,F:\xlw\bdd100k_final\images\100k\val\b9990002-f103f7d9.jpg,val,clear,daytime,clear
b999b5f5-38c7b100.jpg,F:\xlw\bdd100k_final\images\100k\val\b999b5f5-38c7b100.jpg,val,overcast,daytime,clear
b99b108b-4422b287.jpg,F:\xlw\bdd100k_final\images\100k\val\b99b108b-4422b287.jpg,val,rainy,night,night
b99b66a0-308f25ed.jpg,F:\xlw\bdd100k_final\images\100k\val\b99b66a0-308f25ed.jpg,val,overcast,daytime,clear
b99c17a7-bc6ee752.jpg,F:\xlw\bdd100k_final\images\100k\val\b99c17a7-bc6ee752.jpg,val,rainy,night,night
b99c5931-2ded1a3c.jpg,F:\xlw\bdd100k_final\images\100k\val\b99c5931-2ded1a3c.jpg,val,snowy,night,night
b99c5931-4e76f057.jpg,F:\xlw\bdd100k_final\images\100k\val\b99c5931-4e76f057.jpg,val,snowy,night,night
b99c5931-81b850be.jpg,F:\xlw\bdd100k_final\images\100k\val\b99c5931-81b850be.jpg,val,snowy,night,night
b99c5931-834bb88c.jpg,F:\xlw\bdd100k_final\images\100k\val\b99c5931-834bb88c.jpg,val,clear,night,night
b99eeedd-f211870f.jpg,F:\xlw\bdd100k_final\images\100k\val\b99eeedd-f211870f.jpg,val,clear,daytime,clear
b99f250d-375965e8.jpg,F:\xlw\bdd100k_final\images\100k\val\b99f250d-375965e8.jpg,val,clear,night,night
b99f250d-81828357.jpg,F:\xlw\bdd100k_final\images\100k\val\b99f250d-81828357.jpg,val,clear,night,night
b99f250d-886111c5.jpg,F:\xlw\bdd100k_final\images\100k\val\b99f250d-886111c5.jpg,val,clear,night,night
b99f250d-97172b16.jpg,F:\xlw\bdd100k_final\images\100k\val\b99f250d-97172b16.jpg,val,clear,night,night
b99f250d-c69113f1.jpg,F:\xlw\bdd100k_final\images\100k\val\b99f250d-c69113f1.jpg,val,clear,night,night
b99fd3ff-95f75133.jpg,F:\xlw\bdd100k_final\images\100k\val\b99fd3ff-95f75133.jpg,val,clear,daytime,clear
b9a0d48b-a89007f6.jpg,F:\xlw\bdd100k_final\images\100k\val\b9a0d48b-a89007f6.jpg,val,overcast,daytime,clear
b9a0d48b-c9dfdd87.jpg,F:\xlw\bdd100k_final\images\100k\val\b9a0d48b-c9dfdd87.jpg,val,overcast,daytime,clear
b9a2146e-1fcf3af6.jpg,F:\xlw\bdd100k_final\images\100k\val\b9a2146e-1fcf3af6.jpg,val,partly cloudy,daytime,clear
b9a2146e-2f27d574.jpg,F:\xlw\bdd100k_final\images\100k\val\b9a2146e-2f27d574.jpg,val,clear,daytime,clear
b9a6cd2a-0cea14f6.jpg,F:\xlw\bdd100k_final\images\100k\val\b9a6cd2a-0cea14f6.jpg,val,partly cloudy,daytime,clear
b9a8d20a-4c0028f7.jpg,F:\xlw\bdd100k_final\images\100k\val\b9a8d20a-4c0028f7.jpg,val,clear,night,night
b9aabdcf-d1433a19.jpg,F:\xlw\bdd100k_final\images\100k\val\b9aabdcf-d1433a19.jpg,val,clear,daytime,clear
b9aca3ce-181f2909.jpg,F:\xlw\bdd100k_final\images\100k\val\b9aca3ce-181f2909.jpg,val,snowy,night,night
b9af5d7a-58dc5c98.jpg,F:\xlw\bdd100k_final\images\100k\val\b9af5d7a-58dc5c98.jpg,val,clear,night,night
b9b12c49-3f874f30.jpg,F:\xlw\bdd100k_final\images\100k\val\b9b12c49-3f874f30.jpg,val,partly cloudy,daytime,clear
b9b16444-2929cf9e.jpg,F:\xlw\bdd100k_final\images\100k\val\b9b16444-2929cf9e.jpg,val,rainy,daytime,rain
b9b16444-feb0b3a5.jpg,F:\xlw\bdd100k_final\images\100k\val\b9b16444-feb0b3a5.jpg,val,rainy,daytime,rain
b9b53753-91a5d5f8.jpg,F:\xlw\bdd100k_final\images\100k\val\b9b53753-91a5d5f8.jpg,val,rainy,daytime,rain
b9baae14-474c5be2.jpg,F:\xlw\bdd100k_final\images\100k\val\b9baae14-474c5be2.jpg,val,overcast,daytime,clear
b9bafa5a-051addc0.jpg,F:\xlw\bdd100k_final\images\100k\val\b9bafa5a-051addc0.jpg,val,clear,night,night
b9bafa5a-195389c9.jpg,F:\xlw\bdd100k_final\images\100k\val\b9bafa5a-195389c9.jpg,val,clear,night,night
b9bafa5a-20a70f87.jpg,F:\xlw\bdd100k_final\images\100k\val\b9bafa5a-20a70f87.jpg,val,clear,night,night
b9bafa5a-27d8078f.jpg,F:\xlw\bdd100k_final\images\100k\val\b9bafa5a-27d8078f.jpg,val,clear,night,night
b9bafa5a-4b999671.jpg,F:\xlw\bdd100k_final\images\100k\val\b9bafa5a-4b999671.jpg,val,clear,night,night
b9bafa5a-758fc13c.jpg,F:\xlw\bdd100k_final\images\100k\val\b9bafa5a-758fc13c.jpg,val,clear,night,night
b9bafa5a-933c3c94.jpg,F:\xlw\bdd100k_final\images\100k\val\b9bafa5a-933c3c94.jpg,val,clear,night,night
b9bafa5a-9d12fc05.jpg,F:\xlw\bdd100k_final\images\100k\val\b9bafa5a-9d12fc05.jpg,val,clear,night,night
b9bafa5a-f0d23559.jpg,F:\xlw\bdd100k_final\images\100k\val\b9bafa5a-f0d23559.jpg,val,clear,night,night
b9bafa5a-f6a3f4da.jpg,F:\xlw\bdd100k_final\images\100k\val\b9bafa5a-f6a3f4da.jpg,val,clear,night,night
b9bd0109-531e640f.jpg,F:\xlw\bdd100k_final\images\100k\val\b9bd0109-531e640f.jpg,val,clear,daytime,clear
b9bdeae4-ee607bbc.jpg,F:\xlw\bdd100k_final\images\100k\val\b9bdeae4-ee607bbc.jpg,val,clear,night,night
b9c067bf-9bc4ccd1.jpg,F:\xlw\bdd100k_final\images\100k\val\b9c067bf-9bc4ccd1.jpg,val,clear,night,night
b9c11ffc-52766c9e.jpg,F:\xlw\bdd100k_final\images\100k\val\b9c11ffc-52766c9e.jpg,val,clear,night,night
b9c11ffc-8c6c2eb0.jpg,F:\xlw\bdd100k_final\images\100k\val\b9c11ffc-8c6c2eb0.jpg,val,clear,night,night
b9c2521e-2db68bde.jpg,F:\xlw\bdd100k_final\images\100k\val\b9c2521e-2db68bde.jpg,val,clear,daytime,clear
b9c30b68-2d208deb.jpg,F:\xlw\bdd100k_final\images\100k\val\b9c30b68-2d208deb.jpg,val,clear,daytime,clear
b9c34a53-f1f42d75.jpg,F:\xlw\bdd100k_final\images\100k\val\b9c34a53-f1f42d75.jpg,val,clear,night,night
b9c5e7c2-5d214ecd.jpg,F:\xlw\bdd100k_final\images\100k\val\b9c5e7c2-5d214ecd.jpg,val,snowy,night,night
b9c66ce6-57fa7e69.jpg,F:\xlw\bdd100k_final\images\100k\val\b9c66ce6-57fa7e69.jpg,val,undefined,night,night
b9c71d97-416ef91d.jpg,F:\xlw\bdd100k_final\images\100k\val\b9c71d97-416ef91d.jpg,val,clear,daytime,clear
b9c71ec0-1a77e45e.jpg,F:\xlw\bdd100k_final\images\100k\val\b9c71ec0-1a77e45e.jpg,val,overcast,daytime,clear
b9c7f347-97b374b1.jpg,F:\xlw\bdd100k_final\images\100k\val\b9c7f347-97b374b1.jpg,val,clear,daytime,clear
b9c7f347-fbc28cb2.jpg,F:\xlw\bdd100k_final\images\100k\val\b9c7f347-fbc28cb2.jpg,val,partly cloudy,daytime,clear
b9c9d815-3f9d9a8a.jpg,F:\xlw\bdd100k_final\images\100k\val\b9c9d815-3f9d9a8a.jpg,val,rainy,daytime,rain
b9ca94a2-7f349303.jpg,F:\xlw\bdd100k_final\images\100k\val\b9ca94a2-7f349303.jpg,val,overcast,night,night
b9ca94a2-f35ce63b.jpg,F:\xlw\bdd100k_final\images\100k\val\b9ca94a2-f35ce63b.jpg,val,clear,night,night
b9cabddd-e49dded9.jpg,F:\xlw\bdd100k_final\images\100k\val\b9cabddd-e49dded9.jpg,val,clear,night,night
b9cb54f8-a8ad3ed2.jpg,F:\xlw\bdd100k_final\images\100k\val\b9cb54f8-a8ad3ed2.jpg,val,rainy,night,night
b9cd5de4-5614ed70.jpg,F:\xlw\bdd100k_final\images\100k\val\b9cd5de4-5614ed70.jpg,val,clear,daytime,clear
b9d11a21-9cc4a8bb.jpg,F:\xlw\bdd100k_final\images\100k\val\b9d11a21-9cc4a8bb.jpg,val,clear,night,night
b9d11a21-9cff3219.jpg,F:\xlw\bdd100k_final\images\100k\val\b9d11a21-9cff3219.jpg,val,clear,night,night
b9d12c48-050117dc.jpg,F:\xlw\bdd100k_final\images\100k\val\b9d12c48-050117dc.jpg,val,overcast,daytime,clear
b9d12c48-1cdf1b03.jpg,F:\xlw\bdd100k_final\images\100k\val\b9d12c48-1cdf1b03.jpg,val,overcast,daytime,clear
b9d24e81-a9679e2a.jpg,F:\xlw\bdd100k_final\images\100k\val\b9d24e81-a9679e2a.jpg,val,clear,daytime,clear
b9d34460-2c3b1ab3.jpg,F:\xlw\bdd100k_final\images\100k\val\b9d34460-2c3b1ab3.jpg,val,rainy,daytime,rain
b9d34460-40ed613e.jpg,F:\xlw\bdd100k_final\images\100k\val\b9d34460-40ed613e.jpg,val,rainy,daytime,rain
b9d34460-4ce3c7d9.jpg,F:\xlw\bdd100k_final\images\100k\val\b9d34460-4ce3c7d9.jpg,val,rainy,daytime,rain
b9d34460-5d3c8bcf.jpg,F:\xlw\bdd100k_final\images\100k\val\b9d34460-5d3c8bcf.jpg,val,rainy,daytime,rain
b9d34460-68942f09.jpg,F:\xlw\bdd100k_final\images\100k\val\b9d34460-68942f09.jpg,val,foggy,daytime,fog
b9d34460-809d2dd4.jpg,F:\xlw\bdd100k_final\images\100k\val\b9d34460-809d2dd4.jpg,val,rainy,daytime,rain
b9d34460-8c9c4807.jpg,F:\xlw\bdd100k_final\images\100k\val\b9d34460-8c9c4807.jpg,val,rainy,daytime,rain
b9d34460-96333c9b.jpg,F:\xlw\bdd100k_final\images\100k\val\b9d34460-96333c9b.jpg,val,rainy,daytime,rain
b9d34460-d648a4c1.jpg,F:\xlw\bdd100k_final\images\100k\val\b9d34460-d648a4c1.jpg,val,rainy,daytime,rain
b9d34460-eb5b8d34.jpg,F:\xlw\bdd100k_final\images\100k\val\b9d34460-eb5b8d34.jpg,val,rainy,daytime,rain
b9d42546-22bbbe03.jpg,F:\xlw\bdd100k_final\images\100k\val\b9d42546-22bbbe03.jpg,val,clear,night,night
b9d42546-2901d42d.jpg,F:\xlw\bdd100k_final\images\100k\val\b9d42546-2901d42d.jpg,val,clear,night,night
b9d9e358-7dadc57c.jpg,F:\xlw\bdd100k_final\images\100k\val\b9d9e358-7dadc57c.jpg,val,clear,daytime,clear
b9d9ed4e-66448e19.jpg,F:\xlw\bdd100k_final\images\100k\val\b9d9ed4e-66448e19.jpg,val,clear,night,night
b9db357e-512d7f3f.jpg,F:\xlw\bdd100k_final\images\100k\val\b9db357e-512d7f3f.jpg,val,partly cloudy,daytime,clear
b9db357e-cd30a8ae.jpg,F:\xlw\bdd100k_final\images\100k\val\b9db357e-cd30a8ae.jpg,val,clear,daytime,clear
b9dcf6ba-53401992.jpg,F:\xlw\bdd100k_final\images\100k\val\b9dcf6ba-53401992.jpg,val,clear,night,night
b9de552a-0e2a01b8.jpg,F:\xlw\bdd100k_final\images\100k\val\b9de552a-0e2a01b8.jpg,val,clear,night,night
b9df54a4-8203d67b.jpg,F:\xlw\bdd100k_final\images\100k\val\b9df54a4-8203d67b.jpg,val,partly cloudy,daytime,clear
b9df54a4-84660617.jpg,F:\xlw\bdd100k_final\images\100k\val\b9df54a4-84660617.jpg,val,partly cloudy,daytime,clear
b9dfba7c-1c8f50a1.jpg,F:\xlw\bdd100k_final\images\100k\val\b9dfba7c-1c8f50a1.jpg,val,clear,night,night
b9dfba7c-ffdd8fd3.jpg,F:\xlw\bdd100k_final\images\100k\val\b9dfba7c-ffdd8fd3.jpg,val,clear,night,night
b9e12f59-40d0d945.jpg,F:\xlw\bdd100k_final\images\100k\val\b9e12f59-40d0d945.jpg,val,clear,night,night
b9e197fb-1e3721e0.jpg,F:\xlw\bdd100k_final\images\100k\val\b9e197fb-1e3721e0.jpg,val,clear,night,night
b9e1e369-72bfc6bb.jpg,F:\xlw\bdd100k_final\images\100k\val\b9e1e369-72bfc6bb.jpg,val,clear,night,night
b9e1e369-c7cc0c47.jpg,F:\xlw\bdd100k_final\images\100k\val\b9e1e369-c7cc0c47.jpg,val,clear,night,night
b9e2c847-48127b39.jpg,F:\xlw\bdd100k_final\images\100k\val\b9e2c847-48127b39.jpg,val,clear,night,night
b9e4cb3d-975f9d1d.jpg,F:\xlw\bdd100k_final\images\100k\val\b9e4cb3d-975f9d1d.jpg,val,clear,daytime,clear
b9e4cb3d-98ed4484.jpg,F:\xlw\bdd100k_final\images\100k\val\b9e4cb3d-98ed4484.jpg,val,clear,daytime,clear
b9e4cb3d-eaf3d4ad.jpg,F:\xlw\bdd100k_final\images\100k\val\b9e4cb3d-eaf3d4ad.jpg,val,clear,daytime,clear
b9e7e326-693b4ae7.jpg,F:\xlw\bdd100k_final\images\100k\val\b9e7e326-693b4ae7.jpg,val,partly cloudy,daytime,clear
b9e91422-944c7a2f.jpg,F:\xlw\bdd100k_final\images\100k\val\b9e91422-944c7a2f.jpg,val,overcast,daytime,clear
b9eae343-b296ccb7.jpg,F:\xlw\bdd100k_final\images\100k\val\b9eae343-b296ccb7.jpg,val,clear,night,night
b9eae343-d73328b2.jpg,F:\xlw\bdd100k_final\images\100k\val\b9eae343-d73328b2.jpg,val,clear,night,night
b9eb4605-1024d23c.jpg,F:\xlw\bdd100k_final\images\100k\val\b9eb4605-1024d23c.jpg,val,rainy,night,night
b9eb4605-a9631712.jpg,F:\xlw\bdd100k_final\images\100k\val\b9eb4605-a9631712.jpg,val,clear,night,night
b9ecc316-2fdb6c92.jpg,F:\xlw\bdd100k_final\images\100k\val\b9ecc316-2fdb6c92.jpg,val,rainy,daytime,rain
b9ecc316-529acd3c.jpg,F:\xlw\bdd100k_final\images\100k\val\b9ecc316-529acd3c.jpg,val,rainy,daytime,rain
b9ed6e80-1782fc7b.jpg,F:\xlw\bdd100k_final\images\100k\val\b9ed6e80-1782fc7b.jpg,val,clear,night,night
b9ed70c8-edc3834b.jpg,F:\xlw\bdd100k_final\images\100k\val\b9ed70c8-edc3834b.jpg,val,clear,night,night
b9ed9a4e-4f2897e5.jpg,F:\xlw\bdd100k_final\images\100k\val\b9ed9a4e-4f2897e5.jpg,val,partly cloudy,daytime,clear
b9ef58f6-dbfd3b12.jpg,F:\xlw\bdd100k_final\images\100k\val\b9ef58f6-dbfd3b12.jpg,val,clear,daytime,clear
b9efb2a4-bad8be38.jpg,F:\xlw\bdd100k_final\images\100k\val\b9efb2a4-bad8be38.jpg,val,clear,daytime,clear
b9f22148-5d881ca7.jpg,F:\xlw\bdd100k_final\images\100k\val\b9f22148-5d881ca7.jpg,val,overcast,daytime,clear
b9f22148-bb552f30.jpg,F:\xlw\bdd100k_final\images\100k\val\b9f22148-bb552f30.jpg,val,partly cloudy,daytime,clear
b9f30ada-2c42a2f8.jpg,F:\xlw\bdd100k_final\images\100k\val\b9f30ada-2c42a2f8.jpg,val,clear,daytime,clear
b9f83545-6c082fdd.jpg,F:\xlw\bdd100k_final\images\100k\val\b9f83545-6c082fdd.jpg,val,rainy,daytime,rain
b9f83545-eb28b690.jpg,F:\xlw\bdd100k_final\images\100k\val\b9f83545-eb28b690.jpg,val,rainy,daytime,rain
b9fb5382-36e88642.jpg,F:\xlw\bdd100k_final\images\100k\val\b9fb5382-36e88642.jpg,val,clear,night,night
b9fb5382-5cf0f1a7.jpg,F:\xlw\bdd100k_final\images\100k\val\b9fb5382-5cf0f1a7.jpg,val,clear,night,night
b9fb5382-76c75580.jpg,F:\xlw\bdd100k_final\images\100k\val\b9fb5382-76c75580.jpg,val,clear,night,night
b9fb5382-990e8173.jpg,F:\xlw\bdd100k_final\images\100k\val\b9fb5382-990e8173.jpg,val,clear,night,night
b9fb5382-a15fb1a6.jpg,F:\xlw\bdd100k_final\images\100k\val\b9fb5382-a15fb1a6.jpg,val,clear,night,night
b9fb5382-d590d1f3.jpg,F:\xlw\bdd100k_final\images\100k\val\b9fb5382-d590d1f3.jpg,val,clear,night,night
b9fb5382-de164886.jpg,F:\xlw\bdd100k_final\images\100k\val\b9fb5382-de164886.jpg,val,clear,night,night
b9fb8b07-28df834c.jpg,F:\xlw\bdd100k_final\images\100k\val\b9fb8b07-28df834c.jpg,val,partly cloudy,daytime,clear
b9fde896-2829683e.jpg,F:\xlw\bdd100k_final\images\100k\val\b9fde896-2829683e.jpg,val,snowy,daytime,snow
b9fdf8bf-42564342.jpg,F:\xlw\bdd100k_final\images\100k\val\b9fdf8bf-42564342.jpg,val,clear,daytime,clear
b9fdf8bf-9de2321b.jpg,F:\xlw\bdd100k_final\images\100k\val\b9fdf8bf-9de2321b.jpg,val,clear,daytime,clear
b9fdf8bf-a7d770dc.jpg,F:\xlw\bdd100k_final\images\100k\val\b9fdf8bf-a7d770dc.jpg,val,clear,daytime,clear
ba01e424-e21752bb.jpg,F:\xlw\bdd100k_final\images\100k\val\ba01e424-e21752bb.jpg,val,clear,night,night
ba01e7b7-4c136c35.jpg,F:\xlw\bdd100k_final\images\100k\val\ba01e7b7-4c136c35.jpg,val,rainy,daytime,rain
ba075b35-6fb4c8fc.jpg,F:\xlw\bdd100k_final\images\100k\val\ba075b35-6fb4c8fc.jpg,val,undefined,night,night
ba08174b-15c134f7.jpg,F:\xlw\bdd100k_final\images\100k\val\ba08174b-15c134f7.jpg,val,overcast,daytime,clear
ba087e53-ef362be0.jpg,F:\xlw\bdd100k_final\images\100k\val\ba087e53-ef362be0.jpg,val,clear,night,night
ba09810a-a1c9c327.jpg,F:\xlw\bdd100k_final\images\100k\val\ba09810a-a1c9c327.jpg,val,clear,daytime,clear
ba0a3619-e721c302.jpg,F:\xlw\bdd100k_final\images\100k\val\ba0a3619-e721c302.jpg,val,clear,daytime,clear
ba0a827b-06f3b51a.jpg,F:\xlw\bdd100k_final\images\100k\val\ba0a827b-06f3b51a.jpg,val,clear,night,night
ba0a827b-dfcec16f.jpg,F:\xlw\bdd100k_final\images\100k\val\ba0a827b-dfcec16f.jpg,val,clear,night,night
ba0a9afb-ba786259.jpg,F:\xlw\bdd100k_final\images\100k\val\ba0a9afb-ba786259.jpg,val,clear,daytime,clear
ba0b31f2-067b826c.jpg,F:\xlw\bdd100k_final\images\100k\val\ba0b31f2-067b826c.jpg,val,clear,daytime,clear
ba0d2a3f-0c429b61.jpg,F:\xlw\bdd100k_final\images\100k\val\ba0d2a3f-0c429b61.jpg,val,clear,night,night
ba0f292a-bb8b14af.jpg,F:\xlw\bdd100k_final\images\100k\val\ba0f292a-bb8b14af.jpg,val,partly cloudy,daytime,clear
ba112f29-5452cd9f.jpg,F:\xlw\bdd100k_final\images\100k\val\ba112f29-5452cd9f.jpg,val,clear,daytime,clear
ba112f29-96213b92.jpg,F:\xlw\bdd100k_final\images\100k\val\ba112f29-96213b92.jpg,val,clear,night,night
ba112f29-9da834a0.jpg,F:\xlw\bdd100k_final\images\100k\val\ba112f29-9da834a0.jpg,val,clear,night,night
ba112f29-be7a8dfc.jpg,F:\xlw\bdd100k_final\images\100k\val\ba112f29-be7a8dfc.jpg,val,rainy,night,night
ba122c97-403fd75d.jpg,F:\xlw\bdd100k_final\images\100k\val\ba122c97-403fd75d.jpg,val,clear,daytime,clear
ba122c97-69a4038b.jpg,F:\xlw\bdd100k_final\images\100k\val\ba122c97-69a4038b.jpg,val,clear,daytime,clear
ba147ca3-583de3f4.jpg,F:\xlw\bdd100k_final\images\100k\val\ba147ca3-583de3f4.jpg,val,snowy,daytime,snow
ba14f1ef-178edc04.jpg,F:\xlw\bdd100k_final\images\100k\val\ba14f1ef-178edc04.jpg,val,clear,night,night
ba15261b-0cded4cf.jpg,F:\xlw\bdd100k_final\images\100k\val\ba15261b-0cded4cf.jpg,val,clear,night,night
ba15261b-46e2755d.jpg,F:\xlw\bdd100k_final\images\100k\val\ba15261b-46e2755d.jpg,val,clear,night,night
ba15abfa-53c4fa38.jpg,F:\xlw\bdd100k_final\images\100k\val\ba15abfa-53c4fa38.jpg,val,clear,night,night
ba1612fa-624ac188.jpg,F:\xlw\bdd100k_final\images\100k\val\ba1612fa-624ac188.jpg,val,clear,night,night
ba1612fa-c9ac53d1.jpg,F:\xlw\bdd100k_final\images\100k\val\ba1612fa-c9ac53d1.jpg,val,clear,night,night
ba163cd8-1403cad9.jpg,F:\xlw\bdd100k_final\images\100k\val\ba163cd8-1403cad9.jpg,val,overcast,daytime,clear
ba181cb9-341963b1.jpg,F:\xlw\bdd100k_final\images\100k\val\ba181cb9-341963b1.jpg,val,clear,night,night
ba19e1c4-a9bca6af.jpg,F:\xlw\bdd100k_final\images\100k\val\ba19e1c4-a9bca6af.jpg,val,clear,daytime,clear
ba19e1c4-c243da22.jpg,F:\xlw\bdd100k_final\images\100k\val\ba19e1c4-c243da22.jpg,val,partly cloudy,daytime,clear
ba1ab927-a44a701b.jpg,F:\xlw\bdd100k_final\images\100k\val\ba1ab927-a44a701b.jpg,val,snowy,night,night
ba1c5b5f-bc36c5fa.jpg,F:\xlw\bdd100k_final\images\100k\val\ba1c5b5f-bc36c5fa.jpg,val,clear,daytime,clear
ba1f5489-3f8e2762.jpg,F:\xlw\bdd100k_final\images\100k\val\ba1f5489-3f8e2762.jpg,val,rainy,daytime,rain
ba1f97fc-214aaccb.jpg,F:\xlw\bdd100k_final\images\100k\val\ba1f97fc-214aaccb.jpg,val,clear,daytime,clear
ba1f97fc-5b4826df.jpg,F:\xlw\bdd100k_final\images\100k\val\ba1f97fc-5b4826df.jpg,val,snowy,night,night
ba22eaaf-b6fad89d.jpg,F:\xlw\bdd100k_final\images\100k\val\ba22eaaf-b6fad89d.jpg,val,clear,daytime,clear
ba2610cc-76fb5c2d.jpg,F:\xlw\bdd100k_final\images\100k\val\ba2610cc-76fb5c2d.jpg,val,clear,night,night
ba2905e2-145d9cfc.jpg,F:\xlw\bdd100k_final\images\100k\val\ba2905e2-145d9cfc.jpg,val,clear,night,night
ba2db972-f29458c8.jpg,F:\xlw\bdd100k_final\images\100k\val\ba2db972-f29458c8.jpg,val,partly cloudy,daytime,clear
ba2e8260-5b48768d.jpg,F:\xlw\bdd100k_final\images\100k\val\ba2e8260-5b48768d.jpg,val,clear,daytime,clear
ba2e8c76-bc128eda.jpg,F:\xlw\bdd100k_final\images\100k\val\ba2e8c76-bc128eda.jpg,val,overcast,daytime,clear
ba2e8c76-d7ca505e.jpg,F:\xlw\bdd100k_final\images\100k\val\ba2e8c76-d7ca505e.jpg,val,overcast,daytime,clear
ba2ef5fa-0924e7c4.jpg,F:\xlw\bdd100k_final\images\100k\val\ba2ef5fa-0924e7c4.jpg,val,clear,night,night
ba31ed47-117c074b.jpg,F:\xlw\bdd100k_final\images\100k\val\ba31ed47-117c074b.jpg,val,clear,daytime,clear
ba336fcb-24158015.jpg,F:\xlw\bdd100k_final\images\100k\val\ba336fcb-24158015.jpg,val,overcast,daytime,clear
ba35cdf3-e104174c.jpg,F:\xlw\bdd100k_final\images\100k\val\ba35cdf3-e104174c.jpg,val,clear,night,night
ba362b8d-991d1837.jpg,F:\xlw\bdd100k_final\images\100k\val\ba362b8d-991d1837.jpg,val,partly cloudy,daytime,clear
ba36b0a9-6c380330.jpg,F:\xlw\bdd100k_final\images\100k\val\ba36b0a9-6c380330.jpg,val,clear,daytime,clear
ba37b3d4-a8126899.jpg,F:\xlw\bdd100k_final\images\100k\val\ba37b3d4-a8126899.jpg,val,clear,daytime,clear
ba3d031c-e85b19e4.jpg,F:\xlw\bdd100k_final\images\100k\val\ba3d031c-e85b19e4.jpg,val,partly cloudy,daytime,clear
ba3dc656-c88512cc.jpg,F:\xlw\bdd100k_final\images\100k\val\ba3dc656-c88512cc.jpg,val,clear,daytime,clear
ba3dfc2c-1b22491c.jpg,F:\xlw\bdd100k_final\images\100k\val\ba3dfc2c-1b22491c.jpg,val,clear,night,night
ba3f4265-46c99d41.jpg,F:\xlw\bdd100k_final\images\100k\val\ba3f4265-46c99d41.jpg,val,clear,night,night
ba3f4265-77da2806.jpg,F:\xlw\bdd100k_final\images\100k\val\ba3f4265-77da2806.jpg,val,clear,night,night
ba3f4265-d8adfa71.jpg,F:\xlw\bdd100k_final\images\100k\val\ba3f4265-d8adfa71.jpg,val,clear,night,night
ba3ffa1d-05ce6de4.jpg,F:\xlw\bdd100k_final\images\100k\val\ba3ffa1d-05ce6de4.jpg,val,overcast,daytime,clear
ba402b44-b17beb78.jpg,F:\xlw\bdd100k_final\images\100k\val\ba402b44-b17beb78.jpg,val,clear,daytime,clear
ba41a907-1793986f.jpg,F:\xlw\bdd100k_final\images\100k\val\ba41a907-1793986f.jpg,val,clear,daytime,clear
ba41a907-c8e44897.jpg,F:\xlw\bdd100k_final\images\100k\val\ba41a907-c8e44897.jpg,val,clear,daytime,clear
ba4432a9-35b2f81e.jpg,F:\xlw\bdd100k_final\images\100k\val\ba4432a9-35b2f81e.jpg,val,partly cloudy,daytime,clear
ba4432a9-3956a266.jpg,F:\xlw\bdd100k_final\images\100k\val\ba4432a9-3956a266.jpg,val,clear,daytime,clear
ba4432a9-5439b6db.jpg,F:\xlw\bdd100k_final\images\100k\val\ba4432a9-5439b6db.jpg,val,partly cloudy,daytime,clear
ba4432a9-9df2cbad.jpg,F:\xlw\bdd100k_final\images\100k\val\ba4432a9-9df2cbad.jpg,val,partly cloudy,daytime,clear
ba4432a9-d3c31edf.jpg,F:\xlw\bdd100k_final\images\100k\val\ba4432a9-d3c31edf.jpg,val,clear,daytime,clear
ba4576b4-2b165aea.jpg,F:\xlw\bdd100k_final\images\100k\val\ba4576b4-2b165aea.jpg,val,partly cloudy,daytime,clear
ba465f46-6ec77334.jpg,F:\xlw\bdd100k_final\images\100k\val\ba465f46-6ec77334.jpg,val,overcast,daytime,clear
ba467364-d5d97e59.jpg,F:\xlw\bdd100k_final\images\100k\val\ba467364-d5d97e59.jpg,val,overcast,daytime,clear
ba47021e-ec2f1a4a.jpg,F:\xlw\bdd100k_final\images\100k\val\ba47021e-ec2f1a4a.jpg,val,clear,night,night
ba475d4d-ed2daa1d.jpg,F:\xlw\bdd100k_final\images\100k\val\ba475d4d-ed2daa1d.jpg,val,clear,night,night
ba477574-906b0b32.jpg,F:\xlw\bdd100k_final\images\100k\val\ba477574-906b0b32.jpg,val,snowy,night,night
ba477574-b5e29f22.jpg,F:\xlw\bdd100k_final\images\100k\val\ba477574-b5e29f22.jpg,val,clear,night,night
ba479cb3-1909b5d7.jpg,F:\xlw\bdd100k_final\images\100k\val\ba479cb3-1909b5d7.jpg,val,snowy,daytime,snow
ba479cb3-5949ad38.jpg,F:\xlw\bdd100k_final\images\100k\val\ba479cb3-5949ad38.jpg,val,rainy,daytime,rain
ba479cb3-7d06a26f.jpg,F:\xlw\bdd100k_final\images\100k\val\ba479cb3-7d06a26f.jpg,val,rainy,daytime,rain
ba479cb3-a99a833a.jpg,F:\xlw\bdd100k_final\images\100k\val\ba479cb3-a99a833a.jpg,val,rainy,daytime,rain
ba479cb3-b04e9be2.jpg,F:\xlw\bdd100k_final\images\100k\val\ba479cb3-b04e9be2.jpg,val,snowy,daytime,snow
ba479cb3-f5cd5cdf.jpg,F:\xlw\bdd100k_final\images\100k\val\ba479cb3-f5cd5cdf.jpg,val,overcast,daytime,clear
ba47af6d-548205ea.jpg,F:\xlw\bdd100k_final\images\100k\val\ba47af6d-548205ea.jpg,val,clear,night,night
ba49e65a-773f5f54.jpg,F:\xlw\bdd100k_final\images\100k\val\ba49e65a-773f5f54.jpg,val,rainy,night,night
ba4a95e2-388b7299.jpg,F:\xlw\bdd100k_final\images\100k\val\ba4a95e2-388b7299.jpg,val,clear,daytime,clear
ba4bcdc5-06e22f87.jpg,F:\xlw\bdd100k_final\images\100k\val\ba4bcdc5-06e22f87.jpg,val,snowy,daytime,snow
ba4bcdc5-31c36605.jpg,F:\xlw\bdd100k_final\images\100k\val\ba4bcdc5-31c36605.jpg,val,snowy,daytime,snow
ba4bcdc5-3d4f7a56.jpg,F:\xlw\bdd100k_final\images\100k\val\ba4bcdc5-3d4f7a56.jpg,val,clear,daytime,clear
ba4bcdc5-fe7847d3.jpg,F:\xlw\bdd100k_final\images\100k\val\ba4bcdc5-fe7847d3.jpg,val,snowy,daytime,snow
ba4bd5ae-583b01d5.jpg,F:\xlw\bdd100k_final\images\100k\val\ba4bd5ae-583b01d5.jpg,val,clear,daytime,clear
ba4d05f6-24c9c3cf.jpg,F:\xlw\bdd100k_final\images\100k\val\ba4d05f6-24c9c3cf.jpg,val,clear,daytime,clear
ba4d05f6-8b126390.jpg,F:\xlw\bdd100k_final\images\100k\val\ba4d05f6-8b126390.jpg,val,clear,daytime,clear
ba4d05f6-e11a4967.jpg,F:\xlw\bdd100k_final\images\100k\val\ba4d05f6-e11a4967.jpg,val,clear,daytime,clear
ba4e5982-c64a8dfa.jpg,F:\xlw\bdd100k_final\images\100k\val\ba4e5982-c64a8dfa.jpg,val,snowy,daytime,snow
ba4fbdd7-43dccdf9.jpg,F:\xlw\bdd100k_final\images\100k\val\ba4fbdd7-43dccdf9.jpg,val,clear,night,night
ba508231-1b6ab5b0.jpg,F:\xlw\bdd100k_final\images\100k\val\ba508231-1b6ab5b0.jpg,val,clear,daytime,clear
ba508231-2158c29b.jpg,F:\xlw\bdd100k_final\images\100k\val\ba508231-2158c29b.jpg,val,clear,daytime,clear
ba510a80-edefe47f.jpg,F:\xlw\bdd100k_final\images\100k\val\ba510a80-edefe47f.jpg,val,clear,daytime,clear
ba510a80-f9582aea.jpg,F:\xlw\bdd100k_final\images\100k\val\ba510a80-f9582aea.jpg,val,clear,daytime,clear
ba52422d-dbf0a992.jpg,F:\xlw\bdd100k_final\images\100k\val\ba52422d-dbf0a992.jpg,val,partly cloudy,daytime,clear
ba528af9-121c1347.jpg,F:\xlw\bdd100k_final\images\100k\val\ba528af9-121c1347.jpg,val,clear,daytime,clear
ba54b31c-819571fe.jpg,F:\xlw\bdd100k_final\images\100k\val\ba54b31c-819571fe.jpg,val,clear,night,night
ba54b31c-dbca96b4.jpg,F:\xlw\bdd100k_final\images\100k\val\ba54b31c-dbca96b4.jpg,val,clear,night,night
ba54b6fd-896b735c.jpg,F:\xlw\bdd100k_final\images\100k\val\ba54b6fd-896b735c.jpg,val,overcast,daytime,clear
ba59cdbb-15506193.jpg,F:\xlw\bdd100k_final\images\100k\val\ba59cdbb-15506193.jpg,val,partly cloudy,daytime,clear
ba59cdbb-be899b38.jpg,F:\xlw\bdd100k_final\images\100k\val\ba59cdbb-be899b38.jpg,val,partly cloudy,daytime,clear
ba5ab643-35e0fae3.jpg,F:\xlw\bdd100k_final\images\100k\val\ba5ab643-35e0fae3.jpg,val,snowy,daytime,snow
ba5ab643-993c5f56.jpg,F:\xlw\bdd100k_final\images\100k\val\ba5ab643-993c5f56.jpg,val,snowy,daytime,snow
ba5c4fbb-6815f84b.jpg,F:\xlw\bdd100k_final\images\100k\val\ba5c4fbb-6815f84b.jpg,val,snowy,daytime,snow
ba5c759c-1913a624.jpg,F:\xlw\bdd100k_final\images\100k\val\ba5c759c-1913a624.jpg,val,overcast,daytime,clear
ba5c759c-45dd7a4f.jpg,F:\xlw\bdd100k_final\images\100k\val\ba5c759c-45dd7a4f.jpg,val,overcast,daytime,clear
ba5d93c3-c082cdd4.jpg,F:\xlw\bdd100k_final\images\100k\val\ba5d93c3-c082cdd4.jpg,val,clear,night,night
ba5df354-9ff8402c.jpg,F:\xlw\bdd100k_final\images\100k\val\ba5df354-9ff8402c.jpg,val,snowy,daytime,snow
ba5df354-c3a0694a.jpg,F:\xlw\bdd100k_final\images\100k\val\ba5df354-c3a0694a.jpg,val,clear,daytime,clear
ba5df354-db132aac.jpg,F:\xlw\bdd100k_final\images\100k\val\ba5df354-db132aac.jpg,val,clear,daytime,clear
ba60e97a-3b02b136.jpg,F:\xlw\bdd100k_final\images\100k\val\ba60e97a-3b02b136.jpg,val,partly cloudy,daytime,clear
ba619544-5fd6de8f.jpg,F:\xlw\bdd100k_final\images\100k\val\ba619544-5fd6de8f.jpg,val,partly cloudy,daytime,clear
ba635a0a-fd69cb62.jpg,F:\xlw\bdd100k_final\images\100k\val\ba635a0a-fd69cb62.jpg,val,clear,daytime,clear
ba65317f-d4aba330.jpg,F:\xlw\bdd100k_final\images\100k\val\ba65317f-d4aba330.jpg,val,undefined,night,night
ba665bd8-d582ba49.jpg,F:\xlw\bdd100k_final\images\100k\val\ba665bd8-d582ba49.jpg,val,overcast,daytime,clear
ba6aa28c-fd3beb1c.jpg,F:\xlw\bdd100k_final\images\100k\val\ba6aa28c-fd3beb1c.jpg,val,clear,night,night
ba6bfd07-6a9ddced.jpg,F:\xlw\bdd100k_final\images\100k\val\ba6bfd07-6a9ddced.jpg,val,clear,night,night
ba6f0064-18848d0f.jpg,F:\xlw\bdd100k_final\images\100k\val\ba6f0064-18848d0f.jpg,val,clear,night,night
ba70dfe3-111e78f4.jpg,F:\xlw\bdd100k_final\images\100k\val\ba70dfe3-111e78f4.jpg,val,clear,night,night
ba70dfe3-23dc1691.jpg,F:\xlw\bdd100k_final\images\100k\val\ba70dfe3-23dc1691.jpg,val,clear,night,night
ba70dfe3-4cfe0efb.jpg,F:\xlw\bdd100k_final\images\100k\val\ba70dfe3-4cfe0efb.jpg,val,clear,night,night
ba70dfe3-4fd952a1.jpg,F:\xlw\bdd100k_final\images\100k\val\ba70dfe3-4fd952a1.jpg,val,clear,night,night
ba70dfe3-62b01bd8.jpg,F:\xlw\bdd100k_final\images\100k\val\ba70dfe3-62b01bd8.jpg,val,clear,night,night
ba70dfe3-69c229dd.jpg,F:\xlw\bdd100k_final\images\100k\val\ba70dfe3-69c229dd.jpg,val,clear,night,night
ba70dfe3-b948e66d.jpg,F:\xlw\bdd100k_final\images\100k\val\ba70dfe3-b948e66d.jpg,val,clear,night,night
ba7279cd-c80768c3.jpg,F:\xlw\bdd100k_final\images\100k\val\ba7279cd-c80768c3.jpg,val,clear,night,night
ba731feb-01fd61a2.jpg,F:\xlw\bdd100k_final\images\100k\val\ba731feb-01fd61a2.jpg,val,partly cloudy,daytime,clear
ba73ab52-4980c05c.jpg,F:\xlw\bdd100k_final\images\100k\val\ba73ab52-4980c05c.jpg,val,overcast,daytime,clear
ba786070-0826a5d7.jpg,F:\xlw\bdd100k_final\images\100k\val\ba786070-0826a5d7.jpg,val,clear,night,night
ba7dcfa6-66589c64.jpg,F:\xlw\bdd100k_final\images\100k\val\ba7dcfa6-66589c64.jpg,val,overcast,daytime,clear
ba7dcfa6-82aaecf5.jpg,F:\xlw\bdd100k_final\images\100k\val\ba7dcfa6-82aaecf5.jpg,val,partly cloudy,daytime,clear
ba7ef348-fb387cab.jpg,F:\xlw\bdd100k_final\images\100k\val\ba7ef348-fb387cab.jpg,val,partly cloudy,daytime,clear
ba7ef348-fcf901f3.jpg,F:\xlw\bdd100k_final\images\100k\val\ba7ef348-fcf901f3.jpg,val,clear,night,night
ba7efc39-b198d2da.jpg,F:\xlw\bdd100k_final\images\100k\val\ba7efc39-b198d2da.jpg,val,snowy,night,night
ba7efc39-dea175db.jpg,F:\xlw\bdd100k_final\images\100k\val\ba7efc39-dea175db.jpg,val,snowy,night,night
ba7efc39-e3e9eecf.jpg,F:\xlw\bdd100k_final\images\100k\val\ba7efc39-e3e9eecf.jpg,val,snowy,night,night
ba7fb420-b647764f.jpg,F:\xlw\bdd100k_final\images\100k\val\ba7fb420-b647764f.jpg,val,clear,night,night
ba81149b-bb88d2ac.jpg,F:\xlw\bdd100k_final\images\100k\val\ba81149b-bb88d2ac.jpg,val,clear,daytime,clear
ba85bff0-70955e40.jpg,F:\xlw\bdd100k_final\images\100k\val\ba85bff0-70955e40.jpg,val,overcast,daytime,clear
ba85dccd-ad3b457d.jpg,F:\xlw\bdd100k_final\images\100k\val\ba85dccd-ad3b457d.jpg,val,clear,night,night
ba87390f-22dabe83.jpg,F:\xlw\bdd100k_final\images\100k\val\ba87390f-22dabe83.jpg,val,clear,night,night
ba87390f-75ebd274.jpg,F:\xlw\bdd100k_final\images\100k\val\ba87390f-75ebd274.jpg,val,clear,night,night
ba87390f-cc97ecd7.jpg,F:\xlw\bdd100k_final\images\100k\val\ba87390f-cc97ecd7.jpg,val,clear,night,night
ba87390f-eebfd9d1.jpg,F:\xlw\bdd100k_final\images\100k\val\ba87390f-eebfd9d1.jpg,val,clear,night,night
ba8a21ad-c1970314.jpg,F:\xlw\bdd100k_final\images\100k\val\ba8a21ad-c1970314.jpg,val,partly cloudy,daytime,clear
ba8a41c9-fabd0516.jpg,F:\xlw\bdd100k_final\images\100k\val\ba8a41c9-fabd0516.jpg,val,overcast,daytime,clear
ba8b1e05-027a7e4a.jpg,F:\xlw\bdd100k_final\images\100k\val\ba8b1e05-027a7e4a.jpg,val,clear,night,night
ba8b1e05-8ec0219a.jpg,F:\xlw\bdd100k_final\images\100k\val\ba8b1e05-8ec0219a.jpg,val,clear,night,night
ba8c90a0-b82731e9.jpg,F:\xlw\bdd100k_final\images\100k\val\ba8c90a0-b82731e9.jpg,val,clear,daytime,clear
ba8d52a0-b4af712f.jpg,F:\xlw\bdd100k_final\images\100k\val\ba8d52a0-b4af712f.jpg,val,clear,night,night
ba8df251-f17bd4a5.jpg,F:\xlw\bdd100k_final\images\100k\val\ba8df251-f17bd4a5.jpg,val,clear,night,night
ba8df917-d4cd5e36.jpg,F:\xlw\bdd100k_final\images\100k\val\ba8df917-d4cd5e36.jpg,val,clear,night,night
ba8f00d0-c16ca207.jpg,F:\xlw\bdd100k_final\images\100k\val\ba8f00d0-c16ca207.jpg,val,clear,night,night
ba908c74-f486f96e.jpg,F:\xlw\bdd100k_final\images\100k\val\ba908c74-f486f96e.jpg,val,clear,night,night
ba91b65d-886141fd.jpg,F:\xlw\bdd100k_final\images\100k\val\ba91b65d-886141fd.jpg,val,clear,night,night
ba97a966-4d0c78a3.jpg,F:\xlw\bdd100k_final\images\100k\val\ba97a966-4d0c78a3.jpg,val,snowy,daytime,snow
ba99464b-64917c10.jpg,F:\xlw\bdd100k_final\images\100k\val\ba99464b-64917c10.jpg,val,clear,night,night
ba99464b-ca1ef680.jpg,F:\xlw\bdd100k_final\images\100k\val\ba99464b-ca1ef680.jpg,val,clear,night,night
ba9a0c7f-77967cea.jpg,F:\xlw\bdd100k_final\images\100k\val\ba9a0c7f-77967cea.jpg,val,clear,night,night
ba9ac2e8-67f85af0.jpg,F:\xlw\bdd100k_final\images\100k\val\ba9ac2e8-67f85af0.jpg,val,snowy,night,night
ba9ac2e8-cc9600b9.jpg,F:\xlw\bdd100k_final\images\100k\val\ba9ac2e8-cc9600b9.jpg,val,clear,night,night
ba9ac2e8-f236d74f.jpg,F:\xlw\bdd100k_final\images\100k\val\ba9ac2e8-f236d74f.jpg,val,clear,night,night
ba9aff77-5e161292.jpg,F:\xlw\bdd100k_final\images\100k\val\ba9aff77-5e161292.jpg,val,partly cloudy,daytime,clear
ba9baf3d-415342a2.jpg,F:\xlw\bdd100k_final\images\100k\val\ba9baf3d-415342a2.jpg,val,partly cloudy,daytime,clear
ba9e2861-004544a0.jpg,F:\xlw\bdd100k_final\images\100k\val\ba9e2861-004544a0.jpg,val,clear,night,night
ba9f23d8-741fa7f7.jpg,F:\xlw\bdd100k_final\images\100k\val\ba9f23d8-741fa7f7.jpg,val,clear,night,night
ba9f23d8-a50cd80e.jpg,F:\xlw\bdd100k_final\images\100k\val\ba9f23d8-a50cd80e.jpg,val,clear,night,night
ba9f6c98-2a75a096.jpg,F:\xlw\bdd100k_final\images\100k\val\ba9f6c98-2a75a096.jpg,val,clear,daytime,clear
ba9f6c98-c7216bf4.jpg,F:\xlw\bdd100k_final\images\100k\val\ba9f6c98-c7216bf4.jpg,val,clear,daytime,clear
baa03c1f-82d03594.jpg,F:\xlw\bdd100k_final\images\100k\val\baa03c1f-82d03594.jpg,val,clear,daytime,clear
baa09f40-a72f5fa3.jpg,F:\xlw\bdd100k_final\images\100k\val\baa09f40-a72f5fa3.jpg,val,clear,night,night
baa0bfdb-0267b9d2.jpg,F:\xlw\bdd100k_final\images\100k\val\baa0bfdb-0267b9d2.jpg,val,rainy,night,night
baa0cbfb-46b96329.jpg,F:\xlw\bdd100k_final\images\100k\val\baa0cbfb-46b96329.jpg,val,clear,daytime,clear
baa50786-856eefa3.jpg,F:\xlw\bdd100k_final\images\100k\val\baa50786-856eefa3.jpg,val,partly cloudy,daytime,clear
baa50786-e1613030.jpg,F:\xlw\bdd100k_final\images\100k\val\baa50786-e1613030.jpg,val,clear,daytime,clear
baa57aaf-81957283.jpg,F:\xlw\bdd100k_final\images\100k\val\baa57aaf-81957283.jpg,val,clear,night,night
baa57aaf-b80b0054.jpg,F:\xlw\bdd100k_final\images\100k\val\baa57aaf-b80b0054.jpg,val,clear,night,night
baa59d18-90fc3158.jpg,F:\xlw\bdd100k_final\images\100k\val\baa59d18-90fc3158.jpg,val,rainy,daytime,rain
baa618bf-40e56190.jpg,F:\xlw\bdd100k_final\images\100k\val\baa618bf-40e56190.jpg,val,snowy,daytime,snow
baa79505-36d4add5.jpg,F:\xlw\bdd100k_final\images\100k\val\baa79505-36d4add5.jpg,val,partly cloudy,daytime,clear
baa79505-43ff4345.jpg,F:\xlw\bdd100k_final\images\100k\val\baa79505-43ff4345.jpg,val,partly cloudy,daytime,clear
baa88157-4026332f.jpg,F:\xlw\bdd100k_final\images\100k\val\baa88157-4026332f.jpg,val,snowy,night,night
baa9acbe-f3af19f6.jpg,F:\xlw\bdd100k_final\images\100k\val\baa9acbe-f3af19f6.jpg,val,clear,night,night
baab5a30-8d713374.jpg,F:\xlw\bdd100k_final\images\100k\val\baab5a30-8d713374.jpg,val,clear,daytime,clear
baaf4c9c-c88fe684.jpg,F:\xlw\bdd100k_final\images\100k\val\baaf4c9c-c88fe684.jpg,val,partly cloudy,daytime,clear
bab0332c-a7074812.jpg,F:\xlw\bdd100k_final\images\100k\val\bab0332c-a7074812.jpg,val,clear,night,night
bab0332c-b043a76c.jpg,F:\xlw\bdd100k_final\images\100k\val\bab0332c-b043a76c.jpg,val,clear,night,night
bab09f26-0e237051.jpg,F:\xlw\bdd100k_final\images\100k\val\bab09f26-0e237051.jpg,val,overcast,daytime,clear
bab22965-312b92a3.jpg,F:\xlw\bdd100k_final\images\100k\val\bab22965-312b92a3.jpg,val,overcast,daytime,clear
bab22965-3e7b33e9.jpg,F:\xlw\bdd100k_final\images\100k\val\bab22965-3e7b33e9.jpg,val,overcast,daytime,clear
bab26b8d-deaa5510.jpg,F:\xlw\bdd100k_final\images\100k\val\bab26b8d-deaa5510.jpg,val,partly cloudy,daytime,clear
bab45acf-4b4387fb.jpg,F:\xlw\bdd100k_final\images\100k\val\bab45acf-4b4387fb.jpg,val,clear,daytime,clear
bab48a4e-2f184c90.jpg,F:\xlw\bdd100k_final\images\100k\val\bab48a4e-2f184c90.jpg,val,snowy,night,night
bab48a4e-43fa0dfe.jpg,F:\xlw\bdd100k_final\images\100k\val\bab48a4e-43fa0dfe.jpg,val,clear,night,night
bab48a4e-6722401f.jpg,F:\xlw\bdd100k_final\images\100k\val\bab48a4e-6722401f.jpg,val,clear,night,night
bab52aba-0b87a64b.jpg,F:\xlw\bdd100k_final\images\100k\val\bab52aba-0b87a64b.jpg,val,clear,night,night
bab52aba-45bf005b.jpg,F:\xlw\bdd100k_final\images\100k\val\bab52aba-45bf005b.jpg,val,clear,night,night
bab52aba-766e7f39.jpg,F:\xlw\bdd100k_final\images\100k\val\bab52aba-766e7f39.jpg,val,clear,night,night
bab692c9-35904fdb.jpg,F:\xlw\bdd100k_final\images\100k\val\bab692c9-35904fdb.jpg,val,clear,daytime,clear
bab692c9-3cd892ff.jpg,F:\xlw\bdd100k_final\images\100k\val\bab692c9-3cd892ff.jpg,val,clear,daytime,clear
bab692c9-4d1f2bdd.jpg,F:\xlw\bdd100k_final\images\100k\val\bab692c9-4d1f2bdd.jpg,val,clear,daytime,clear
bab692c9-78e8ac63.jpg,F:\xlw\bdd100k_final\images\100k\val\bab692c9-78e8ac63.jpg,val,clear,daytime,clear
bab692c9-922ed2ea.jpg,F:\xlw\bdd100k_final\images\100k\val\bab692c9-922ed2ea.jpg,val,clear,daytime,clear
bab692c9-a16f15b4.jpg,F:\xlw\bdd100k_final\images\100k\val\bab692c9-a16f15b4.jpg,val,clear,daytime,clear
bab692c9-ce1abc2d.jpg,F:\xlw\bdd100k_final\images\100k\val\bab692c9-ce1abc2d.jpg,val,clear,daytime,clear
bab692c9-efde0b04.jpg,F:\xlw\bdd100k_final\images\100k\val\bab692c9-efde0b04.jpg,val,clear,daytime,clear
bab6be6b-14db4536.jpg,F:\xlw\bdd100k_final\images\100k\val\bab6be6b-14db4536.jpg,val,clear,daytime,clear
bab6fead-bc74d699.jpg,F:\xlw\bdd100k_final\images\100k\val\bab6fead-bc74d699.jpg,val,overcast,daytime,clear
bab90acb-5e9f3a31.jpg,F:\xlw\bdd100k_final\images\100k\val\bab90acb-5e9f3a31.jpg,val,clear,night,night
bab97280-a3c6a37c.jpg,F:\xlw\bdd100k_final\images\100k\val\bab97280-a3c6a37c.jpg,val,rainy,daytime,rain
bab98f04-a1010c10.jpg,F:\xlw\bdd100k_final\images\100k\val\bab98f04-a1010c10.jpg,val,overcast,daytime,clear
bab9f7f7-1cc4e542.jpg,F:\xlw\bdd100k_final\images\100k\val\bab9f7f7-1cc4e542.jpg,val,rainy,night,night
babc7a6c-b72195cc.jpg,F:\xlw\bdd100k_final\images\100k\val\babc7a6c-b72195cc.jpg,val,rainy,night,night
babc7a6c-c5941835.jpg,F:\xlw\bdd100k_final\images\100k\val\babc7a6c-c5941835.jpg,val,rainy,night,night
babd6d42-754e86fe.jpg,F:\xlw\bdd100k_final\images\100k\val\babd6d42-754e86fe.jpg,val,clear,daytime,clear
babf991d-a86f60ab.jpg,F:\xlw\bdd100k_final\images\100k\val\babf991d-a86f60ab.jpg,val,clear,night,night
babf991d-b4102dd2.jpg,F:\xlw\bdd100k_final\images\100k\val\babf991d-b4102dd2.jpg,val,clear,night,night
bac1a0cf-45bef9f0.jpg,F:\xlw\bdd100k_final\images\100k\val\bac1a0cf-45bef9f0.jpg,val,rainy,daytime,rain
bac25f5a-af4fd9fd.jpg,F:\xlw\bdd100k_final\images\100k\val\bac25f5a-af4fd9fd.jpg,val,clear,daytime,clear
bac391de-5885bad6.jpg,F:\xlw\bdd100k_final\images\100k\val\bac391de-5885bad6.jpg,val,snowy,daytime,snow
bac391de-f53d733c.jpg,F:\xlw\bdd100k_final\images\100k\val\bac391de-f53d733c.jpg,val,overcast,daytime,clear
bac52af2-81952c8d.jpg,F:\xlw\bdd100k_final\images\100k\val\bac52af2-81952c8d.jpg,val,clear,night,night
bac52b21-f294dffd.jpg,F:\xlw\bdd100k_final\images\100k\val\bac52b21-f294dffd.jpg,val,overcast,daytime,clear
bac52b21-ffc2453b.jpg,F:\xlw\bdd100k_final\images\100k\val\bac52b21-ffc2453b.jpg,val,overcast,daytime,clear
bac66ed2-5f02fccc.jpg,F:\xlw\bdd100k_final\images\100k\val\bac66ed2-5f02fccc.jpg,val,clear,daytime,clear
bac8434c-a3f0f643.jpg,F:\xlw\bdd100k_final\images\100k\val\bac8434c-a3f0f643.jpg,val,rainy,night,night
bac84858-9f795ab4.jpg,F:\xlw\bdd100k_final\images\100k\val\bac84858-9f795ab4.jpg,val,clear,night,night
bac8fe51-1b610115.jpg,F:\xlw\bdd100k_final\images\100k\val\bac8fe51-1b610115.jpg,val,partly cloudy,daytime,clear
bac8fe51-6b258bd9.jpg,F:\xlw\bdd100k_final\images\100k\val\bac8fe51-6b258bd9.jpg,val,overcast,daytime,clear
bacbfdaa-837ca39c.jpg,F:\xlw\bdd100k_final\images\100k\val\bacbfdaa-837ca39c.jpg,val,snowy,daytime,snow
bacfd285-7f7bf1ce.jpg,F:\xlw\bdd100k_final\images\100k\val\bacfd285-7f7bf1ce.jpg,val,overcast,daytime,clear
bad479df-d2e02382.jpg,F:\xlw\bdd100k_final\images\100k\val\bad479df-d2e02382.jpg,val,clear,daytime,clear
bad4932f-06acec3c.jpg,F:\xlw\bdd100k_final\images\100k\val\bad4932f-06acec3c.jpg,val,overcast,daytime,clear
bad7f33d-7e31e0d2.jpg,F:\xlw\bdd100k_final\images\100k\val\bad7f33d-7e31e0d2.jpg,val,partly cloudy,daytime,clear
bad81f09-0d02e84b.jpg,F:\xlw\bdd100k_final\images\100k\val\bad81f09-0d02e84b.jpg,val,partly cloudy,daytime,clear
bad89ad9-af1926ac.jpg,F:\xlw\bdd100k_final\images\100k\val\bad89ad9-af1926ac.jpg,val,clear,daytime,clear
bad89ad9-f1f414d4.jpg,F:\xlw\bdd100k_final\images\100k\val\bad89ad9-f1f414d4.jpg,val,clear,daytime,clear
bad909d4-8de038fe.jpg,F:\xlw\bdd100k_final\images\100k\val\bad909d4-8de038fe.jpg,val,clear,daytime,clear
bad9944c-bdf6dd4f.jpg,F:\xlw\bdd100k_final\images\100k\val\bad9944c-bdf6dd4f.jpg,val,overcast,daytime,clear
badcea48-c3d19600.jpg,F:\xlw\bdd100k_final\images\100k\val\badcea48-c3d19600.jpg,val,clear,night,night
bade898f-11350592.jpg,F:\xlw\bdd100k_final\images\100k\val\bade898f-11350592.jpg,val,clear,daytime,clear
bae16c60-044a4822.jpg,F:\xlw\bdd100k_final\images\100k\val\bae16c60-044a4822.jpg,val,snowy,daytime,snow
bae16c60-c2949e41.jpg,F:\xlw\bdd100k_final\images\100k\val\bae16c60-c2949e41.jpg,val,clear,night,night
bae18530-9d734d71.jpg,F:\xlw\bdd100k_final\images\100k\val\bae18530-9d734d71.jpg,val,snowy,daytime,snow
bae322f4-c995abe0.jpg,F:\xlw\bdd100k_final\images\100k\val\bae322f4-c995abe0.jpg,val,partly cloudy,daytime,clear
bae32983-3c9e09c4.jpg,F:\xlw\bdd100k_final\images\100k\val\bae32983-3c9e09c4.jpg,val,clear,night,night
bae32983-ef4277dc.jpg,F:\xlw\bdd100k_final\images\100k\val\bae32983-ef4277dc.jpg,val,clear,night,night
bae32983-efef09dd.jpg,F:\xlw\bdd100k_final\images\100k\val\bae32983-efef09dd.jpg,val,clear,night,night
bae47c98-102dd98e.jpg,F:\xlw\bdd100k_final\images\100k\val\bae47c98-102dd98e.jpg,val,clear,daytime,clear
bae47c98-40551cdd.jpg,F:\xlw\bdd100k_final\images\100k\val\bae47c98-40551cdd.jpg,val,partly cloudy,daytime,clear
bae4f394-11239e42.jpg,F:\xlw\bdd100k_final\images\100k\val\bae4f394-11239e42.jpg,val,undefined,night,night
bae4f394-24bc3bbe.jpg,F:\xlw\bdd100k_final\images\100k\val\bae4f394-24bc3bbe.jpg,val,snowy,night,night
bae4f394-d4a6c04a.jpg,F:\xlw\bdd100k_final\images\100k\val\bae4f394-d4a6c04a.jpg,val,clear,night,night
bae552dc-36e0fe4e.jpg,F:\xlw\bdd100k_final\images\100k\val\bae552dc-36e0fe4e.jpg,val,clear,daytime,clear
bae552dc-4ee0cab7.jpg,F:\xlw\bdd100k_final\images\100k\val\bae552dc-4ee0cab7.jpg,val,partly cloudy,daytime,clear
bae5905c-b009aff3.jpg,F:\xlw\bdd100k_final\images\100k\val\bae5905c-b009aff3.jpg,val,clear,daytime,clear
bae778fd-4cc0d9be.jpg,F:\xlw\bdd100k_final\images\100k\val\bae778fd-4cc0d9be.jpg,val,overcast,daytime,clear
bae88538-8f433246.jpg,F:\xlw\bdd100k_final\images\100k\val\bae88538-8f433246.jpg,val,clear,night,night
bae92945-2f6f01d7.jpg,F:\xlw\bdd100k_final\images\100k\val\bae92945-2f6f01d7.jpg,val,partly cloudy,daytime,clear
bae92945-99223ba6.jpg,F:\xlw\bdd100k_final\images\100k\val\bae92945-99223ba6.jpg,val,overcast,daytime,clear
bae9f15e-0f68c902.jpg,F:\xlw\bdd100k_final\images\100k\val\bae9f15e-0f68c902.jpg,val,clear,daytime,clear
bae9f15e-4c858350.jpg,F:\xlw\bdd100k_final\images\100k\val\bae9f15e-4c858350.jpg,val,clear,daytime,clear
baea519f-f4a57477.jpg,F:\xlw\bdd100k_final\images\100k\val\baea519f-f4a57477.jpg,val,rainy,daytime,rain
baeab53a-2e79e160.jpg,F:\xlw\bdd100k_final\images\100k\val\baeab53a-2e79e160.jpg,val,clear,night,night
baeab53a-cefd6619.jpg,F:\xlw\bdd100k_final\images\100k\val\baeab53a-cefd6619.jpg,val,clear,night,night
baeb1657-6169cccd.jpg,F:\xlw\bdd100k_final\images\100k\val\baeb1657-6169cccd.jpg,val,clear,daytime,clear
baeb1657-c8c65444.jpg,F:\xlw\bdd100k_final\images\100k\val\baeb1657-c8c65444.jpg,val,clear,daytime,clear
baeb920c-a950cb02.jpg,F:\xlw\bdd100k_final\images\100k\val\baeb920c-a950cb02.jpg,val,partly cloudy,daytime,clear
baecebd1-0c93fa0d.jpg,F:\xlw\bdd100k_final\images\100k\val\baecebd1-0c93fa0d.jpg,val,rainy,daytime,rain
baed9d4e-efe3a64e.jpg,F:\xlw\bdd100k_final\images\100k\val\baed9d4e-efe3a64e.jpg,val,overcast,daytime,clear
baee6fb9-390cd194.jpg,F:\xlw\bdd100k_final\images\100k\val\baee6fb9-390cd194.jpg,val,clear,daytime,clear
baee6fb9-8438c345.jpg,F:\xlw\bdd100k_final\images\100k\val\baee6fb9-8438c345.jpg,val,clear,daytime,clear
baee6fb9-f28ac93d.jpg,F:\xlw\bdd100k_final\images\100k\val\baee6fb9-f28ac93d.jpg,val,clear,daytime,clear
baef72b1-4fd009a7.jpg,F:\xlw\bdd100k_final\images\100k\val\baef72b1-4fd009a7.jpg,val,overcast,night,night
baef72b1-f2680c40.jpg,F:\xlw\bdd100k_final\images\100k\val\baef72b1-f2680c40.jpg,val,clear,night,night
baef8908-b0802135.jpg,F:\xlw\bdd100k_final\images\100k\val\baef8908-b0802135.jpg,val,rainy,daytime,rain
baefbbd2-83ba702b.jpg,F:\xlw\bdd100k_final\images\100k\val\baefbbd2-83ba702b.jpg,val,snowy,night,night
baefe65c-bb9793d9.jpg,F:\xlw\bdd100k_final\images\100k\val\baefe65c-bb9793d9.jpg,val,clear,daytime,clear
baefe65c-de9ef3eb.jpg,F:\xlw\bdd100k_final\images\100k\val\baefe65c-de9ef3eb.jpg,val,snowy,daytime,snow
baf019d9-986608ff.jpg,F:\xlw\bdd100k_final\images\100k\val\baf019d9-986608ff.jpg,val,undefined,night,night
baf1c81c-d909d4dc.jpg,F:\xlw\bdd100k_final\images\100k\val\baf1c81c-d909d4dc.jpg,val,clear,night,night
baf1fb8b-258ca9a9.jpg,F:\xlw\bdd100k_final\images\100k\val\baf1fb8b-258ca9a9.jpg,val,overcast,daytime,clear
baf1fb8b-9280a668.jpg,F:\xlw\bdd100k_final\images\100k\val\baf1fb8b-9280a668.jpg,val,clear,daytime,clear
baf24e00-1fbb8a3b.jpg,F:\xlw\bdd100k_final\images\100k\val\baf24e00-1fbb8a3b.jpg,val,clear,daytime,clear
baf24e00-7742132f.jpg,F:\xlw\bdd100k_final\images\100k\val\baf24e00-7742132f.jpg,val,clear,daytime,clear
baf29436-f6375fa4.jpg,F:\xlw\bdd100k_final\images\100k\val\baf29436-f6375fa4.jpg,val,overcast,daytime,clear
baf2f38d-596d1bc4.jpg,F:\xlw\bdd100k_final\images\100k\val\baf2f38d-596d1bc4.jpg,val,clear,night,night
baf399e3-e2f279fa.jpg,F:\xlw\bdd100k_final\images\100k\val\baf399e3-e2f279fa.jpg,val,rainy,night,night
baf567e1-5ffa6b77.jpg,F:\xlw\bdd100k_final\images\100k\val\baf567e1-5ffa6b77.jpg,val,partly cloudy,daytime,clear
baf870f0-a1a64cd6.jpg,F:\xlw\bdd100k_final\images\100k\val\baf870f0-a1a64cd6.jpg,val,clear,daytime,clear
bafa2401-045c70c7.jpg,F:\xlw\bdd100k_final\images\100k\val\bafa2401-045c70c7.jpg,val,clear,night,night
bafacab2-a1bafb37.jpg,F:\xlw\bdd100k_final\images\100k\val\bafacab2-a1bafb37.jpg,val,overcast,daytime,clear
bafad57f-2e29ac87.jpg,F:\xlw\bdd100k_final\images\100k\val\bafad57f-2e29ac87.jpg,val,clear,daytime,clear
bafb04fb-119f164b.jpg,F:\xlw\bdd100k_final\images\100k\val\bafb04fb-119f164b.jpg,val,rainy,daytime,rain
bafcc992-a5faf18d.jpg,F:\xlw\bdd100k_final\images\100k\val\bafcc992-a5faf18d.jpg,val,rainy,daytime,rain
bafe41f1-96b00f10.jpg,F:\xlw\bdd100k_final\images\100k\val\bafe41f1-96b00f10.jpg,val,clear,night,night
bafe41f1-e8a0fac7.jpg,F:\xlw\bdd100k_final\images\100k\val\bafe41f1-e8a0fac7.jpg,val,clear,night,night
bafe41f1-fa3e0ccf.jpg,F:\xlw\bdd100k_final\images\100k\val\bafe41f1-fa3e0ccf.jpg,val,clear,night,night
bafeadd4-255dc46e.jpg,F:\xlw\bdd100k_final\images\100k\val\bafeadd4-255dc46e.jpg,val,clear,night,night
bafeadd4-9add2eaf.jpg,F:\xlw\bdd100k_final\images\100k\val\bafeadd4-9add2eaf.jpg,val,rainy,night,night
bb01eaee-b8f0ebe3.jpg,F:\xlw\bdd100k_final\images\100k\val\bb01eaee-b8f0ebe3.jpg,val,clear,night,night
bb051d4e-49d5fed8.jpg,F:\xlw\bdd100k_final\images\100k\val\bb051d4e-49d5fed8.jpg,val,clear,daytime,clear
bb087b1c-6c9e904f.jpg,F:\xlw\bdd100k_final\images\100k\val\bb087b1c-6c9e904f.jpg,val,overcast,daytime,clear
bb0af861-7e6c3e30.jpg,F:\xlw\bdd100k_final\images\100k\val\bb0af861-7e6c3e30.jpg,val,clear,night,night
bb0c13d5-3a2adbe3.jpg,F:\xlw\bdd100k_final\images\100k\val\bb0c13d5-3a2adbe3.jpg,val,clear,night,night
bb0c13d5-ef1bd4e0.jpg,F:\xlw\bdd100k_final\images\100k\val\bb0c13d5-ef1bd4e0.jpg,val,clear,night,night
bb0cf6a9-ce0fdf2c.jpg,F:\xlw\bdd100k_final\images\100k\val\bb0cf6a9-ce0fdf2c.jpg,val,clear,night,night
bb0d0a55-6e9e48be.jpg,F:\xlw\bdd100k_final\images\100k\val\bb0d0a55-6e9e48be.jpg,val,snowy,daytime,snow
bb0dced8-65a75aec.jpg,F:\xlw\bdd100k_final\images\100k\val\bb0dced8-65a75aec.jpg,val,rainy,night,night
bb0dced8-7c117b8e.jpg,F:\xlw\bdd100k_final\images\100k\val\bb0dced8-7c117b8e.jpg,val,rainy,night,night
bb0ea699-3d008331.jpg,F:\xlw\bdd100k_final\images\100k\val\bb0ea699-3d008331.jpg,val,clear,daytime,clear
bb0ea699-e350eac6.jpg,F:\xlw\bdd100k_final\images\100k\val\bb0ea699-e350eac6.jpg,val,clear,daytime,clear
bb110f9d-f9e57c74.jpg,F:\xlw\bdd100k_final\images\100k\val\bb110f9d-f9e57c74.jpg,val,snowy,daytime,snow
bb122fa3-1b6b0150.jpg,F:\xlw\bdd100k_final\images\100k\val\bb122fa3-1b6b0150.jpg,val,partly cloudy,daytime,clear
bb1288a9-e1fd25fa.jpg,F:\xlw\bdd100k_final\images\100k\val\bb1288a9-e1fd25fa.jpg,val,clear,night,night
bb145d9b-5ae8376f.jpg,F:\xlw\bdd100k_final\images\100k\val\bb145d9b-5ae8376f.jpg,val,undefined,night,night
bb172cd0-523870b7.jpg,F:\xlw\bdd100k_final\images\100k\val\bb172cd0-523870b7.jpg,val,clear,night,night
bb17665d-27525f20.jpg,F:\xlw\bdd100k_final\images\100k\val\bb17665d-27525f20.jpg,val,clear,night,night
bb17665d-8f5794bb.jpg,F:\xlw\bdd100k_final\images\100k\val\bb17665d-8f5794bb.jpg,val,undefined,night,night
bb185003-ebc11af9.jpg,F:\xlw\bdd100k_final\images\100k\val\bb185003-ebc11af9.jpg,val,clear,night,night
bb198c24-1f5691ed.jpg,F:\xlw\bdd100k_final\images\100k\val\bb198c24-1f5691ed.jpg,val,clear,night,night
bb198c24-2d2ae5c5.jpg,F:\xlw\bdd100k_final\images\100k\val\bb198c24-2d2ae5c5.jpg,val,clear,night,night
bb198c24-66cf3fcb.jpg,F:\xlw\bdd100k_final\images\100k\val\bb198c24-66cf3fcb.jpg,val,clear,night,night
bb198c24-924a7794.jpg,F:\xlw\bdd100k_final\images\100k\val\bb198c24-924a7794.jpg,val,clear,night,night
bb198c24-b046e976.jpg,F:\xlw\bdd100k_final\images\100k\val\bb198c24-b046e976.jpg,val,clear,night,night
bb198c24-c5d65870.jpg,F:\xlw\bdd100k_final\images\100k\val\bb198c24-c5d65870.jpg,val,clear,night,night
bb198c24-d7f4344c.jpg,F:\xlw\bdd100k_final\images\100k\val\bb198c24-d7f4344c.jpg,val,clear,night,night
bb1a255a-60ecb81a.jpg,F:\xlw\bdd100k_final\images\100k\val\bb1a255a-60ecb81a.jpg,val,clear,night,night
bb1a255a-99414370.jpg,F:\xlw\bdd100k_final\images\100k\val\bb1a255a-99414370.jpg,val,clear,night,night
bb1a255a-dc60ef57.jpg,F:\xlw\bdd100k_final\images\100k\val\bb1a255a-dc60ef57.jpg,val,clear,night,night
bb1b7d8c-916a2c96.jpg,F:\xlw\bdd100k_final\images\100k\val\bb1b7d8c-916a2c96.jpg,val,clear,night,night
bb1b7e42-48b281a3.jpg,F:\xlw\bdd100k_final\images\100k\val\bb1b7e42-48b281a3.jpg,val,overcast,daytime,clear
bb1b7e42-67806924.jpg,F:\xlw\bdd100k_final\images\100k\val\bb1b7e42-67806924.jpg,val,overcast,daytime,clear
bb1b7e42-9608265e.jpg,F:\xlw\bdd100k_final\images\100k\val\bb1b7e42-9608265e.jpg,val,rainy,daytime,rain
bb1b7e42-b17da5d0.jpg,F:\xlw\bdd100k_final\images\100k\val\bb1b7e42-b17da5d0.jpg,val,clear,night,night
bb1d71e5-5ce653ff.jpg,F:\xlw\bdd100k_final\images\100k\val\bb1d71e5-5ce653ff.jpg,val,undefined,night,night
bb204299-557172b1.jpg,F:\xlw\bdd100k_final\images\100k\val\bb204299-557172b1.jpg,val,partly cloudy,daytime,clear
bb21e706-33f63a66.jpg,F:\xlw\bdd100k_final\images\100k\val\bb21e706-33f63a66.jpg,val,overcast,daytime,clear
bb269a85-eba0cd5a.jpg,F:\xlw\bdd100k_final\images\100k\val\bb269a85-eba0cd5a.jpg,val,snowy,night,night
bb2888a8-ca075f36.jpg,F:\xlw\bdd100k_final\images\100k\val\bb2888a8-ca075f36.jpg,val,snowy,daytime,snow
bb289fdb-3de1932f.jpg,F:\xlw\bdd100k_final\images\100k\val\bb289fdb-3de1932f.jpg,val,clear,night,night
bb289fdb-4bc01501.jpg,F:\xlw\bdd100k_final\images\100k\val\bb289fdb-4bc01501.jpg,val,clear,night,night
bb289fdb-b3d91709.jpg,F:\xlw\bdd100k_final\images\100k\val\bb289fdb-b3d91709.jpg,val,clear,night,night
bb289fdb-b6763201.jpg,F:\xlw\bdd100k_final\images\100k\val\bb289fdb-b6763201.jpg,val,clear,night,night
bb298f1a-55b463fb.jpg,F:\xlw\bdd100k_final\images\100k\val\bb298f1a-55b463fb.jpg,val,clear,night,night
bb2c3ff8-a1444b2b.jpg,F:\xlw\bdd100k_final\images\100k\val\bb2c3ff8-a1444b2b.jpg,val,snowy,daytime,snow
bb2c5719-1244dd67.jpg,F:\xlw\bdd100k_final\images\100k\val\bb2c5719-1244dd67.jpg,val,rainy,daytime,rain
bb2c5719-38a69465.jpg,F:\xlw\bdd100k_final\images\100k\val\bb2c5719-38a69465.jpg,val,clear,daytime,clear
bb2c8f70-d58d2ef6.jpg,F:\xlw\bdd100k_final\images\100k\val\bb2c8f70-d58d2ef6.jpg,val,overcast,daytime,clear
bb2cabeb-2c0701d4.jpg,F:\xlw\bdd100k_final\images\100k\val\bb2cabeb-2c0701d4.jpg,val,clear,night,night
bb2cabeb-91cfe8d5.jpg,F:\xlw\bdd100k_final\images\100k\val\bb2cabeb-91cfe8d5.jpg,val,clear,night,night
bb2e43e4-5e7a7129.jpg,F:\xlw\bdd100k_final\images\100k\val\bb2e43e4-5e7a7129.jpg,val,partly cloudy,daytime,clear
bb2ec277-7aa1721e.jpg,F:\xlw\bdd100k_final\images\100k\val\bb2ec277-7aa1721e.jpg,val,clear,night,night
bb2ecd61-c580ebaf.jpg,F:\xlw\bdd100k_final\images\100k\val\bb2ecd61-c580ebaf.jpg,val,clear,night,night
bb2ecd61-fa37afd5.jpg,F:\xlw\bdd100k_final\images\100k\val\bb2ecd61-fa37afd5.jpg,val,clear,night,night
bb2f678a-73bc87ec.jpg,F:\xlw\bdd100k_final\images\100k\val\bb2f678a-73bc87ec.jpg,val,snowy,daytime,snow
bb2f678a-92915562.jpg,F:\xlw\bdd100k_final\images\100k\val\bb2f678a-92915562.jpg,val,snowy,daytime,snow
bb2f678a-9364842a.jpg,F:\xlw\bdd100k_final\images\100k\val\bb2f678a-9364842a.jpg,val,snowy,daytime,snow
bb2f678a-af43ed71.jpg,F:\xlw\bdd100k_final\images\100k\val\bb2f678a-af43ed71.jpg,val,snowy,daytime,snow
bb2f678a-c2ed5fd5.jpg,F:\xlw\bdd100k_final\images\100k\val\bb2f678a-c2ed5fd5.jpg,val,snowy,daytime,snow
bb300252-63610170.jpg,F:\xlw\bdd100k_final\images\100k\val\bb300252-63610170.jpg,val,clear,night,night
bb310e6e-bf25b98d.jpg,F:\xlw\bdd100k_final\images\100k\val\bb310e6e-bf25b98d.jpg,val,rainy,daytime,rain
bb32113e-e50b51e1.jpg,F:\xlw\bdd100k_final\images\100k\val\bb32113e-e50b51e1.jpg,val,clear,night,night
bb321d10-119ded2e.jpg,F:\xlw\bdd100k_final\images\100k\val\bb321d10-119ded2e.jpg,val,partly cloudy,daytime,clear
bb34331a-41c530d0.jpg,F:\xlw\bdd100k_final\images\100k\val\bb34331a-41c530d0.jpg,val,partly cloudy,daytime,clear
bb34331a-56aba0b3.jpg,F:\xlw\bdd100k_final\images\100k\val\bb34331a-56aba0b3.jpg,val,partly cloudy,daytime,clear
bb370e7e-4c296bfb.jpg,F:\xlw\bdd100k_final\images\100k\val\bb370e7e-4c296bfb.jpg,val,overcast,daytime,clear
bb390224-2ea34fb1.jpg,F:\xlw\bdd100k_final\images\100k\val\bb390224-2ea34fb1.jpg,val,clear,night,night
bb391d59-8c851310.jpg,F:\xlw\bdd100k_final\images\100k\val\bb391d59-8c851310.jpg,val,snowy,daytime,snow
bb3a75fa-b0b71066.jpg,F:\xlw\bdd100k_final\images\100k\val\bb3a75fa-b0b71066.jpg,val,overcast,daytime,clear
bb3bb8c0-169af65a.jpg,F:\xlw\bdd100k_final\images\100k\val\bb3bb8c0-169af65a.jpg,val,snowy,night,night
bb3bb8c0-89d55028.jpg,F:\xlw\bdd100k_final\images\100k\val\bb3bb8c0-89d55028.jpg,val,snowy,night,night
bb3bb8c0-90ca2bee.jpg,F:\xlw\bdd100k_final\images\100k\val\bb3bb8c0-90ca2bee.jpg,val,snowy,daytime,snow
bb3bb8c0-b32626a2.jpg,F:\xlw\bdd100k_final\images\100k\val\bb3bb8c0-b32626a2.jpg,val,snowy,daytime,snow
bb3bb8c0-c140b72f.jpg,F:\xlw\bdd100k_final\images\100k\val\bb3bb8c0-c140b72f.jpg,val,snowy,night,night
bb3bb8c0-c83acdad.jpg,F:\xlw\bdd100k_final\images\100k\val\bb3bb8c0-c83acdad.jpg,val,snowy,night,night
bb3be317-6db8a61d.jpg,F:\xlw\bdd100k_final\images\100k\val\bb3be317-6db8a61d.jpg,val,clear,night,night
bb3d0123-3c8183bd.jpg,F:\xlw\bdd100k_final\images\100k\val\bb3d0123-3c8183bd.jpg,val,clear,night,night
bb3d0b90-44758857.jpg,F:\xlw\bdd100k_final\images\100k\val\bb3d0b90-44758857.jpg,val,clear,night,night
bb3d0b90-81400890.jpg,F:\xlw\bdd100k_final\images\100k\val\bb3d0b90-81400890.jpg,val,clear,night,night
bb3f49d9-ca104345.jpg,F:\xlw\bdd100k_final\images\100k\val\bb3f49d9-ca104345.jpg,val,clear,night,night
bb423617-10625110.jpg,F:\xlw\bdd100k_final\images\100k\val\bb423617-10625110.jpg,val,clear,night,night
bb425c3f-4e35dc9d.jpg,F:\xlw\bdd100k_final\images\100k\val\bb425c3f-4e35dc9d.jpg,val,snowy,daytime,snow
bb42e52c-ee27bde3.jpg,F:\xlw\bdd100k_final\images\100k\val\bb42e52c-ee27bde3.jpg,val,rainy,night,night
bb437280-03a2bf81.jpg,F:\xlw\bdd100k_final\images\100k\val\bb437280-03a2bf81.jpg,val,rainy,daytime,rain
bb43e180-96b21056.jpg,F:\xlw\bdd100k_final\images\100k\val\bb43e180-96b21056.jpg,val,overcast,daytime,clear
bb46a3b5-6fb47078.jpg,F:\xlw\bdd100k_final\images\100k\val\bb46a3b5-6fb47078.jpg,val,rainy,daytime,rain
bb46f3cd-b72d2152.jpg,F:\xlw\bdd100k_final\images\100k\val\bb46f3cd-b72d2152.jpg,val,overcast,daytime,clear
bb476629-bb31855e.jpg,F:\xlw\bdd100k_final\images\100k\val\bb476629-bb31855e.jpg,val,clear,daytime,clear
bb48c235-d9aae9be.jpg,F:\xlw\bdd100k_final\images\100k\val\bb48c235-d9aae9be.jpg,val,clear,daytime,clear
bb48e84b-6ae45e5f.jpg,F:\xlw\bdd100k_final\images\100k\val\bb48e84b-6ae45e5f.jpg,val,clear,night,night
bb49071c-4b99a704.jpg,F:\xlw\bdd100k_final\images\100k\val\bb49071c-4b99a704.jpg,val,foggy,night,night
bb49071c-b290d284.jpg,F:\xlw\bdd100k_final\images\100k\val\bb49071c-b290d284.jpg,val,clear,night,night
bb4935b0-e3fcded0.jpg,F:\xlw\bdd100k_final\images\100k\val\bb4935b0-e3fcded0.jpg,val,overcast,daytime,clear
bb49532f-ae2b40d1.jpg,F:\xlw\bdd100k_final\images\100k\val\bb49532f-ae2b40d1.jpg,val,clear,night,night
bb4ab21e-60851cf9.jpg,F:\xlw\bdd100k_final\images\100k\val\bb4ab21e-60851cf9.jpg,val,clear,night,night
bb4abf02-01cd2796.jpg,F:\xlw\bdd100k_final\images\100k\val\bb4abf02-01cd2796.jpg,val,clear,daytime,clear
bb4abf02-2651a845.jpg,F:\xlw\bdd100k_final\images\100k\val\bb4abf02-2651a845.jpg,val,clear,daytime,clear
bb4fca33-008f9178.jpg,F:\xlw\bdd100k_final\images\100k\val\bb4fca33-008f9178.jpg,val,clear,night,night
bb52662e-0257c8b3.jpg,F:\xlw\bdd100k_final\images\100k\val\bb52662e-0257c8b3.jpg,val,clear,night,night
bb55f0e2-e5501b3c.jpg,F:\xlw\bdd100k_final\images\100k\val\bb55f0e2-e5501b3c.jpg,val,clear,daytime,clear
bb5620b4-1b9fa58e.jpg,F:\xlw\bdd100k_final\images\100k\val\bb5620b4-1b9fa58e.jpg,val,snowy,daytime,snow
bb576239-017d1d62.jpg,F:\xlw\bdd100k_final\images\100k\val\bb576239-017d1d62.jpg,val,clear,night,night
bb57d41c-506beec8.jpg,F:\xlw\bdd100k_final\images\100k\val\bb57d41c-506beec8.jpg,val,snowy,night,night
bb599cda-d1fdd751.jpg,F:\xlw\bdd100k_final\images\100k\val\bb599cda-d1fdd751.jpg,val,snowy,daytime,snow
bb5a3238-ab2ba223.jpg,F:\xlw\bdd100k_final\images\100k\val\bb5a3238-ab2ba223.jpg,val,snowy,daytime,snow
bb5cc516-235bb167.jpg,F:\xlw\bdd100k_final\images\100k\val\bb5cc516-235bb167.jpg,val,rainy,daytime,rain
bb5cc516-3ac130c2.jpg,F:\xlw\bdd100k_final\images\100k\val\bb5cc516-3ac130c2.jpg,val,rainy,daytime,rain
bb5cc516-c0b64937.jpg,F:\xlw\bdd100k_final\images\100k\val\bb5cc516-c0b64937.jpg,val,rainy,daytime,rain
bb5cc516-c98d1fbe.jpg,F:\xlw\bdd100k_final\images\100k\val\bb5cc516-c98d1fbe.jpg,val,rainy,daytime,rain
bb5cc516-eb91e8c8.jpg,F:\xlw\bdd100k_final\images\100k\val\bb5cc516-eb91e8c8.jpg,val,rainy,daytime,rain
bb5d0b6a-99b062c6.jpg,F:\xlw\bdd100k_final\images\100k\val\bb5d0b6a-99b062c6.jpg,val,clear,daytime,clear
bb6264e8-08299561.jpg,F:\xlw\bdd100k_final\images\100k\val\bb6264e8-08299561.jpg,val,overcast,daytime,clear
bb6264e8-a591635c.jpg,F:\xlw\bdd100k_final\images\100k\val\bb6264e8-a591635c.jpg,val,clear,daytime,clear
bb6264e8-e8dfd14d.jpg,F:\xlw\bdd100k_final\images\100k\val\bb6264e8-e8dfd14d.jpg,val,clear,daytime,clear
bb627372-de7438d2.jpg,F:\xlw\bdd100k_final\images\100k\val\bb627372-de7438d2.jpg,val,clear,daytime,clear
bb6292eb-0a9cbd38.jpg,F:\xlw\bdd100k_final\images\100k\val\bb6292eb-0a9cbd38.jpg,val,clear,night,night
bb6292eb-90b37ce9.jpg,F:\xlw\bdd100k_final\images\100k\val\bb6292eb-90b37ce9.jpg,val,clear,night,night
bb6292eb-cfbccc0b.jpg,F:\xlw\bdd100k_final\images\100k\val\bb6292eb-cfbccc0b.jpg,val,clear,night,night
bb6590aa-7a73c07e.jpg,F:\xlw\bdd100k_final\images\100k\val\bb6590aa-7a73c07e.jpg,val,undefined,night,night
bb6643fa-a2b42d16.jpg,F:\xlw\bdd100k_final\images\100k\val\bb6643fa-a2b42d16.jpg,val,partly cloudy,daytime,clear
bb69d2b0-fc67c3d9.jpg,F:\xlw\bdd100k_final\images\100k\val\bb69d2b0-fc67c3d9.jpg,val,snowy,daytime,snow
bb6ad474-86b26884.jpg,F:\xlw\bdd100k_final\images\100k\val\bb6ad474-86b26884.jpg,val,partly cloudy,daytime,clear
bb6b9678-771c7e62.jpg,F:\xlw\bdd100k_final\images\100k\val\bb6b9678-771c7e62.jpg,val,snowy,daytime,snow
bb6e9fc4-35369ff6.jpg,F:\xlw\bdd100k_final\images\100k\val\bb6e9fc4-35369ff6.jpg,val,partly cloudy,daytime,clear
bb6f381e-02e9cc6b.jpg,F:\xlw\bdd100k_final\images\100k\val\bb6f381e-02e9cc6b.jpg,val,clear,daytime,clear
bb6fb6cd-6f571799.jpg,F:\xlw\bdd100k_final\images\100k\val\bb6fb6cd-6f571799.jpg,val,clear,daytime,clear
bb71ba86-3204e97e.jpg,F:\xlw\bdd100k_final\images\100k\val\bb71ba86-3204e97e.jpg,val,partly cloudy,daytime,clear
bb725082-6cfb3269.jpg,F:\xlw\bdd100k_final\images\100k\val\bb725082-6cfb3269.jpg,val,clear,daytime,clear
bb72d33c-aa1919f1.jpg,F:\xlw\bdd100k_final\images\100k\val\bb72d33c-aa1919f1.jpg,val,clear,night,night
bb7444d5-e76820f4.jpg,F:\xlw\bdd100k_final\images\100k\val\bb7444d5-e76820f4.jpg,val,partly cloudy,daytime,clear
bb76958b-e0a8bc7a.jpg,F:\xlw\bdd100k_final\images\100k\val\bb76958b-e0a8bc7a.jpg,val,rainy,night,night
bb7696a2-4c117c92.jpg,F:\xlw\bdd100k_final\images\100k\val\bb7696a2-4c117c92.jpg,val,rainy,night,night
bb769d08-290df018.jpg,F:\xlw\bdd100k_final\images\100k\val\bb769d08-290df018.jpg,val,clear,night,night
bb76a219-47562e4c.jpg,F:\xlw\bdd100k_final\images\100k\val\bb76a219-47562e4c.jpg,val,clear,night,night
bb76c63a-586a2668.jpg,F:\xlw\bdd100k_final\images\100k\val\bb76c63a-586a2668.jpg,val,clear,daytime,clear
bb76c63a-f232154d.jpg,F:\xlw\bdd100k_final\images\100k\val\bb76c63a-f232154d.jpg,val,clear,daytime,clear
bb77aa36-6aeefd56.jpg,F:\xlw\bdd100k_final\images\100k\val\bb77aa36-6aeefd56.jpg,val,clear,night,night
bb78624a-098bd29a.jpg,F:\xlw\bdd100k_final\images\100k\val\bb78624a-098bd29a.jpg,val,overcast,daytime,clear
bb78624a-907eb4f3.jpg,F:\xlw\bdd100k_final\images\100k\val\bb78624a-907eb4f3.jpg,val,clear,daytime,clear
bb78fe06-3994d745.jpg,F:\xlw\bdd100k_final\images\100k\val\bb78fe06-3994d745.jpg,val,partly cloudy,daytime,clear
bb793416-9423221d.jpg,F:\xlw\bdd100k_final\images\100k\val\bb793416-9423221d.jpg,val,clear,night,night
bb799f71-b5357135.jpg,F:\xlw\bdd100k_final\images\100k\val\bb799f71-b5357135.jpg,val,rainy,night,night
bb799f71-b76b80fc.jpg,F:\xlw\bdd100k_final\images\100k\val\bb799f71-b76b80fc.jpg,val,snowy,night,night
bb7be34b-0d28c0d9.jpg,F:\xlw\bdd100k_final\images\100k\val\bb7be34b-0d28c0d9.jpg,val,snowy,night,night
bb7cffc0-5a54a6d9.jpg,F:\xlw\bdd100k_final\images\100k\val\bb7cffc0-5a54a6d9.jpg,val,clear,daytime,clear
bb7e324a-0517fdbe.jpg,F:\xlw\bdd100k_final\images\100k\val\bb7e324a-0517fdbe.jpg,val,clear,night,night
bb7fd291-10af39c3.jpg,F:\xlw\bdd100k_final\images\100k\val\bb7fd291-10af39c3.jpg,val,overcast,daytime,clear
bb7fd291-bf28c0b5.jpg,F:\xlw\bdd100k_final\images\100k\val\bb7fd291-bf28c0b5.jpg,val,overcast,daytime,clear
bb80de49-c7d12d6a.jpg,F:\xlw\bdd100k_final\images\100k\val\bb80de49-c7d12d6a.jpg,val,overcast,daytime,clear
bb81a7a9-4469e43e.jpg,F:\xlw\bdd100k_final\images\100k\val\bb81a7a9-4469e43e.jpg,val,clear,night,night
bb820c34-c959c253.jpg,F:\xlw\bdd100k_final\images\100k\val\bb820c34-c959c253.jpg,val,clear,daytime,clear
bb848f84-44cbc584.jpg,F:\xlw\bdd100k_final\images\100k\val\bb848f84-44cbc584.jpg,val,clear,night,night
bb856696-8aa6a20a.jpg,F:\xlw\bdd100k_final\images\100k\val\bb856696-8aa6a20a.jpg,val,clear,daytime,clear
bb890202-d9d48310.jpg,F:\xlw\bdd100k_final\images\100k\val\bb890202-d9d48310.jpg,val,partly cloudy,daytime,clear
bb8b844a-ed14e8b9.jpg,F:\xlw\bdd100k_final\images\100k\val\bb8b844a-ed14e8b9.jpg,val,clear,daytime,clear
bb8dba97-1be28493.jpg,F:\xlw\bdd100k_final\images\100k\val\bb8dba97-1be28493.jpg,val,overcast,daytime,clear
bb8dba97-3537805c.jpg,F:\xlw\bdd100k_final\images\100k\val\bb8dba97-3537805c.jpg,val,clear,daytime,clear
bb8dba97-50af5a1e.jpg,F:\xlw\bdd100k_final\images\100k\val\bb8dba97-50af5a1e.jpg,val,overcast,daytime,clear
bb8dba97-5eb6b6b5.jpg,F:\xlw\bdd100k_final\images\100k\val\bb8dba97-5eb6b6b5.jpg,val,overcast,daytime,clear
bb8dba97-9f4540b7.jpg,F:\xlw\bdd100k_final\images\100k\val\bb8dba97-9f4540b7.jpg,val,overcast,daytime,clear
bb8dba97-b6abbfb0.jpg,F:\xlw\bdd100k_final\images\100k\val\bb8dba97-b6abbfb0.jpg,val,overcast,daytime,clear
bb8dba97-c7ec77a3.jpg,F:\xlw\bdd100k_final\images\100k\val\bb8dba97-c7ec77a3.jpg,val,overcast,daytime,clear
bb8debd8-33cabcd9.jpg,F:\xlw\bdd100k_final\images\100k\val\bb8debd8-33cabcd9.jpg,val,clear,night,night
bb8debd8-5eb5bcfa.jpg,F:\xlw\bdd100k_final\images\100k\val\bb8debd8-5eb5bcfa.jpg,val,clear,night,night
bb8debd8-700f312a.jpg,F:\xlw\bdd100k_final\images\100k\val\bb8debd8-700f312a.jpg,val,clear,night,night
bb8e2033-6c418fc7.jpg,F:\xlw\bdd100k_final\images\100k\val\bb8e2033-6c418fc7.jpg,val,overcast,daytime,clear
bb8e2033-cef919f8.jpg,F:\xlw\bdd100k_final\images\100k\val\bb8e2033-cef919f8.jpg,val,partly cloudy,daytime,clear
bb8f6c9a-3900261c.jpg,F:\xlw\bdd100k_final\images\100k\val\bb8f6c9a-3900261c.jpg,val,rainy,night,night
bb8f6c9a-690cfda6.jpg,F:\xlw\bdd100k_final\images\100k\val\bb8f6c9a-690cfda6.jpg,val,rainy,night,night
bb8f6c9a-9be5142a.jpg,F:\xlw\bdd100k_final\images\100k\val\bb8f6c9a-9be5142a.jpg,val,rainy,night,night
bb8f6c9a-e2c6dc5a.jpg,F:\xlw\bdd100k_final\images\100k\val\bb8f6c9a-e2c6dc5a.jpg,val,rainy,night,night
bb9071ac-46abc696.jpg,F:\xlw\bdd100k_final\images\100k\val\bb9071ac-46abc696.jpg,val,clear,daytime,clear
bb9071ac-4a15cb23.jpg,F:\xlw\bdd100k_final\images\100k\val\bb9071ac-4a15cb23.jpg,val,snowy,daytime,snow
bb9071ac-4b105539.jpg,F:\xlw\bdd100k_final\images\100k\val\bb9071ac-4b105539.jpg,val,clear,daytime,clear
bb9071ac-4ee8ed8c.jpg,F:\xlw\bdd100k_final\images\100k\val\bb9071ac-4ee8ed8c.jpg,val,clear,daytime,clear
bb9071ac-6b111ce9.jpg,F:\xlw\bdd100k_final\images\100k\val\bb9071ac-6b111ce9.jpg,val,snowy,daytime,snow
bb9071ac-8e2bc8fe.jpg,F:\xlw\bdd100k_final\images\100k\val\bb9071ac-8e2bc8fe.jpg,val,clear,daytime,clear
bb9071ac-9f4af9b1.jpg,F:\xlw\bdd100k_final\images\100k\val\bb9071ac-9f4af9b1.jpg,val,clear,daytime,clear
bb9071ac-eb6e330c.jpg,F:\xlw\bdd100k_final\images\100k\val\bb9071ac-eb6e330c.jpg,val,clear,daytime,clear
bb919332-5e30df54.jpg,F:\xlw\bdd100k_final\images\100k\val\bb919332-5e30df54.jpg,val,snowy,night,night
bb94c68a-4e6236bc.jpg,F:\xlw\bdd100k_final\images\100k\val\bb94c68a-4e6236bc.jpg,val,rainy,daytime,rain
bb94c68a-820fd793.jpg,F:\xlw\bdd100k_final\images\100k\val\bb94c68a-820fd793.jpg,val,overcast,daytime,clear
bb94d14a-39633f6b.jpg,F:\xlw\bdd100k_final\images\100k\val\bb94d14a-39633f6b.jpg,val,clear,night,night
bb95526b-ceac3ace.jpg,F:\xlw\bdd100k_final\images\100k\val\bb95526b-ceac3ace.jpg,val,snowy,daytime,snow
bb974084-83d5efd3.jpg,F:\xlw\bdd100k_final\images\100k\val\bb974084-83d5efd3.jpg,val,overcast,daytime,clear
bb974084-c0e23420.jpg,F:\xlw\bdd100k_final\images\100k\val\bb974084-c0e23420.jpg,val,overcast,daytime,clear
bb97c366-2adf3cdc.jpg,F:\xlw\bdd100k_final\images\100k\val\bb97c366-2adf3cdc.jpg,val,overcast,daytime,clear
bb99539a-4fd21cfa.jpg,F:\xlw\bdd100k_final\images\100k\val\bb99539a-4fd21cfa.jpg,val,rainy,daytime,rain
bb99a578-c060f56f.jpg,F:\xlw\bdd100k_final\images\100k\val\bb99a578-c060f56f.jpg,val,overcast,daytime,clear
bb99dc60-942f3785.jpg,F:\xlw\bdd100k_final\images\100k\val\bb99dc60-942f3785.jpg,val,partly cloudy,daytime,clear
bb9a0374-e9c6de20.jpg,F:\xlw\bdd100k_final\images\100k\val\bb9a0374-e9c6de20.jpg,val,clear,night,night
bb9a3460-97d249c3.jpg,F:\xlw\bdd100k_final\images\100k\val\bb9a3460-97d249c3.jpg,val,clear,daytime,clear
bb9bd0cf-56fce493.jpg,F:\xlw\bdd100k_final\images\100k\val\bb9bd0cf-56fce493.jpg,val,overcast,daytime,clear
bb9c9020-21673e60.jpg,F:\xlw\bdd100k_final\images\100k\val\bb9c9020-21673e60.jpg,val,clear,night,night
bb9d32ae-a1246a1e.jpg,F:\xlw\bdd100k_final\images\100k\val\bb9d32ae-a1246a1e.jpg,val,overcast,daytime,clear
bb9d32ae-e5859cbf.jpg,F:\xlw\bdd100k_final\images\100k\val\bb9d32ae-e5859cbf.jpg,val,partly cloudy,daytime,clear
bb9d3fc8-c2a034bd.jpg,F:\xlw\bdd100k_final\images\100k\val\bb9d3fc8-c2a034bd.jpg,val,undefined,night,night
bb9d4d12-6cc166e9.jpg,F:\xlw\bdd100k_final\images\100k\val\bb9d4d12-6cc166e9.jpg,val,overcast,night,night
bb9e60a8-3a61f409.jpg,F:\xlw\bdd100k_final\images\100k\val\bb9e60a8-3a61f409.jpg,val,clear,daytime,clear
bb9e9d40-886fb5e0.jpg,F:\xlw\bdd100k_final\images\100k\val\bb9e9d40-886fb5e0.jpg,val,clear,night,night
bb9f3476-4fc600dc.jpg,F:\xlw\bdd100k_final\images\100k\val\bb9f3476-4fc600dc.jpg,val,clear,night,night
bb9f45f3-e6fb2c1f.jpg,F:\xlw\bdd100k_final\images\100k\val\bb9f45f3-e6fb2c1f.jpg,val,clear,night,night
bb9f498e-5ea84006.jpg,F:\xlw\bdd100k_final\images\100k\val\bb9f498e-5ea84006.jpg,val,clear,daytime,clear
bb9f498e-62cc407e.jpg,F:\xlw\bdd100k_final\images\100k\val\bb9f498e-62cc407e.jpg,val,clear,daytime,clear
bb9fb09f-c2a5e3d5.jpg,F:\xlw\bdd100k_final\images\100k\val\bb9fb09f-c2a5e3d5.jpg,val,snowy,daytime,snow
bb9fbfbe-f18bd5e5.jpg,F:\xlw\bdd100k_final\images\100k\val\bb9fbfbe-f18bd5e5.jpg,val,overcast,daytime,clear
bba45236-0fffd225.jpg,F:\xlw\bdd100k_final\images\100k\val\bba45236-0fffd225.jpg,val,clear,night,night
bba45236-90850465.jpg,F:\xlw\bdd100k_final\images\100k\val\bba45236-90850465.jpg,val,clear,night,night
bba4ee51-12cbf4ff.jpg,F:\xlw\bdd100k_final\images\100k\val\bba4ee51-12cbf4ff.jpg,val,partly cloudy,daytime,clear
bba4ee51-616d23a7.jpg,F:\xlw\bdd100k_final\images\100k\val\bba4ee51-616d23a7.jpg,val,partly cloudy,daytime,clear
bba686c2-056961ec.jpg,F:\xlw\bdd100k_final\images\100k\val\bba686c2-056961ec.jpg,val,rainy,daytime,rain
bba686c2-2e7b039d.jpg,F:\xlw\bdd100k_final\images\100k\val\bba686c2-2e7b039d.jpg,val,overcast,daytime,clear
bba6b17c-417567f2.jpg,F:\xlw\bdd100k_final\images\100k\val\bba6b17c-417567f2.jpg,val,rainy,daytime,rain
bba94727-03cd03e0.jpg,F:\xlw\bdd100k_final\images\100k\val\bba94727-03cd03e0.jpg,val,clear,night,night
bba9d58b-18c62a06.jpg,F:\xlw\bdd100k_final\images\100k\val\bba9d58b-18c62a06.jpg,val,clear,night,night
bba9d58b-afdc737b.jpg,F:\xlw\bdd100k_final\images\100k\val\bba9d58b-afdc737b.jpg,val,clear,night,night
bbac8de0-3e6d9391.jpg,F:\xlw\bdd100k_final\images\100k\val\bbac8de0-3e6d9391.jpg,val,snowy,night,night
bbac8de0-997098ef.jpg,F:\xlw\bdd100k_final\images\100k\val\bbac8de0-997098ef.jpg,val,snowy,night,night
bbadf190-864c9a43.jpg,F:\xlw\bdd100k_final\images\100k\val\bbadf190-864c9a43.jpg,val,snowy,daytime,snow
bbaf1cf2-5c7315e0.jpg,F:\xlw\bdd100k_final\images\100k\val\bbaf1cf2-5c7315e0.jpg,val,clear,daytime,clear
bbaf54a0-217653b8.jpg,F:\xlw\bdd100k_final\images\100k\val\bbaf54a0-217653b8.jpg,val,clear,daytime,clear
bbb01fbb-f2064005.jpg,F:\xlw\bdd100k_final\images\100k\val\bbb01fbb-f2064005.jpg,val,overcast,daytime,clear
bbb08020-5a72fc33.jpg,F:\xlw\bdd100k_final\images\100k\val\bbb08020-5a72fc33.jpg,val,clear,night,night
bbb1289a-a3fbe37f.jpg,F:\xlw\bdd100k_final\images\100k\val\bbb1289a-a3fbe37f.jpg,val,clear,daytime,clear
bbb1289a-b49fe5de.jpg,F:\xlw\bdd100k_final\images\100k\val\bbb1289a-b49fe5de.jpg,val,clear,daytime,clear
bbb2487c-578aa473.jpg,F:\xlw\bdd100k_final\images\100k\val\bbb2487c-578aa473.jpg,val,clear,night,night
bbb25499-f602899d.jpg,F:\xlw\bdd100k_final\images\100k\val\bbb25499-f602899d.jpg,val,clear,daytime,clear
bbb28508-bd7a8e64.jpg,F:\xlw\bdd100k_final\images\100k\val\bbb28508-bd7a8e64.jpg,val,clear,night,night
bbb28508-c109f395.jpg,F:\xlw\bdd100k_final\images\100k\val\bbb28508-c109f395.jpg,val,clear,night,night
bbb458ab-6cd36285.jpg,F:\xlw\bdd100k_final\images\100k\val\bbb458ab-6cd36285.jpg,val,clear,night,night
bbb46475-1bfc3090.jpg,F:\xlw\bdd100k_final\images\100k\val\bbb46475-1bfc3090.jpg,val,overcast,daytime,clear
bbb46ace-1e415c05.jpg,F:\xlw\bdd100k_final\images\100k\val\bbb46ace-1e415c05.jpg,val,foggy,daytime,fog
bbb5073b-401c9a78.jpg,F:\xlw\bdd100k_final\images\100k\val\bbb5073b-401c9a78.jpg,val,clear,night,night
bbb7bb8e-85124fbf.jpg,F:\xlw\bdd100k_final\images\100k\val\bbb7bb8e-85124fbf.jpg,val,clear,daytime,clear
bbbe5a28-c070f32d.jpg,F:\xlw\bdd100k_final\images\100k\val\bbbe5a28-c070f32d.jpg,val,clear,daytime,clear
bbbf73f0-bd9c9571.jpg,F:\xlw\bdd100k_final\images\100k\val\bbbf73f0-bd9c9571.jpg,val,clear,night,night
bbbffbd6-e260a6c2.jpg,F:\xlw\bdd100k_final\images\100k\val\bbbffbd6-e260a6c2.jpg,val,clear,night,night
bbc06e30-11e26c79.jpg,F:\xlw\bdd100k_final\images\100k\val\bbc06e30-11e26c79.jpg,val,clear,night,night
bbc06e30-134b08d2.jpg,F:\xlw\bdd100k_final\images\100k\val\bbc06e30-134b08d2.jpg,val,clear,night,night
bbc06e30-258b4f53.jpg,F:\xlw\bdd100k_final\images\100k\val\bbc06e30-258b4f53.jpg,val,clear,night,night
bbc06e30-271b20d7.jpg,F:\xlw\bdd100k_final\images\100k\val\bbc06e30-271b20d7.jpg,val,clear,night,night
bbc06e30-287249d4.jpg,F:\xlw\bdd100k_final\images\100k\val\bbc06e30-287249d4.jpg,val,clear,night,night
bbc06e30-2dc7912c.jpg,F:\xlw\bdd100k_final\images\100k\val\bbc06e30-2dc7912c.jpg,val,clear,night,night
bbc06e30-64bcf017.jpg,F:\xlw\bdd100k_final\images\100k\val\bbc06e30-64bcf017.jpg,val,clear,night,night
bbc06e30-9f5efff2.jpg,F:\xlw\bdd100k_final\images\100k\val\bbc06e30-9f5efff2.jpg,val,clear,night,night
bbc06e30-aa1ed8ea.jpg,F:\xlw\bdd100k_final\images\100k\val\bbc06e30-aa1ed8ea.jpg,val,clear,night,night
bbc06e30-ab6674c8.jpg,F:\xlw\bdd100k_final\images\100k\val\bbc06e30-ab6674c8.jpg,val,overcast,night,night
bbc06e30-aba95b88.jpg,F:\xlw\bdd100k_final\images\100k\val\bbc06e30-aba95b88.jpg,val,clear,night,night
bbc06e30-c51fe677.jpg,F:\xlw\bdd100k_final\images\100k\val\bbc06e30-c51fe677.jpg,val,clear,night,night
bbc06e30-cc607874.jpg,F:\xlw\bdd100k_final\images\100k\val\bbc06e30-cc607874.jpg,val,clear,night,night
bbc06e30-d687d6f0.jpg,F:\xlw\bdd100k_final\images\100k\val\bbc06e30-d687d6f0.jpg,val,rainy,night,night
bbc19191-fb681730.jpg,F:\xlw\bdd100k_final\images\100k\val\bbc19191-fb681730.jpg,val,clear,daytime,clear
bbc19c5e-51fd9cc0.jpg,F:\xlw\bdd100k_final\images\100k\val\bbc19c5e-51fd9cc0.jpg,val,clear,daytime,clear
bbc2fba6-22f48e9a.jpg,F:\xlw\bdd100k_final\images\100k\val\bbc2fba6-22f48e9a.jpg,val,overcast,daytime,clear
bbc46835-58ccfd96.jpg,F:\xlw\bdd100k_final\images\100k\val\bbc46835-58ccfd96.jpg,val,partly cloudy,daytime,clear
bbc4e74d-7ae9336b.jpg,F:\xlw\bdd100k_final\images\100k\val\bbc4e74d-7ae9336b.jpg,val,clear,night,night
bbc64a91-4df79c20.jpg,F:\xlw\bdd100k_final\images\100k\val\bbc64a91-4df79c20.jpg,val,clear,night,night
bbc64a91-b3bf5a63.jpg,F:\xlw\bdd100k_final\images\100k\val\bbc64a91-b3bf5a63.jpg,val,clear,night,night
bbc755d2-7719fa91.jpg,F:\xlw\bdd100k_final\images\100k\val\bbc755d2-7719fa91.jpg,val,clear,daytime,clear
bbc755d2-e35a6b06.jpg,F:\xlw\bdd100k_final\images\100k\val\bbc755d2-e35a6b06.jpg,val,clear,daytime,clear
bbc9db98-2a592de3.jpg,F:\xlw\bdd100k_final\images\100k\val\bbc9db98-2a592de3.jpg,val,clear,night,night
bbc9db98-4a7fb607.jpg,F:\xlw\bdd100k_final\images\100k\val\bbc9db98-4a7fb607.jpg,val,clear,daytime,clear
bbc9ec36-8e63f11e.jpg,F:\xlw\bdd100k_final\images\100k\val\bbc9ec36-8e63f11e.jpg,val,rainy,daytime,rain
bbcd82d7-0528d099.jpg,F:\xlw\bdd100k_final\images\100k\val\bbcd82d7-0528d099.jpg,val,clear,night,night
bbcd82d7-522d7b83.jpg,F:\xlw\bdd100k_final\images\100k\val\bbcd82d7-522d7b83.jpg,val,clear,night,night
bbcdfc12-745c6e19.jpg,F:\xlw\bdd100k_final\images\100k\val\bbcdfc12-745c6e19.jpg,val,overcast,daytime,clear
bbcdfc12-87ca1f44.jpg,F:\xlw\bdd100k_final\images\100k\val\bbcdfc12-87ca1f44.jpg,val,overcast,daytime,clear
bbce4e17-9ff136be.jpg,F:\xlw\bdd100k_final\images\100k\val\bbce4e17-9ff136be.jpg,val,undefined,night,night
bbcf6d54-2e46ed62.jpg,F:\xlw\bdd100k_final\images\100k\val\bbcf6d54-2e46ed62.jpg,val,clear,night,night
bbcf6d54-4923f0f0.jpg,F:\xlw\bdd100k_final\images\100k\val\bbcf6d54-4923f0f0.jpg,val,clear,night,night
bbcf6d54-580e2911.jpg,F:\xlw\bdd100k_final\images\100k\val\bbcf6d54-580e2911.jpg,val,clear,night,night
bbcf6d54-9e66bc23.jpg,F:\xlw\bdd100k_final\images\100k\val\bbcf6d54-9e66bc23.jpg,val,clear,night,night
bbcf6d54-a28d17b9.jpg,F:\xlw\bdd100k_final\images\100k\val\bbcf6d54-a28d17b9.jpg,val,clear,night,night
bbcf6d54-cccd1867.jpg,F:\xlw\bdd100k_final\images\100k\val\bbcf6d54-cccd1867.jpg,val,clear,night,night
bbcf6d54-e39b0c22.jpg,F:\xlw\bdd100k_final\images\100k\val\bbcf6d54-e39b0c22.jpg,val,clear,night,night
bbd03dac-457dcb31.jpg,F:\xlw\bdd100k_final\images\100k\val\bbd03dac-457dcb31.jpg,val,clear,night,night
bbd20d96-3f8c363a.jpg,F:\xlw\bdd100k_final\images\100k\val\bbd20d96-3f8c363a.jpg,val,snowy,night,night
bbd5188d-91d0926f.jpg,F:\xlw\bdd100k_final\images\100k\val\bbd5188d-91d0926f.jpg,val,clear,daytime,clear
bbd5285a-a92367c9.jpg,F:\xlw\bdd100k_final\images\100k\val\bbd5285a-a92367c9.jpg,val,clear,night,night
bbd5b9b2-5d171163.jpg,F:\xlw\bdd100k_final\images\100k\val\bbd5b9b2-5d171163.jpg,val,clear,daytime,clear
bbd6019b-2c9ea14f.jpg,F:\xlw\bdd100k_final\images\100k\val\bbd6019b-2c9ea14f.jpg,val,snowy,daytime,snow
bbd63d3e-5e1ed924.jpg,F:\xlw\bdd100k_final\images\100k\val\bbd63d3e-5e1ed924.jpg,val,clear,night,night
bbda6802-894aa456.jpg,F:\xlw\bdd100k_final\images\100k\val\bbda6802-894aa456.jpg,val,snowy,daytime,snow
bbdad86e-abcab1f8.jpg,F:\xlw\bdd100k_final\images\100k\val\bbdad86e-abcab1f8.jpg,val,clear,night,night
bbdb533c-9863d46e.jpg,F:\xlw\bdd100k_final\images\100k\val\bbdb533c-9863d46e.jpg,val,clear,night,night
bbddd5fa-1fb3ae4e.jpg,F:\xlw\bdd100k_final\images\100k\val\bbddd5fa-1fb3ae4e.jpg,val,clear,daytime,clear
bbde8dba-93d1eb1f.jpg,F:\xlw\bdd100k_final\images\100k\val\bbde8dba-93d1eb1f.jpg,val,overcast,daytime,clear
bbdfa37f-03ac6f5e.jpg,F:\xlw\bdd100k_final\images\100k\val\bbdfa37f-03ac6f5e.jpg,val,clear,daytime,clear
bbdfa37f-a37db6bd.jpg,F:\xlw\bdd100k_final\images\100k\val\bbdfa37f-a37db6bd.jpg,val,clear,daytime,clear
bbe207fc-8ab7e608.jpg,F:\xlw\bdd100k_final\images\100k\val\bbe207fc-8ab7e608.jpg,val,snowy,night,night
bbe207fc-bee772a7.jpg,F:\xlw\bdd100k_final\images\100k\val\bbe207fc-bee772a7.jpg,val,clear,daytime,clear
bbe207fc-d52c3f26.jpg,F:\xlw\bdd100k_final\images\100k\val\bbe207fc-d52c3f26.jpg,val,snowy,night,night
bbe207fc-fc226573.jpg,F:\xlw\bdd100k_final\images\100k\val\bbe207fc-fc226573.jpg,val,clear,night,night
bbe2ac68-e15af654.jpg,F:\xlw\bdd100k_final\images\100k\val\bbe2ac68-e15af654.jpg,val,undefined,night,night
bbe4ec31-2932af48.jpg,F:\xlw\bdd100k_final\images\100k\val\bbe4ec31-2932af48.jpg,val,clear,night,night
bbe57528-3722fc17.jpg,F:\xlw\bdd100k_final\images\100k\val\bbe57528-3722fc17.jpg,val,overcast,daytime,clear
bbe7c596-88457d26.jpg,F:\xlw\bdd100k_final\images\100k\val\bbe7c596-88457d26.jpg,val,clear,night,night
bbe7c7e2-0d1dac56.jpg,F:\xlw\bdd100k_final\images\100k\val\bbe7c7e2-0d1dac56.jpg,val,clear,night,night
bbe7c7e2-ac32659a.jpg,F:\xlw\bdd100k_final\images\100k\val\bbe7c7e2-ac32659a.jpg,val,clear,night,night
bbe88e6d-c0e7b375.jpg,F:\xlw\bdd100k_final\images\100k\val\bbe88e6d-c0e7b375.jpg,val,clear,daytime,clear
bbe91656-17f3e492.jpg,F:\xlw\bdd100k_final\images\100k\val\bbe91656-17f3e492.jpg,val,rainy,night,night
bbe91656-3ca9f506.jpg,F:\xlw\bdd100k_final\images\100k\val\bbe91656-3ca9f506.jpg,val,clear,night,night
bbe95ad4-1df76d9d.jpg,F:\xlw\bdd100k_final\images\100k\val\bbe95ad4-1df76d9d.jpg,val,clear,daytime,clear
bbe95ad4-8870089d.jpg,F:\xlw\bdd100k_final\images\100k\val\bbe95ad4-8870089d.jpg,val,clear,daytime,clear
bbea4013-25cf6227.jpg,F:\xlw\bdd100k_final\images\100k\val\bbea4013-25cf6227.jpg,val,overcast,daytime,clear
bbebc8cb-5ff7981f.jpg,F:\xlw\bdd100k_final\images\100k\val\bbebc8cb-5ff7981f.jpg,val,rainy,night,night
bbebc8cb-c0c59383.jpg,F:\xlw\bdd100k_final\images\100k\val\bbebc8cb-c0c59383.jpg,val,clear,night,night
bbec733f-32b81849.jpg,F:\xlw\bdd100k_final\images\100k\val\bbec733f-32b81849.jpg,val,clear,daytime,clear
bbec733f-f92d5a38.jpg,F:\xlw\bdd100k_final\images\100k\val\bbec733f-f92d5a38.jpg,val,partly cloudy,daytime,clear
bbef1eae-960724af.jpg,F:\xlw\bdd100k_final\images\100k\val\bbef1eae-960724af.jpg,val,rainy,night,night
bbef1eae-ab6f884c.jpg,F:\xlw\bdd100k_final\images\100k\val\bbef1eae-ab6f884c.jpg,val,rainy,daytime,rain
bbef1eae-c59b44b1.jpg,F:\xlw\bdd100k_final\images\100k\val\bbef1eae-c59b44b1.jpg,val,rainy,daytime,rain
bbefae56-1d886e4e.jpg,F:\xlw\bdd100k_final\images\100k\val\bbefae56-1d886e4e.jpg,val,clear,daytime,clear
bbf0f5d7-e849d5f5.jpg,F:\xlw\bdd100k_final\images\100k\val\bbf0f5d7-e849d5f5.jpg,val,overcast,daytime,clear
bbf0f5d7-ea2f1cc3.jpg,F:\xlw\bdd100k_final\images\100k\val\bbf0f5d7-ea2f1cc3.jpg,val,clear,daytime,clear
bbf29c70-20e48f5b.jpg,F:\xlw\bdd100k_final\images\100k\val\bbf29c70-20e48f5b.jpg,val,clear,daytime,clear
bbf2bd83-750c3f46.jpg,F:\xlw\bdd100k_final\images\100k\val\bbf2bd83-750c3f46.jpg,val,clear,night,night
bbf2bd83-99456c75.jpg,F:\xlw\bdd100k_final\images\100k\val\bbf2bd83-99456c75.jpg,val,clear,night,night
bbf2bd83-b7d61805.jpg,F:\xlw\bdd100k_final\images\100k\val\bbf2bd83-b7d61805.jpg,val,clear,night,night
bbf2bd83-fb721687.jpg,F:\xlw\bdd100k_final\images\100k\val\bbf2bd83-fb721687.jpg,val,clear,night,night
bbf2c809-5fe910e9.jpg,F:\xlw\bdd100k_final\images\100k\val\bbf2c809-5fe910e9.jpg,val,snowy,daytime,snow
bbf2c809-6d93ddf1.jpg,F:\xlw\bdd100k_final\images\100k\val\bbf2c809-6d93ddf1.jpg,val,snowy,daytime,snow
bbf38397-6c3d4ef5.jpg,F:\xlw\bdd100k_final\images\100k\val\bbf38397-6c3d4ef5.jpg,val,partly cloudy,daytime,clear
bbf3d83d-1a478458.jpg,F:\xlw\bdd100k_final\images\100k\val\bbf3d83d-1a478458.jpg,val,clear,night,night
bbf3d83d-332ac457.jpg,F:\xlw\bdd100k_final\images\100k\val\bbf3d83d-332ac457.jpg,val,clear,night,night
bbf3d83d-d6265b06.jpg,F:\xlw\bdd100k_final\images\100k\val\bbf3d83d-d6265b06.jpg,val,clear,night,night
bbf3d83d-f15c5dd8.jpg,F:\xlw\bdd100k_final\images\100k\val\bbf3d83d-f15c5dd8.jpg,val,clear,night,night
bbf48d08-b6a11dd8.jpg,F:\xlw\bdd100k_final\images\100k\val\bbf48d08-b6a11dd8.jpg,val,overcast,daytime,clear
bbf48d08-f32427fa.jpg,F:\xlw\bdd100k_final\images\100k\val\bbf48d08-f32427fa.jpg,val,partly cloudy,daytime,clear
bbf5747b-35f769d6.jpg,F:\xlw\bdd100k_final\images\100k\val\bbf5747b-35f769d6.jpg,val,clear,daytime,clear
bbf69eae-71b25b22.jpg,F:\xlw\bdd100k_final\images\100k\val\bbf69eae-71b25b22.jpg,val,clear,night,night
bbf6edef-5d90487a.jpg,F:\xlw\bdd100k_final\images\100k\val\bbf6edef-5d90487a.jpg,val,partly cloudy,daytime,clear
bbf7e280-19aed161.jpg,F:\xlw\bdd100k_final\images\100k\val\bbf7e280-19aed161.jpg,val,snowy,daytime,snow
bbf7e280-e5ccb014.jpg,F:\xlw\bdd100k_final\images\100k\val\bbf7e280-e5ccb014.jpg,val,snowy,daytime,snow
bbf86f8f-87b564dc.jpg,F:\xlw\bdd100k_final\images\100k\val\bbf86f8f-87b564dc.jpg,val,clear,daytime,clear
bbf8af11-a27cc76f.jpg,F:\xlw\bdd100k_final\images\100k\val\bbf8af11-a27cc76f.jpg,val,clear,night,night
bbfa7b2b-9c71f471.jpg,F:\xlw\bdd100k_final\images\100k\val\bbfa7b2b-9c71f471.jpg,val,clear,daytime,clear
bbfc1b2e-43566392.jpg,F:\xlw\bdd100k_final\images\100k\val\bbfc1b2e-43566392.jpg,val,clear,night,night
bbfcd002-865258a4.jpg,F:\xlw\bdd100k_final\images\100k\val\bbfcd002-865258a4.jpg,val,rainy,night,night
bbfcd002-f8531a65.jpg,F:\xlw\bdd100k_final\images\100k\val\bbfcd002-f8531a65.jpg,val,rainy,daytime,rain
bbfe3b4f-354e4430.jpg,F:\xlw\bdd100k_final\images\100k\val\bbfe3b4f-354e4430.jpg,val,partly cloudy,daytime,clear
bbfe3b4f-5137ff9f.jpg,F:\xlw\bdd100k_final\images\100k\val\bbfe3b4f-5137ff9f.jpg,val,clear,daytime,clear
bbfe3b4f-71b57b40.jpg,F:\xlw\bdd100k_final\images\100k\val\bbfe3b4f-71b57b40.jpg,val,clear,daytime,clear
bbff5146-286eae73.jpg,F:\xlw\bdd100k_final\images\100k\val\bbff5146-286eae73.jpg,val,clear,night,night
bbff5146-4b928b85.jpg,F:\xlw\bdd100k_final\images\100k\val\bbff5146-4b928b85.jpg,val,snowy,night,night
bbff5146-6ab95f34.jpg,F:\xlw\bdd100k_final\images\100k\val\bbff5146-6ab95f34.jpg,val,snowy,night,night
bbff5146-d503a17e.jpg,F:\xlw\bdd100k_final\images\100k\val\bbff5146-d503a17e.jpg,val,snowy,night,night
bc013163-09158f28.jpg,F:\xlw\bdd100k_final\images\100k\val\bc013163-09158f28.jpg,val,clear,night,night
bc053dc7-55612a00.jpg,F:\xlw\bdd100k_final\images\100k\val\bc053dc7-55612a00.jpg,val,clear,night,night
bc053dc7-b7da4689.jpg,F:\xlw\bdd100k_final\images\100k\val\bc053dc7-b7da4689.jpg,val,clear,night,night
bc053dc7-f2d3aa91.jpg,F:\xlw\bdd100k_final\images\100k\val\bc053dc7-f2d3aa91.jpg,val,clear,night,night
bc07d865-43cc5bfc.jpg,F:\xlw\bdd100k_final\images\100k\val\bc07d865-43cc5bfc.jpg,val,overcast,daytime,clear
bc07d865-b2971089.jpg,F:\xlw\bdd100k_final\images\100k\val\bc07d865-b2971089.jpg,val,clear,night,night
bc07d865-f526e4d9.jpg,F:\xlw\bdd100k_final\images\100k\val\bc07d865-f526e4d9.jpg,val,overcast,daytime,clear
bc0e1045-7a8d0c04.jpg,F:\xlw\bdd100k_final\images\100k\val\bc0e1045-7a8d0c04.jpg,val,clear,night,night
bc0e43fd-10fc4231.jpg,F:\xlw\bdd100k_final\images\100k\val\bc0e43fd-10fc4231.jpg,val,clear,daytime,clear
bc101f0f-2bd5f9ec.jpg,F:\xlw\bdd100k_final\images\100k\val\bc101f0f-2bd5f9ec.jpg,val,clear,daytime,clear
bc101f0f-6b6d71e7.jpg,F:\xlw\bdd100k_final\images\100k\val\bc101f0f-6b6d71e7.jpg,val,partly cloudy,daytime,clear
bc101f0f-6efce9bc.jpg,F:\xlw\bdd100k_final\images\100k\val\bc101f0f-6efce9bc.jpg,val,overcast,daytime,clear
bc101f0f-7607f480.jpg,F:\xlw\bdd100k_final\images\100k\val\bc101f0f-7607f480.jpg,val,overcast,daytime,clear
bc11304f-da51cfda.jpg,F:\xlw\bdd100k_final\images\100k\val\bc11304f-da51cfda.jpg,val,clear,night,night
bc140c47-28089dad.jpg,F:\xlw\bdd100k_final\images\100k\val\bc140c47-28089dad.jpg,val,rainy,daytime,rain
bc140c47-76775eb4.jpg,F:\xlw\bdd100k_final\images\100k\val\bc140c47-76775eb4.jpg,val,rainy,daytime,rain
bc14daff-30e5ade2.jpg,F:\xlw\bdd100k_final\images\100k\val\bc14daff-30e5ade2.jpg,val,clear,daytime,clear
bc14daff-59f11746.jpg,F:\xlw\bdd100k_final\images\100k\val\bc14daff-59f11746.jpg,val,clear,daytime,clear
bc16f8e9-7d69afdb.jpg,F:\xlw\bdd100k_final\images\100k\val\bc16f8e9-7d69afdb.jpg,val,clear,night,night
bc16f8e9-930d98ee.jpg,F:\xlw\bdd100k_final\images\100k\val\bc16f8e9-930d98ee.jpg,val,clear,night,night
bc16f8e9-b5faca03.jpg,F:\xlw\bdd100k_final\images\100k\val\bc16f8e9-b5faca03.jpg,val,clear,night,night
bc171ee0-b1f4fca6.jpg,F:\xlw\bdd100k_final\images\100k\val\bc171ee0-b1f4fca6.jpg,val,clear,daytime,clear
bc197c3b-458c6a12.jpg,F:\xlw\bdd100k_final\images\100k\val\bc197c3b-458c6a12.jpg,val,overcast,daytime,clear
bc197c3b-fc1e2d41.jpg,F:\xlw\bdd100k_final\images\100k\val\bc197c3b-fc1e2d41.jpg,val,overcast,daytime,clear
bc19b631-363ccccc.jpg,F:\xlw\bdd100k_final\images\100k\val\bc19b631-363ccccc.jpg,val,rainy,daytime,rain
bc19c993-2b635099.jpg,F:\xlw\bdd100k_final\images\100k\val\bc19c993-2b635099.jpg,val,overcast,daytime,clear
bc19c993-c0a0f85f.jpg,F:\xlw\bdd100k_final\images\100k\val\bc19c993-c0a0f85f.jpg,val,overcast,daytime,clear
bc1a4b69-ed3eed6e.jpg,F:\xlw\bdd100k_final\images\100k\val\bc1a4b69-ed3eed6e.jpg,val,overcast,daytime,clear
bc1e4645-5c81c3c1.jpg,F:\xlw\bdd100k_final\images\100k\val\bc1e4645-5c81c3c1.jpg,val,clear,daytime,clear
bc1e4645-76a7fd0e.jpg,F:\xlw\bdd100k_final\images\100k\val\bc1e4645-76a7fd0e.jpg,val,clear,daytime,clear
bc201d0d-71877e7e.jpg,F:\xlw\bdd100k_final\images\100k\val\bc201d0d-71877e7e.jpg,val,overcast,daytime,clear
bc208c84-18481db5.jpg,F:\xlw\bdd100k_final\images\100k\val\bc208c84-18481db5.jpg,val,snowy,night,night
bc214770-39035c6c.jpg,F:\xlw\bdd100k_final\images\100k\val\bc214770-39035c6c.jpg,val,clear,daytime,clear
bc223780-c88ddd93.jpg,F:\xlw\bdd100k_final\images\100k\val\bc223780-c88ddd93.jpg,val,rainy,night,night
bc223780-e6658085.jpg,F:\xlw\bdd100k_final\images\100k\val\bc223780-e6658085.jpg,val,snowy,night,night
bc230811-8caf576d.jpg,F:\xlw\bdd100k_final\images\100k\val\bc230811-8caf576d.jpg,val,clear,daytime,clear
bc24e2f5-286f9781.jpg,F:\xlw\bdd100k_final\images\100k\val\bc24e2f5-286f9781.jpg,val,overcast,daytime,clear
bc24f222-27a9e3d1.jpg,F:\xlw\bdd100k_final\images\100k\val\bc24f222-27a9e3d1.jpg,val,clear,night,night
bc24f222-2acc4952.jpg,F:\xlw\bdd100k_final\images\100k\val\bc24f222-2acc4952.jpg,val,clear,daytime,clear
bc24f222-4fdb5e23.jpg,F:\xlw\bdd100k_final\images\100k\val\bc24f222-4fdb5e23.jpg,val,clear,daytime,clear
bc24f222-538f2ee5.jpg,F:\xlw\bdd100k_final\images\100k\val\bc24f222-538f2ee5.jpg,val,clear,night,night
bc24f222-f198b643.jpg,F:\xlw\bdd100k_final\images\100k\val\bc24f222-f198b643.jpg,val,clear,daytime,clear
bc2552ff-c72260e0.jpg,F:\xlw\bdd100k_final\images\100k\val\bc2552ff-c72260e0.jpg,val,clear,daytime,clear
bc25b12f-c0e0bf75.jpg,F:\xlw\bdd100k_final\images\100k\val\bc25b12f-c0e0bf75.jpg,val,clear,night,night
bc277e93-208f225f.jpg,F:\xlw\bdd100k_final\images\100k\val\bc277e93-208f225f.jpg,val,clear,night,night
bc280a80-42084620.jpg,F:\xlw\bdd100k_final\images\100k\val\bc280a80-42084620.jpg,val,clear,night,night
bc29fd13-8d640e8a.jpg,F:\xlw\bdd100k_final\images\100k\val\bc29fd13-8d640e8a.jpg,val,partly cloudy,daytime,clear
bc2a1273-b863f5dd.jpg,F:\xlw\bdd100k_final\images\100k\val\bc2a1273-b863f5dd.jpg,val,overcast,daytime,clear
bc2a3aa8-1dfd52d1.jpg,F:\xlw\bdd100k_final\images\100k\val\bc2a3aa8-1dfd52d1.jpg,val,clear,night,night
bc2a3aa8-65f56ef8.jpg,F:\xlw\bdd100k_final\images\100k\val\bc2a3aa8-65f56ef8.jpg,val,clear,night,night
bc2de22a-b7c57049.jpg,F:\xlw\bdd100k_final\images\100k\val\bc2de22a-b7c57049.jpg,val,clear,night,night
bc2e185c-229fdd44.jpg,F:\xlw\bdd100k_final\images\100k\val\bc2e185c-229fdd44.jpg,val,partly cloudy,daytime,clear
bc2e52cc-4270d2b7.jpg,F:\xlw\bdd100k_final\images\100k\val\bc2e52cc-4270d2b7.jpg,val,clear,night,night
bc308aee-b3a48c42.jpg,F:\xlw\bdd100k_final\images\100k\val\bc308aee-b3a48c42.jpg,val,clear,night,night
bc31a829-278a9e0f.jpg,F:\xlw\bdd100k_final\images\100k\val\bc31a829-278a9e0f.jpg,val,clear,night,night
bc31a829-85e563f4.jpg,F:\xlw\bdd100k_final\images\100k\val\bc31a829-85e563f4.jpg,val,clear,night,night
bc31a829-c73df3f7.jpg,F:\xlw\bdd100k_final\images\100k\val\bc31a829-c73df3f7.jpg,val,clear,night,night
bc31b583-be060375.jpg,F:\xlw\bdd100k_final\images\100k\val\bc31b583-be060375.jpg,val,clear,night,night
bc325ce3-9cd329ba.jpg,F:\xlw\bdd100k_final\images\100k\val\bc325ce3-9cd329ba.jpg,val,rainy,night,night
bc33a49f-cd384f4a.jpg,F:\xlw\bdd100k_final\images\100k\val\bc33a49f-cd384f4a.jpg,val,partly cloudy,daytime,clear
bc39bd15-d825bd1d.jpg,F:\xlw\bdd100k_final\images\100k\val\bc39bd15-d825bd1d.jpg,val,overcast,daytime,clear
bc3aa991-84d583c6.jpg,F:\xlw\bdd100k_final\images\100k\val\bc3aa991-84d583c6.jpg,val,partly cloudy,daytime,clear
bc3edef9-98053500.jpg,F:\xlw\bdd100k_final\images\100k\val\bc3edef9-98053500.jpg,val,clear,daytime,clear
bc3f2e88-543a7c3e.jpg,F:\xlw\bdd100k_final\images\100k\val\bc3f2e88-543a7c3e.jpg,val,partly cloudy,daytime,clear
bc430537-56669f07.jpg,F:\xlw\bdd100k_final\images\100k\val\bc430537-56669f07.jpg,val,snowy,daytime,snow
bc45ad96-42d305c5.jpg,F:\xlw\bdd100k_final\images\100k\val\bc45ad96-42d305c5.jpg,val,clear,night,night
bc46dc69-94e689ae.jpg,F:\xlw\bdd100k_final\images\100k\val\bc46dc69-94e689ae.jpg,val,rainy,night,night
bc470fd9-1cbc318c.jpg,F:\xlw\bdd100k_final\images\100k\val\bc470fd9-1cbc318c.jpg,val,clear,night,night
bc4712a2-1bb55ccc.jpg,F:\xlw\bdd100k_final\images\100k\val\bc4712a2-1bb55ccc.jpg,val,clear,daytime,clear
bc4712a2-b5a5966b.jpg,F:\xlw\bdd100k_final\images\100k\val\bc4712a2-b5a5966b.jpg,val,overcast,daytime,clear
bc4799bc-bc14f187.jpg,F:\xlw\bdd100k_final\images\100k\val\bc4799bc-bc14f187.jpg,val,clear,daytime,clear
bc48608f-1d8fb508.jpg,F:\xlw\bdd100k_final\images\100k\val\bc48608f-1d8fb508.jpg,val,clear,night,night
bc4a16d5-a4cc1adf.jpg,F:\xlw\bdd100k_final\images\100k\val\bc4a16d5-a4cc1adf.jpg,val,snowy,daytime,snow
bc4a16d5-cefa77b6.jpg,F:\xlw\bdd100k_final\images\100k\val\bc4a16d5-cefa77b6.jpg,val,snowy,daytime,snow
bc4b0294-c59cadbf.jpg,F:\xlw\bdd100k_final\images\100k\val\bc4b0294-c59cadbf.jpg,val,clear,night,night
bc4c31e2-f36ad7e8.jpg,F:\xlw\bdd100k_final\images\100k\val\bc4c31e2-f36ad7e8.jpg,val,clear,night,night
bc574681-0a675ff3.jpg,F:\xlw\bdd100k_final\images\100k\val\bc574681-0a675ff3.jpg,val,clear,night,night
bc574681-398fb5d1.jpg,F:\xlw\bdd100k_final\images\100k\val\bc574681-398fb5d1.jpg,val,clear,night,night
bc574681-412ec1a0.jpg,F:\xlw\bdd100k_final\images\100k\val\bc574681-412ec1a0.jpg,val,clear,night,night
bc574681-b63afd9b.jpg,F:\xlw\bdd100k_final\images\100k\val\bc574681-b63afd9b.jpg,val,clear,night,night
bc5bcfab-07883191.jpg,F:\xlw\bdd100k_final\images\100k\val\bc5bcfab-07883191.jpg,val,clear,night,night
bc5bcfab-23b275db.jpg,F:\xlw\bdd100k_final\images\100k\val\bc5bcfab-23b275db.jpg,val,clear,night,night
bc5bcfab-a639a82e.jpg,F:\xlw\bdd100k_final\images\100k\val\bc5bcfab-a639a82e.jpg,val,clear,night,night
bc5bcfab-d233043b.jpg,F:\xlw\bdd100k_final\images\100k\val\bc5bcfab-d233043b.jpg,val,clear,night,night
bc5c87da-f8979312.jpg,F:\xlw\bdd100k_final\images\100k\val\bc5c87da-f8979312.jpg,val,clear,night,night
bc5f4677-58898054.jpg,F:\xlw\bdd100k_final\images\100k\val\bc5f4677-58898054.jpg,val,clear,night,night
bc5fa92b-97ad7b5d.jpg,F:\xlw\bdd100k_final\images\100k\val\bc5fa92b-97ad7b5d.jpg,val,rainy,daytime,rain
bc5fadac-47398ddc.jpg,F:\xlw\bdd100k_final\images\100k\val\bc5fadac-47398ddc.jpg,val,clear,daytime,clear
bc5fadac-790bcdec.jpg,F:\xlw\bdd100k_final\images\100k\val\bc5fadac-790bcdec.jpg,val,clear,daytime,clear
bc5fadac-96776d48.jpg,F:\xlw\bdd100k_final\images\100k\val\bc5fadac-96776d48.jpg,val,clear,daytime,clear
bc5fadac-bc6d38cd.jpg,F:\xlw\bdd100k_final\images\100k\val\bc5fadac-bc6d38cd.jpg,val,clear,daytime,clear
bc5fadac-fa6dd225.jpg,F:\xlw\bdd100k_final\images\100k\val\bc5fadac-fa6dd225.jpg,val,clear,daytime,clear
bc6091c9-30b92a47.jpg,F:\xlw\bdd100k_final\images\100k\val\bc6091c9-30b92a47.jpg,val,clear,daytime,clear
bc6154a5-933918ac.jpg,F:\xlw\bdd100k_final\images\100k\val\bc6154a5-933918ac.jpg,val,clear,night,night
bc619446-d2608304.jpg,F:\xlw\bdd100k_final\images\100k\val\bc619446-d2608304.jpg,val,snowy,daytime,snow
bc621584-fdabaa99.jpg,F:\xlw\bdd100k_final\images\100k\val\bc621584-fdabaa99.jpg,val,overcast,daytime,clear
bc63cae9-0690f6dc.jpg,F:\xlw\bdd100k_final\images\100k\val\bc63cae9-0690f6dc.jpg,val,overcast,daytime,clear
bc64dc6f-3693a933.jpg,F:\xlw\bdd100k_final\images\100k\val\bc64dc6f-3693a933.jpg,val,clear,night,night
bc64dc6f-f36a7b16.jpg,F:\xlw\bdd100k_final\images\100k\val\bc64dc6f-f36a7b16.jpg,val,clear,night,night
bc653df4-b0005237.jpg,F:\xlw\bdd100k_final\images\100k\val\bc653df4-b0005237.jpg,val,clear,night,night
bc66304a-d6caaab5.jpg,F:\xlw\bdd100k_final\images\100k\val\bc66304a-d6caaab5.jpg,val,clear,night,night
bc66fedc-6649b88c.jpg,F:\xlw\bdd100k_final\images\100k\val\bc66fedc-6649b88c.jpg,val,clear,night,night
bc67b362-fb6767aa.jpg,F:\xlw\bdd100k_final\images\100k\val\bc67b362-fb6767aa.jpg,val,clear,daytime,clear
bc67ddf0-874dcf8d.jpg,F:\xlw\bdd100k_final\images\100k\val\bc67ddf0-874dcf8d.jpg,val,clear,daytime,clear
bc692855-0e184c98.jpg,F:\xlw\bdd100k_final\images\100k\val\bc692855-0e184c98.jpg,val,clear,night,night
bc692855-56d61af4.jpg,F:\xlw\bdd100k_final\images\100k\val\bc692855-56d61af4.jpg,val,clear,night,night
bc692855-7c087cf6.jpg,F:\xlw\bdd100k_final\images\100k\val\bc692855-7c087cf6.jpg,val,clear,night,night
bc692855-9a7e7c65.jpg,F:\xlw\bdd100k_final\images\100k\val\bc692855-9a7e7c65.jpg,val,clear,night,night
bc692855-df958197.jpg,F:\xlw\bdd100k_final\images\100k\val\bc692855-df958197.jpg,val,clear,night,night
bc6a2a77-88414eb2.jpg,F:\xlw\bdd100k_final\images\100k\val\bc6a2a77-88414eb2.jpg,val,clear,daytime,clear
bc6a2a77-e9984397.jpg,F:\xlw\bdd100k_final\images\100k\val\bc6a2a77-e9984397.jpg,val,clear,daytime,clear
bc6a6534-8b519e81.jpg,F:\xlw\bdd100k_final\images\100k\val\bc6a6534-8b519e81.jpg,val,overcast,daytime,clear
bc6a6534-e950719c.jpg,F:\xlw\bdd100k_final\images\100k\val\bc6a6534-e950719c.jpg,val,overcast,daytime,clear
bc6da5d0-7ad70fbc.jpg,F:\xlw\bdd100k_final\images\100k\val\bc6da5d0-7ad70fbc.jpg,val,clear,night,night
bc6dd79a-5dbc7538.jpg,F:\xlw\bdd100k_final\images\100k\val\bc6dd79a-5dbc7538.jpg,val,clear,daytime,clear
bc6dd79a-72832b74.jpg,F:\xlw\bdd100k_final\images\100k\val\bc6dd79a-72832b74.jpg,val,clear,daytime,clear
bc6dd79a-fa684758.jpg,F:\xlw\bdd100k_final\images\100k\val\bc6dd79a-fa684758.jpg,val,clear,daytime,clear
bc709acb-5b7fbd2f.jpg,F:\xlw\bdd100k_final\images\100k\val\bc709acb-5b7fbd2f.jpg,val,rainy,night,night
bc715fc7-41291987.jpg,F:\xlw\bdd100k_final\images\100k\val\bc715fc7-41291987.jpg,val,clear,night,night
bc715fc7-70c49d0a.jpg,F:\xlw\bdd100k_final\images\100k\val\bc715fc7-70c49d0a.jpg,val,clear,night,night
bc715fc7-fab6edbb.jpg,F:\xlw\bdd100k_final\images\100k\val\bc715fc7-fab6edbb.jpg,val,clear,night,night
bc72e27e-3c6f35f0.jpg,F:\xlw\bdd100k_final\images\100k\val\bc72e27e-3c6f35f0.jpg,val,partly cloudy,daytime,clear
bc79227e-0a58fb1d.jpg,F:\xlw\bdd100k_final\images\100k\val\bc79227e-0a58fb1d.jpg,val,snowy,night,night
bc79227e-28da8a63.jpg,F:\xlw\bdd100k_final\images\100k\val\bc79227e-28da8a63.jpg,val,snowy,night,night
bc79227e-51c8d967.jpg,F:\xlw\bdd100k_final\images\100k\val\bc79227e-51c8d967.jpg,val,snowy,night,night
bc7a0adc-260a111d.jpg,F:\xlw\bdd100k_final\images\100k\val\bc7a0adc-260a111d.jpg,val,partly cloudy,daytime,clear
bc7a0adc-b360c4b1.jpg,F:\xlw\bdd100k_final\images\100k\val\bc7a0adc-b360c4b1.jpg,val,clear,daytime,clear
bc7a0adc-caf8512c.jpg,F:\xlw\bdd100k_final\images\100k\val\bc7a0adc-caf8512c.jpg,val,partly cloudy,daytime,clear
bc7a7a1f-4d88e416.jpg,F:\xlw\bdd100k_final\images\100k\val\bc7a7a1f-4d88e416.jpg,val,clear,daytime,clear
bc7a7a1f-4e38c1f5.jpg,F:\xlw\bdd100k_final\images\100k\val\bc7a7a1f-4e38c1f5.jpg,val,clear,daytime,clear
bc7a7a1f-64c449cc.jpg,F:\xlw\bdd100k_final\images\100k\val\bc7a7a1f-64c449cc.jpg,val,clear,daytime,clear
bc7a7a1f-dbeb9406.jpg,F:\xlw\bdd100k_final\images\100k\val\bc7a7a1f-dbeb9406.jpg,val,clear,daytime,clear
bc7bc1e5-2c8a6abe.jpg,F:\xlw\bdd100k_final\images\100k\val\bc7bc1e5-2c8a6abe.jpg,val,partly cloudy,daytime,clear
bc7bc1e5-b3223500.jpg,F:\xlw\bdd100k_final\images\100k\val\bc7bc1e5-b3223500.jpg,val,partly cloudy,daytime,clear
bc7c168c-18b8cc31.jpg,F:\xlw\bdd100k_final\images\100k\val\bc7c168c-18b8cc31.jpg,val,clear,night,night
bc7caf3c-da14eed9.jpg,F:\xlw\bdd100k_final\images\100k\val\bc7caf3c-da14eed9.jpg,val,clear,daytime,clear
bc7cbf85-6f37fbdf.jpg,F:\xlw\bdd100k_final\images\100k\val\bc7cbf85-6f37fbdf.jpg,val,clear,night,night
bc7cbf85-85f4301c.jpg,F:\xlw\bdd100k_final\images\100k\val\bc7cbf85-85f4301c.jpg,val,overcast,daytime,clear
bc7e7e2c-3f42fbae.jpg,F:\xlw\bdd100k_final\images\100k\val\bc7e7e2c-3f42fbae.jpg,val,overcast,daytime,clear
bc7e80ed-0011e5a7.jpg,F:\xlw\bdd100k_final\images\100k\val\bc7e80ed-0011e5a7.jpg,val,rainy,night,night
bc80e6a7-46e7ab16.jpg,F:\xlw\bdd100k_final\images\100k\val\bc80e6a7-46e7ab16.jpg,val,clear,night,night
bc80e6a7-5df6e500.jpg,F:\xlw\bdd100k_final\images\100k\val\bc80e6a7-5df6e500.jpg,val,clear,night,night
bc80e6a7-6cd79aeb.jpg,F:\xlw\bdd100k_final\images\100k\val\bc80e6a7-6cd79aeb.jpg,val,rainy,night,night
bc80e6a7-aafb7124.jpg,F:\xlw\bdd100k_final\images\100k\val\bc80e6a7-aafb7124.jpg,val,clear,night,night
bc83797e-8a4b2d6a.jpg,F:\xlw\bdd100k_final\images\100k\val\bc83797e-8a4b2d6a.jpg,val,clear,night,night
bc886b45-3b6d2883.jpg,F:\xlw\bdd100k_final\images\100k\val\bc886b45-3b6d2883.jpg,val,overcast,daytime,clear
bc88c0cd-a78224ad.jpg,F:\xlw\bdd100k_final\images\100k\val\bc88c0cd-a78224ad.jpg,val,snowy,night,night
bc88fd46-45149809.jpg,F:\xlw\bdd100k_final\images\100k\val\bc88fd46-45149809.jpg,val,overcast,daytime,clear
bc88fd46-c20f2648.jpg,F:\xlw\bdd100k_final\images\100k\val\bc88fd46-c20f2648.jpg,val,overcast,daytime,clear
bc896c2e-27a21506.jpg,F:\xlw\bdd100k_final\images\100k\val\bc896c2e-27a21506.jpg,val,clear,night,night
bc896c2e-7b08a3ee.jpg,F:\xlw\bdd100k_final\images\100k\val\bc896c2e-7b08a3ee.jpg,val,clear,night,night
bc8cb926-c12df6cb.jpg,F:\xlw\bdd100k_final\images\100k\val\bc8cb926-c12df6cb.jpg,val,snowy,daytime,snow
bc8ccccd-bbc93b76.jpg,F:\xlw\bdd100k_final\images\100k\val\bc8ccccd-bbc93b76.jpg,val,clear,daytime,clear
bc8e038e-dc636bde.jpg,F:\xlw\bdd100k_final\images\100k\val\bc8e038e-dc636bde.jpg,val,clear,daytime,clear
bc8e1605-4005ee7e.jpg,F:\xlw\bdd100k_final\images\100k\val\bc8e1605-4005ee7e.jpg,val,partly cloudy,daytime,clear
bc8e1605-5c57e4b3.jpg,F:\xlw\bdd100k_final\images\100k\val\bc8e1605-5c57e4b3.jpg,val,clear,daytime,clear
bc8f58aa-05037d38.jpg,F:\xlw\bdd100k_final\images\100k\val\bc8f58aa-05037d38.jpg,val,clear,daytime,clear
bc915645-a19e009d.jpg,F:\xlw\bdd100k_final\images\100k\val\bc915645-a19e009d.jpg,val,clear,night,night
bc92a87d-9d40035e.jpg,F:\xlw\bdd100k_final\images\100k\val\bc92a87d-9d40035e.jpg,val,overcast,daytime,clear
bc92f518-fa316e88.jpg,F:\xlw\bdd100k_final\images\100k\val\bc92f518-fa316e88.jpg,val,clear,daytime,clear
bc97328c-8b9ba7ab.jpg,F:\xlw\bdd100k_final\images\100k\val\bc97328c-8b9ba7ab.jpg,val,clear,daytime,clear
bc978e82-e82eee23.jpg,F:\xlw\bdd100k_final\images\100k\val\bc978e82-e82eee23.jpg,val,clear,daytime,clear
bc9880e2-42c6aaac.jpg,F:\xlw\bdd100k_final\images\100k\val\bc9880e2-42c6aaac.jpg,val,clear,night,night
bc990749-20748014.jpg,F:\xlw\bdd100k_final\images\100k\val\bc990749-20748014.jpg,val,clear,night,night
bc9b5bfb-51ebcf39.jpg,F:\xlw\bdd100k_final\images\100k\val\bc9b5bfb-51ebcf39.jpg,val,clear,daytime,clear
bc9da78f-b423cd9a.jpg,F:\xlw\bdd100k_final\images\100k\val\bc9da78f-b423cd9a.jpg,val,overcast,daytime,clear
bc9df0ab-9ab2350c.jpg,F:\xlw\bdd100k_final\images\100k\val\bc9df0ab-9ab2350c.jpg,val,partly cloudy,daytime,clear
bc9e1979-8b3e9fcc.jpg,F:\xlw\bdd100k_final\images\100k\val\bc9e1979-8b3e9fcc.jpg,val,clear,daytime,clear
bc9e1979-f1fb1692.jpg,F:\xlw\bdd100k_final\images\100k\val\bc9e1979-f1fb1692.jpg,val,clear,daytime,clear
bc9f07c9-31204bc9.jpg,F:\xlw\bdd100k_final\images\100k\val\bc9f07c9-31204bc9.jpg,val,clear,night,night
bc9f07c9-895feb80.jpg,F:\xlw\bdd100k_final\images\100k\val\bc9f07c9-895feb80.jpg,val,clear,night,night
bc9fdda7-9f95011e.jpg,F:\xlw\bdd100k_final\images\100k\val\bc9fdda7-9f95011e.jpg,val,clear,night,night
bc9fdda7-c7198a2e.jpg,F:\xlw\bdd100k_final\images\100k\val\bc9fdda7-c7198a2e.jpg,val,clear,night,night
bca10f4f-2deaf782.jpg,F:\xlw\bdd100k_final\images\100k\val\bca10f4f-2deaf782.jpg,val,rainy,night,night
bca15e46-5d0a4a30.jpg,F:\xlw\bdd100k_final\images\100k\val\bca15e46-5d0a4a30.jpg,val,clear,night,night
bca15e46-a3bc3b7a.jpg,F:\xlw\bdd100k_final\images\100k\val\bca15e46-a3bc3b7a.jpg,val,clear,night,night
bca15e46-df06e85a.jpg,F:\xlw\bdd100k_final\images\100k\val\bca15e46-df06e85a.jpg,val,clear,night,night
bca15e46-ea057e87.jpg,F:\xlw\bdd100k_final\images\100k\val\bca15e46-ea057e87.jpg,val,clear,night,night
bca1da7b-ddeeddb1.jpg,F:\xlw\bdd100k_final\images\100k\val\bca1da7b-ddeeddb1.jpg,val,clear,night,night
bca2410d-f8e930c3.jpg,F:\xlw\bdd100k_final\images\100k\val\bca2410d-f8e930c3.jpg,val,clear,night,night
bca28d76-e40b21eb.jpg,F:\xlw\bdd100k_final\images\100k\val\bca28d76-e40b21eb.jpg,val,overcast,daytime,clear
bca36352-0381818e.jpg,F:\xlw\bdd100k_final\images\100k\val\bca36352-0381818e.jpg,val,snowy,daytime,snow
bca36352-5de70a3f.jpg,F:\xlw\bdd100k_final\images\100k\val\bca36352-5de70a3f.jpg,val,overcast,daytime,clear
bca3720a-3423755f.jpg,F:\xlw\bdd100k_final\images\100k\val\bca3720a-3423755f.jpg,val,clear,night,night
bca3720a-642376aa.jpg,F:\xlw\bdd100k_final\images\100k\val\bca3720a-642376aa.jpg,val,clear,night,night
bca3720a-72374014.jpg,F:\xlw\bdd100k_final\images\100k\val\bca3720a-72374014.jpg,val,rainy,night,night
bca3720a-79a8dc89.jpg,F:\xlw\bdd100k_final\images\100k\val\bca3720a-79a8dc89.jpg,val,rainy,night,night
bca3720a-93049dc4.jpg,F:\xlw\bdd100k_final\images\100k\val\bca3720a-93049dc4.jpg,val,clear,night,night
bca3720a-9c3aad8c.jpg,F:\xlw\bdd100k_final\images\100k\val\bca3720a-9c3aad8c.jpg,val,rainy,night,night
bca3720a-b4a6a4e4.jpg,F:\xlw\bdd100k_final\images\100k\val\bca3720a-b4a6a4e4.jpg,val,rainy,night,night
bca3720a-d372b6ae.jpg,F:\xlw\bdd100k_final\images\100k\val\bca3720a-d372b6ae.jpg,val,rainy,night,night
bca562b0-3ae25344.jpg,F:\xlw\bdd100k_final\images\100k\val\bca562b0-3ae25344.jpg,val,clear,night,night
bca84cbc-1ce525d6.jpg,F:\xlw\bdd100k_final\images\100k\val\bca84cbc-1ce525d6.jpg,val,partly cloudy,daytime,clear
bca84cbc-800427b6.jpg,F:\xlw\bdd100k_final\images\100k\val\bca84cbc-800427b6.jpg,val,overcast,daytime,clear
bcaa771b-5ace3b37.jpg,F:\xlw\bdd100k_final\images\100k\val\bcaa771b-5ace3b37.jpg,val,snowy,daytime,snow
bcaa771b-806e4fcd.jpg,F:\xlw\bdd100k_final\images\100k\val\bcaa771b-806e4fcd.jpg,val,clear,daytime,clear
bcaa771b-a3595511.jpg,F:\xlw\bdd100k_final\images\100k\val\bcaa771b-a3595511.jpg,val,clear,daytime,clear
bcadb48c-9a41d823.jpg,F:\xlw\bdd100k_final\images\100k\val\bcadb48c-9a41d823.jpg,val,clear,daytime,clear
bcadbe99-a0a27cdc.jpg,F:\xlw\bdd100k_final\images\100k\val\bcadbe99-a0a27cdc.jpg,val,clear,night,night
bcade6d5-430ff8e0.jpg,F:\xlw\bdd100k_final\images\100k\val\bcade6d5-430ff8e0.jpg,val,partly cloudy,daytime,clear
bcae6e67-059fedea.jpg,F:\xlw\bdd100k_final\images\100k\val\bcae6e67-059fedea.jpg,val,overcast,daytime,clear
bcaf57de-8a71dbde.jpg,F:\xlw\bdd100k_final\images\100k\val\bcaf57de-8a71dbde.jpg,val,clear,daytime,clear
bcaf73c1-311f299e.jpg,F:\xlw\bdd100k_final\images\100k\val\bcaf73c1-311f299e.jpg,val,clear,night,night
bcaf73c1-3deecc6b.jpg,F:\xlw\bdd100k_final\images\100k\val\bcaf73c1-3deecc6b.jpg,val,clear,night,night
bcaf73c1-434e24ad.jpg,F:\xlw\bdd100k_final\images\100k\val\bcaf73c1-434e24ad.jpg,val,clear,night,night
bcaf73c1-48814a50.jpg,F:\xlw\bdd100k_final\images\100k\val\bcaf73c1-48814a50.jpg,val,clear,night,night
bcaf73c1-64597611.jpg,F:\xlw\bdd100k_final\images\100k\val\bcaf73c1-64597611.jpg,val,clear,night,night
bcaf73c1-6513f406.jpg,F:\xlw\bdd100k_final\images\100k\val\bcaf73c1-6513f406.jpg,val,clear,night,night
bcaf73c1-7b70b7bd.jpg,F:\xlw\bdd100k_final\images\100k\val\bcaf73c1-7b70b7bd.jpg,val,clear,night,night
bcaf73c1-7be6ff05.jpg,F:\xlw\bdd100k_final\images\100k\val\bcaf73c1-7be6ff05.jpg,val,clear,night,night
bcaf73c1-7d7baab1.jpg,F:\xlw\bdd100k_final\images\100k\val\bcaf73c1-7d7baab1.jpg,val,clear,night,night
bcaf73c1-9433521c.jpg,F:\xlw\bdd100k_final\images\100k\val\bcaf73c1-9433521c.jpg,val,clear,night,night
bcaf73c1-9c01f981.jpg,F:\xlw\bdd100k_final\images\100k\val\bcaf73c1-9c01f981.jpg,val,clear,night,night
bcaf73c1-a0f73960.jpg,F:\xlw\bdd100k_final\images\100k\val\bcaf73c1-a0f73960.jpg,val,clear,night,night
bcaf73c1-aaa1ce44.jpg,F:\xlw\bdd100k_final\images\100k\val\bcaf73c1-aaa1ce44.jpg,val,clear,night,night
bcaf73c1-c58fee95.jpg,F:\xlw\bdd100k_final\images\100k\val\bcaf73c1-c58fee95.jpg,val,clear,night,night
bcaf73c1-d7002106.jpg,F:\xlw\bdd100k_final\images\100k\val\bcaf73c1-d7002106.jpg,val,clear,night,night
bcaf73c1-da948771.jpg,F:\xlw\bdd100k_final\images\100k\val\bcaf73c1-da948771.jpg,val,clear,night,night
bcaf73c1-e0c7165a.jpg,F:\xlw\bdd100k_final\images\100k\val\bcaf73c1-e0c7165a.jpg,val,rainy,night,night
bcaf73c1-f32b1d31.jpg,F:\xlw\bdd100k_final\images\100k\val\bcaf73c1-f32b1d31.jpg,val,clear,night,night
bcafa205-40fde1da.jpg,F:\xlw\bdd100k_final\images\100k\val\bcafa205-40fde1da.jpg,val,clear,daytime,clear
bcafa205-9648f156.jpg,F:\xlw\bdd100k_final\images\100k\val\bcafa205-9648f156.jpg,val,clear,night,night
bcb10424-fd2d3e21.jpg,F:\xlw\bdd100k_final\images\100k\val\bcb10424-fd2d3e21.jpg,val,clear,night,night
bcb2c6fd-060efb1b.jpg,F:\xlw\bdd100k_final\images\100k\val\bcb2c6fd-060efb1b.jpg,val,clear,daytime,clear
bcb2c6fd-094b605f.jpg,F:\xlw\bdd100k_final\images\100k\val\bcb2c6fd-094b605f.jpg,val,clear,daytime,clear
bcb356f6-520dd65c.jpg,F:\xlw\bdd100k_final\images\100k\val\bcb356f6-520dd65c.jpg,val,snowy,daytime,snow
bcb3c18a-702288dc.jpg,F:\xlw\bdd100k_final\images\100k\val\bcb3c18a-702288dc.jpg,val,clear,daytime,clear
bcb3c18a-fad48b76.jpg,F:\xlw\bdd100k_final\images\100k\val\bcb3c18a-fad48b76.jpg,val,clear,night,night
bcb441fc-a88da923.jpg,F:\xlw\bdd100k_final\images\100k\val\bcb441fc-a88da923.jpg,val,rainy,night,night
bcbaa999-aeee8ed7.jpg,F:\xlw\bdd100k_final\images\100k\val\bcbaa999-aeee8ed7.jpg,val,clear,night,night
bcbab238-93cacd35.jpg,F:\xlw\bdd100k_final\images\100k\val\bcbab238-93cacd35.jpg,val,overcast,daytime,clear
bcbbfd82-1ca5bba1.jpg,F:\xlw\bdd100k_final\images\100k\val\bcbbfd82-1ca5bba1.jpg,val,clear,night,night
bcbbfd82-add80c05.jpg,F:\xlw\bdd100k_final\images\100k\val\bcbbfd82-add80c05.jpg,val,clear,night,night
bcbbfd82-bcc937d0.jpg,F:\xlw\bdd100k_final\images\100k\val\bcbbfd82-bcc937d0.jpg,val,clear,night,night
bcbbfe2a-33e57bea.jpg,F:\xlw\bdd100k_final\images\100k\val\bcbbfe2a-33e57bea.jpg,val,rainy,daytime,rain
bcbc98a8-5f8e6e4f.jpg,F:\xlw\bdd100k_final\images\100k\val\bcbc98a8-5f8e6e4f.jpg,val,clear,night,night
bcbc98a8-a22cb67b.jpg,F:\xlw\bdd100k_final\images\100k\val\bcbc98a8-a22cb67b.jpg,val,clear,night,night
bcbc98a8-c87dc426.jpg,F:\xlw\bdd100k_final\images\100k\val\bcbc98a8-c87dc426.jpg,val,clear,night,night
bcbd5ef7-af0cef1a.jpg,F:\xlw\bdd100k_final\images\100k\val\bcbd5ef7-af0cef1a.jpg,val,clear,night,night
bcbd66a2-50519d2b.jpg,F:\xlw\bdd100k_final\images\100k\val\bcbd66a2-50519d2b.jpg,val,partly cloudy,daytime,clear
bcbf328d-953430de.jpg,F:\xlw\bdd100k_final\images\100k\val\bcbf328d-953430de.jpg,val,clear,daytime,clear
bcbf4834-ad592e12.jpg,F:\xlw\bdd100k_final\images\100k\val\bcbf4834-ad592e12.jpg,val,clear,daytime,clear
bcbf4834-eed0f97c.jpg,F:\xlw\bdd100k_final\images\100k\val\bcbf4834-eed0f97c.jpg,val,clear,daytime,clear
bcbfab33-5add26c9.jpg,F:\xlw\bdd100k_final\images\100k\val\bcbfab33-5add26c9.jpg,val,clear,daytime,clear
bcbfbfb8-297deca0.jpg,F:\xlw\bdd100k_final\images\100k\val\bcbfbfb8-297deca0.jpg,val,clear,daytime,clear
bcbfbfb8-5defbc12.jpg,F:\xlw\bdd100k_final\images\100k\val\bcbfbfb8-5defbc12.jpg,val,overcast,daytime,clear
bcc4efaf-023c2a93.jpg,F:\xlw\bdd100k_final\images\100k\val\bcc4efaf-023c2a93.jpg,val,partly cloudy,daytime,clear
bcc567b5-5d1fd0d6.jpg,F:\xlw\bdd100k_final\images\100k\val\bcc567b5-5d1fd0d6.jpg,val,clear,night,night
bcc5eb03-0660b926.jpg,F:\xlw\bdd100k_final\images\100k\val\bcc5eb03-0660b926.jpg,val,rainy,night,night
bcc844b0-22c90a40.jpg,F:\xlw\bdd100k_final\images\100k\val\bcc844b0-22c90a40.jpg,val,clear,night,night
bcc84a33-2b38c69f.jpg,F:\xlw\bdd100k_final\images\100k\val\bcc84a33-2b38c69f.jpg,val,rainy,daytime,rain
bcc942dc-d64dc48f.jpg,F:\xlw\bdd100k_final\images\100k\val\bcc942dc-d64dc48f.jpg,val,clear,daytime,clear
bccad38e-0f5097a8.jpg,F:\xlw\bdd100k_final\images\100k\val\bccad38e-0f5097a8.jpg,val,clear,daytime,clear
bccbf939-28a692c6.jpg,F:\xlw\bdd100k_final\images\100k\val\bccbf939-28a692c6.jpg,val,clear,night,night
bccbf939-6f2751c6.jpg,F:\xlw\bdd100k_final\images\100k\val\bccbf939-6f2751c6.jpg,val,clear,night,night
bccd4f82-5c8f9f28.jpg,F:\xlw\bdd100k_final\images\100k\val\bccd4f82-5c8f9f28.jpg,val,clear,daytime,clear
bcd02ab4-440fd7e6.jpg,F:\xlw\bdd100k_final\images\100k\val\bcd02ab4-440fd7e6.jpg,val,overcast,daytime,clear
bcd02ab4-9a15965c.jpg,F:\xlw\bdd100k_final\images\100k\val\bcd02ab4-9a15965c.jpg,val,clear,daytime,clear
bcd166b2-944298cd.jpg,F:\xlw\bdd100k_final\images\100k\val\bcd166b2-944298cd.jpg,val,clear,night,night
bcd32109-8b0b1eef.jpg,F:\xlw\bdd100k_final\images\100k\val\bcd32109-8b0b1eef.jpg,val,snowy,daytime,snow
bcd37eef-1b958ae3.jpg,F:\xlw\bdd100k_final\images\100k\val\bcd37eef-1b958ae3.jpg,val,clear,night,night
bcd37eef-4eabe9f6.jpg,F:\xlw\bdd100k_final\images\100k\val\bcd37eef-4eabe9f6.jpg,val,clear,night,night
bcd53258-8754ded0.jpg,F:\xlw\bdd100k_final\images\100k\val\bcd53258-8754ded0.jpg,val,rainy,daytime,rain
bcd596fa-74094968.jpg,F:\xlw\bdd100k_final\images\100k\val\bcd596fa-74094968.jpg,val,clear,daytime,clear
bcd596fa-d4c78bb9.jpg,F:\xlw\bdd100k_final\images\100k\val\bcd596fa-d4c78bb9.jpg,val,clear,daytime,clear
bcd8fde8-51118aa7.jpg,F:\xlw\bdd100k_final\images\100k\val\bcd8fde8-51118aa7.jpg,val,clear,night,night
bcd900a7-02adf687.jpg,F:\xlw\bdd100k_final\images\100k\val\bcd900a7-02adf687.jpg,val,overcast,daytime,clear
bcd9f474-7f12bf92.jpg,F:\xlw\bdd100k_final\images\100k\val\bcd9f474-7f12bf92.jpg,val,clear,night,night
bcd9f474-c3a440b8.jpg,F:\xlw\bdd100k_final\images\100k\val\bcd9f474-c3a440b8.jpg,val,clear,night,night
bcde71de-1bf86b19.jpg,F:\xlw\bdd100k_final\images\100k\val\bcde71de-1bf86b19.jpg,val,clear,daytime,clear
bcde71de-211d8a7d.jpg,F:\xlw\bdd100k_final\images\100k\val\bcde71de-211d8a7d.jpg,val,clear,daytime,clear
bcde71de-fcf3da5c.jpg,F:\xlw\bdd100k_final\images\100k\val\bcde71de-fcf3da5c.jpg,val,clear,daytime,clear
bce05158-6821fc1f.jpg,F:\xlw\bdd100k_final\images\100k\val\bce05158-6821fc1f.jpg,val,clear,night,night
bce0e6a5-b08b2906.jpg,F:\xlw\bdd100k_final\images\100k\val\bce0e6a5-b08b2906.jpg,val,clear,night,night
bce1e185-c51123bb.jpg,F:\xlw\bdd100k_final\images\100k\val\bce1e185-c51123bb.jpg,val,clear,daytime,clear
bce1e185-db36dbdc.jpg,F:\xlw\bdd100k_final\images\100k\val\bce1e185-db36dbdc.jpg,val,clear,daytime,clear
bce2038a-e0f8e4ba.jpg,F:\xlw\bdd100k_final\images\100k\val\bce2038a-e0f8e4ba.jpg,val,clear,night,night
bce30c65-fbfaa66a.jpg,F:\xlw\bdd100k_final\images\100k\val\bce30c65-fbfaa66a.jpg,val,clear,night,night
bce62e5c-19d7f2ce.jpg,F:\xlw\bdd100k_final\images\100k\val\bce62e5c-19d7f2ce.jpg,val,partly cloudy,daytime,clear
bce89210-5c5a9657.jpg,F:\xlw\bdd100k_final\images\100k\val\bce89210-5c5a9657.jpg,val,clear,night,night
bce8d1ba-60984f07.jpg,F:\xlw\bdd100k_final\images\100k\val\bce8d1ba-60984f07.jpg,val,clear,night,night
bcea7303-fc913f70.jpg,F:\xlw\bdd100k_final\images\100k\val\bcea7303-fc913f70.jpg,val,clear,daytime,clear
bceab139-bcc7b224.jpg,F:\xlw\bdd100k_final\images\100k\val\bceab139-bcc7b224.jpg,val,clear,night,night
bced42eb-bfff2d8f.jpg,F:\xlw\bdd100k_final\images\100k\val\bced42eb-bfff2d8f.jpg,val,overcast,daytime,clear
bcef3e08-16df1f59.jpg,F:\xlw\bdd100k_final\images\100k\val\bcef3e08-16df1f59.jpg,val,overcast,daytime,clear
bcef3e08-801cf8bd.jpg,F:\xlw\bdd100k_final\images\100k\val\bcef3e08-801cf8bd.jpg,val,snowy,night,night
bcef3e08-9d61dcb5.jpg,F:\xlw\bdd100k_final\images\100k\val\bcef3e08-9d61dcb5.jpg,val,clear,night,night
bcef7536-5c2e5a49.jpg,F:\xlw\bdd100k_final\images\100k\val\bcef7536-5c2e5a49.jpg,val,clear,night,night
bcf0401c-3f464d19.jpg,F:\xlw\bdd100k_final\images\100k\val\bcf0401c-3f464d19.jpg,val,clear,night,night
bcf483bd-153ab23c.jpg,F:\xlw\bdd100k_final\images\100k\val\bcf483bd-153ab23c.jpg,val,clear,night,night
bcf55067-920ad457.jpg,F:\xlw\bdd100k_final\images\100k\val\bcf55067-920ad457.jpg,val,clear,daytime,clear
bcf55067-c58fe85b.jpg,F:\xlw\bdd100k_final\images\100k\val\bcf55067-c58fe85b.jpg,val,clear,night,night
bcf7f6b9-8819dc29.jpg,F:\xlw\bdd100k_final\images\100k\val\bcf7f6b9-8819dc29.jpg,val,clear,daytime,clear
bcf7f6b9-88bfed8f.jpg,F:\xlw\bdd100k_final\images\100k\val\bcf7f6b9-88bfed8f.jpg,val,clear,daytime,clear
bcf7f6b9-fc7c487f.jpg,F:\xlw\bdd100k_final\images\100k\val\bcf7f6b9-fc7c487f.jpg,val,clear,daytime,clear
bcf80398-cbb33b84.jpg,F:\xlw\bdd100k_final\images\100k\val\bcf80398-cbb33b84.jpg,val,snowy,daytime,snow
bcf8b229-8bcd6901.jpg,F:\xlw\bdd100k_final\images\100k\val\bcf8b229-8bcd6901.jpg,val,rainy,night,night
bcf9cd99-5a125838.jpg,F:\xlw\bdd100k_final\images\100k\val\bcf9cd99-5a125838.jpg,val,clear,daytime,clear
bcfc54ad-c713893a.jpg,F:\xlw\bdd100k_final\images\100k\val\bcfc54ad-c713893a.jpg,val,snowy,night,night
bcfdd6af-698c03e3.jpg,F:\xlw\bdd100k_final\images\100k\val\bcfdd6af-698c03e3.jpg,val,snowy,daytime,snow
bcfdd6af-c3d0b55a.jpg,F:\xlw\bdd100k_final\images\100k\val\bcfdd6af-c3d0b55a.jpg,val,clear,daytime,clear
bd026bc5-1d80043b.jpg,F:\xlw\bdd100k_final\images\100k\val\bd026bc5-1d80043b.jpg,val,overcast,daytime,clear
bd026bc5-7d3bf0ef.jpg,F:\xlw\bdd100k_final\images\100k\val\bd026bc5-7d3bf0ef.jpg,val,overcast,daytime,clear
bd026bc5-9418706c.jpg,F:\xlw\bdd100k_final\images\100k\val\bd026bc5-9418706c.jpg,val,overcast,daytime,clear
bd0380e5-bc2886de.jpg,F:\xlw\bdd100k_final\images\100k\val\bd0380e5-bc2886de.jpg,val,clear,daytime,clear
bd0380e5-de0cc7cb.jpg,F:\xlw\bdd100k_final\images\100k\val\bd0380e5-de0cc7cb.jpg,val,clear,daytime,clear
bd0550ce-ad1da2ed.jpg,F:\xlw\bdd100k_final\images\100k\val\bd0550ce-ad1da2ed.jpg,val,clear,night,night
bd056a69-676260f6.jpg,F:\xlw\bdd100k_final\images\100k\val\bd056a69-676260f6.jpg,val,partly cloudy,daytime,clear
bd05c4b3-a22bd6c8.jpg,F:\xlw\bdd100k_final\images\100k\val\bd05c4b3-a22bd6c8.jpg,val,clear,daytime,clear
bd08d471-cb9e4be6.jpg,F:\xlw\bdd100k_final\images\100k\val\bd08d471-cb9e4be6.jpg,val,clear,night,night
bd0a1433-99c735e8.jpg,F:\xlw\bdd100k_final\images\100k\val\bd0a1433-99c735e8.jpg,val,partly cloudy,daytime,clear
bd0db9ed-cdca9422.jpg,F:\xlw\bdd100k_final\images\100k\val\bd0db9ed-cdca9422.jpg,val,rainy,night,night
bd115f00-0b9baf0b.jpg,F:\xlw\bdd100k_final\images\100k\val\bd115f00-0b9baf0b.jpg,val,clear,night,night
bd121728-992c6e4f.jpg,F:\xlw\bdd100k_final\images\100k\val\bd121728-992c6e4f.jpg,val,partly cloudy,daytime,clear
bd137ab1-ab686c3d.jpg,F:\xlw\bdd100k_final\images\100k\val\bd137ab1-ab686c3d.jpg,val,clear,night,night
bd138b54-7e85623f.jpg,F:\xlw\bdd100k_final\images\100k\val\bd138b54-7e85623f.jpg,val,clear,daytime,clear
bd1416c5-7de887bb.jpg,F:\xlw\bdd100k_final\images\100k\val\bd1416c5-7de887bb.jpg,val,partly cloudy,daytime,clear
bd1416c5-e973335b.jpg,F:\xlw\bdd100k_final\images\100k\val\bd1416c5-e973335b.jpg,val,clear,daytime,clear
bd14a97d-cb209ed9.jpg,F:\xlw\bdd100k_final\images\100k\val\bd14a97d-cb209ed9.jpg,val,clear,night,night
bd16d59f-bd4eedcd.jpg,F:\xlw\bdd100k_final\images\100k\val\bd16d59f-bd4eedcd.jpg,val,rainy,night,night
bd17816c-ad66db63.jpg,F:\xlw\bdd100k_final\images\100k\val\bd17816c-ad66db63.jpg,val,overcast,daytime,clear
bd1a890a-bfdbea88.jpg,F:\xlw\bdd100k_final\images\100k\val\bd1a890a-bfdbea88.jpg,val,overcast,daytime,clear
bd1ae0c2-a649baaa.jpg,F:\xlw\bdd100k_final\images\100k\val\bd1ae0c2-a649baaa.jpg,val,clear,night,night
bd1ae0c2-dfbaafca.jpg,F:\xlw\bdd100k_final\images\100k\val\bd1ae0c2-dfbaafca.jpg,val,clear,night,night
bd1b8b79-49b0729c.jpg,F:\xlw\bdd100k_final\images\100k\val\bd1b8b79-49b0729c.jpg,val,rainy,night,night
bd1b8b79-6a41406e.jpg,F:\xlw\bdd100k_final\images\100k\val\bd1b8b79-6a41406e.jpg,val,rainy,night,night
bd1b8b79-829e787f.jpg,F:\xlw\bdd100k_final\images\100k\val\bd1b8b79-829e787f.jpg,val,rainy,night,night
bd1b8b79-b42eda04.jpg,F:\xlw\bdd100k_final\images\100k\val\bd1b8b79-b42eda04.jpg,val,rainy,night,night
bd1b8b79-ba219f33.jpg,F:\xlw\bdd100k_final\images\100k\val\bd1b8b79-ba219f33.jpg,val,rainy,night,night
bd1b8b79-eb8f047f.jpg,F:\xlw\bdd100k_final\images\100k\val\bd1b8b79-eb8f047f.jpg,val,rainy,night,night
bd1bdca8-3cc740b7.jpg,F:\xlw\bdd100k_final\images\100k\val\bd1bdca8-3cc740b7.jpg,val,overcast,daytime,clear
bd1c6dd5-1534269e.jpg,F:\xlw\bdd100k_final\images\100k\val\bd1c6dd5-1534269e.jpg,val,clear,daytime,clear
bd1cf9f7-e0d0fcd9.jpg,F:\xlw\bdd100k_final\images\100k\val\bd1cf9f7-e0d0fcd9.jpg,val,snowy,night,night
bd1d310c-f5fb429f.jpg,F:\xlw\bdd100k_final\images\100k\val\bd1d310c-f5fb429f.jpg,val,clear,daytime,clear
bd1d6a81-01f9b2c4.jpg,F:\xlw\bdd100k_final\images\100k\val\bd1d6a81-01f9b2c4.jpg,val,clear,daytime,clear
bd1e4e5b-2a9ffc3f.jpg,F:\xlw\bdd100k_final\images\100k\val\bd1e4e5b-2a9ffc3f.jpg,val,clear,night,night
bd1e4e5b-694e62a6.jpg,F:\xlw\bdd100k_final\images\100k\val\bd1e4e5b-694e62a6.jpg,val,clear,night,night
bd1e4e5b-cefe603f.jpg,F:\xlw\bdd100k_final\images\100k\val\bd1e4e5b-cefe603f.jpg,val,clear,night,night
bd204fcd-75ab6967.jpg,F:\xlw\bdd100k_final\images\100k\val\bd204fcd-75ab6967.jpg,val,clear,daytime,clear
bd21d7a7-85941f4d.jpg,F:\xlw\bdd100k_final\images\100k\val\bd21d7a7-85941f4d.jpg,val,clear,night,night
bd22225e-3eeb6fda.jpg,F:\xlw\bdd100k_final\images\100k\val\bd22225e-3eeb6fda.jpg,val,clear,night,night
bd22225e-664f20be.jpg,F:\xlw\bdd100k_final\images\100k\val\bd22225e-664f20be.jpg,val,clear,night,night
bd239c09-07398e07.jpg,F:\xlw\bdd100k_final\images\100k\val\bd239c09-07398e07.jpg,val,clear,night,night
bd239c09-f3112785.jpg,F:\xlw\bdd100k_final\images\100k\val\bd239c09-f3112785.jpg,val,clear,night,night
bd2646a4-977c94a5.jpg,F:\xlw\bdd100k_final\images\100k\val\bd2646a4-977c94a5.jpg,val,clear,daytime,clear
bd28ebc2-4de19d20.jpg,F:\xlw\bdd100k_final\images\100k\val\bd28ebc2-4de19d20.jpg,val,clear,daytime,clear
bd290539-038f7b75.jpg,F:\xlw\bdd100k_final\images\100k\val\bd290539-038f7b75.jpg,val,clear,night,night
bd290539-e1efc276.jpg,F:\xlw\bdd100k_final\images\100k\val\bd290539-e1efc276.jpg,val,clear,night,night
bd290539-e7fe47b4.jpg,F:\xlw\bdd100k_final\images\100k\val\bd290539-e7fe47b4.jpg,val,clear,night,night
bd2fd996-71e2a020.jpg,F:\xlw\bdd100k_final\images\100k\val\bd2fd996-71e2a020.jpg,val,clear,daytime,clear
bd2fd996-9d659d30.jpg,F:\xlw\bdd100k_final\images\100k\val\bd2fd996-9d659d30.jpg,val,clear,night,night
bd320d5f-f6fd0850.jpg,F:\xlw\bdd100k_final\images\100k\val\bd320d5f-f6fd0850.jpg,val,overcast,daytime,clear
bd338426-4b27de63.jpg,F:\xlw\bdd100k_final\images\100k\val\bd338426-4b27de63.jpg,val,clear,daytime,clear
bd338426-a0b4e877.jpg,F:\xlw\bdd100k_final\images\100k\val\bd338426-a0b4e877.jpg,val,clear,daytime,clear
bd34d992-8b08de8e.jpg,F:\xlw\bdd100k_final\images\100k\val\bd34d992-8b08de8e.jpg,val,snowy,daytime,snow
bd354e59-e5a9e8c6.jpg,F:\xlw\bdd100k_final\images\100k\val\bd354e59-e5a9e8c6.jpg,val,overcast,daytime,clear
bd355fcc-5054cb5f.jpg,F:\xlw\bdd100k_final\images\100k\val\bd355fcc-5054cb5f.jpg,val,overcast,daytime,clear
bd355fcc-63dd68f2.jpg,F:\xlw\bdd100k_final\images\100k\val\bd355fcc-63dd68f2.jpg,val,clear,night,night
bd355fcc-677a5dc3.jpg,F:\xlw\bdd100k_final\images\100k\val\bd355fcc-677a5dc3.jpg,val,clear,night,night
bd355fcc-6e341b88.jpg,F:\xlw\bdd100k_final\images\100k\val\bd355fcc-6e341b88.jpg,val,partly cloudy,daytime,clear
bd355fcc-866c64d7.jpg,F:\xlw\bdd100k_final\images\100k\val\bd355fcc-866c64d7.jpg,val,clear,night,night
bd355fcc-b2b25a24.jpg,F:\xlw\bdd100k_final\images\100k\val\bd355fcc-b2b25a24.jpg,val,clear,night,night
bd355fcc-bbc127e0.jpg,F:\xlw\bdd100k_final\images\100k\val\bd355fcc-bbc127e0.jpg,val,clear,night,night
bd355fcc-bbe3eda5.jpg,F:\xlw\bdd100k_final\images\100k\val\bd355fcc-bbe3eda5.jpg,val,clear,daytime,clear
bd355fcc-be35dcf2.jpg,F:\xlw\bdd100k_final\images\100k\val\bd355fcc-be35dcf2.jpg,val,clear,night,night
bd355fcc-c72ca547.jpg,F:\xlw\bdd100k_final\images\100k\val\bd355fcc-c72ca547.jpg,val,clear,night,night
bd355fcc-c7aa3ca3.jpg,F:\xlw\bdd100k_final\images\100k\val\bd355fcc-c7aa3ca3.jpg,val,clear,night,night
bd39c71a-5f45bcc3.jpg,F:\xlw\bdd100k_final\images\100k\val\bd39c71a-5f45bcc3.jpg,val,clear,night,night
bd3a9dfd-4b1dd476.jpg,F:\xlw\bdd100k_final\images\100k\val\bd3a9dfd-4b1dd476.jpg,val,clear,daytime,clear
bd3bd3ab-4c7b11e8.jpg,F:\xlw\bdd100k_final\images\100k\val\bd3bd3ab-4c7b11e8.jpg,val,clear,night,night
bd3bd3ab-79f6d287.jpg,F:\xlw\bdd100k_final\images\100k\val\bd3bd3ab-79f6d287.jpg,val,rainy,night,night
bd3bd3ab-8e38f822.jpg,F:\xlw\bdd100k_final\images\100k\val\bd3bd3ab-8e38f822.jpg,val,clear,daytime,clear
bd3bd3ab-95751d80.jpg,F:\xlw\bdd100k_final\images\100k\val\bd3bd3ab-95751d80.jpg,val,clear,night,night
bd3bd3ab-c51f41b3.jpg,F:\xlw\bdd100k_final\images\100k\val\bd3bd3ab-c51f41b3.jpg,val,clear,daytime,clear
bd3bfd8d-733939c0.jpg,F:\xlw\bdd100k_final\images\100k\val\bd3bfd8d-733939c0.jpg,val,clear,night,night
bd3c3916-579aeb09.jpg,F:\xlw\bdd100k_final\images\100k\val\bd3c3916-579aeb09.jpg,val,clear,night,night
bd3dc2ff-243f2c63.jpg,F:\xlw\bdd100k_final\images\100k\val\bd3dc2ff-243f2c63.jpg,val,snowy,daytime,snow
bd415d27-9b1d4637.jpg,F:\xlw\bdd100k_final\images\100k\val\bd415d27-9b1d4637.jpg,val,clear,night,night
bd422ce5-0045fc82.jpg,F:\xlw\bdd100k_final\images\100k\val\bd422ce5-0045fc82.jpg,val,clear,night,night
bd442c6f-16ff171d.jpg,F:\xlw\bdd100k_final\images\100k\val\bd442c6f-16ff171d.jpg,val,overcast,daytime,clear
bd442c6f-29611c5e.jpg,F:\xlw\bdd100k_final\images\100k\val\bd442c6f-29611c5e.jpg,val,clear,night,night
bd442c6f-d404189c.jpg,F:\xlw\bdd100k_final\images\100k\val\bd442c6f-d404189c.jpg,val,overcast,daytime,clear
bd4518ef-21d8ee40.jpg,F:\xlw\bdd100k_final\images\100k\val\bd4518ef-21d8ee40.jpg,val,clear,night,night
bd4518ef-c38baa13.jpg,F:\xlw\bdd100k_final\images\100k\val\bd4518ef-c38baa13.jpg,val,clear,night,night
bd46953e-1bb2f914.jpg,F:\xlw\bdd100k_final\images\100k\val\bd46953e-1bb2f914.jpg,val,overcast,daytime,clear
bd46953e-3f51d76e.jpg,F:\xlw\bdd100k_final\images\100k\val\bd46953e-3f51d76e.jpg,val,overcast,daytime,clear
bd46bba0-926dc1db.jpg,F:\xlw\bdd100k_final\images\100k\val\bd46bba0-926dc1db.jpg,val,clear,daytime,clear
bd46bba0-fadf1d6d.jpg,F:\xlw\bdd100k_final\images\100k\val\bd46bba0-fadf1d6d.jpg,val,clear,daytime,clear
bd4a61fd-4b64ea82.jpg,F:\xlw\bdd100k_final\images\100k\val\bd4a61fd-4b64ea82.jpg,val,clear,night,night
bd4a61fd-89e74e0f.jpg,F:\xlw\bdd100k_final\images\100k\val\bd4a61fd-89e74e0f.jpg,val,clear,night,night
bd4a61fd-fb447d72.jpg,F:\xlw\bdd100k_final\images\100k\val\bd4a61fd-fb447d72.jpg,val,clear,night,night
bd4c1d7e-24700e36.jpg,F:\xlw\bdd100k_final\images\100k\val\bd4c1d7e-24700e36.jpg,val,overcast,daytime,clear
bd4c8e34-0a6f19e0.jpg,F:\xlw\bdd100k_final\images\100k\val\bd4c8e34-0a6f19e0.jpg,val,clear,daytime,clear
bd4f2165-76098163.jpg,F:\xlw\bdd100k_final\images\100k\val\bd4f2165-76098163.jpg,val,clear,night,night
bd50478a-4eb79ba3.jpg,F:\xlw\bdd100k_final\images\100k\val\bd50478a-4eb79ba3.jpg,val,clear,daytime,clear
bd50478a-7c1e236c.jpg,F:\xlw\bdd100k_final\images\100k\val\bd50478a-7c1e236c.jpg,val,clear,night,night
bd50478a-8a65e55f.jpg,F:\xlw\bdd100k_final\images\100k\val\bd50478a-8a65e55f.jpg,val,partly cloudy,daytime,clear
bd50478a-9599eab3.jpg,F:\xlw\bdd100k_final\images\100k\val\bd50478a-9599eab3.jpg,val,overcast,daytime,clear
bd505c1f-26a9accf.jpg,F:\xlw\bdd100k_final\images\100k\val\bd505c1f-26a9accf.jpg,val,clear,night,night
bd507fe5-c54d7cb2.jpg,F:\xlw\bdd100k_final\images\100k\val\bd507fe5-c54d7cb2.jpg,val,rainy,daytime,rain
bd507fe5-eca39153.jpg,F:\xlw\bdd100k_final\images\100k\val\bd507fe5-eca39153.jpg,val,rainy,daytime,rain
bd50d9a3-1e2466bf.jpg,F:\xlw\bdd100k_final\images\100k\val\bd50d9a3-1e2466bf.jpg,val,clear,night,night
bd512863-2e6735a4.jpg,F:\xlw\bdd100k_final\images\100k\val\bd512863-2e6735a4.jpg,val,clear,daytime,clear
bd512863-814ab9b3.jpg,F:\xlw\bdd100k_final\images\100k\val\bd512863-814ab9b3.jpg,val,clear,daytime,clear
bd51fb57-1ac69b0a.jpg,F:\xlw\bdd100k_final\images\100k\val\bd51fb57-1ac69b0a.jpg,val,clear,night,night
bd51fb57-d6436f78.jpg,F:\xlw\bdd100k_final\images\100k\val\bd51fb57-d6436f78.jpg,val,clear,night,night
bd51fb57-fee52768.jpg,F:\xlw\bdd100k_final\images\100k\val\bd51fb57-fee52768.jpg,val,clear,night,night
bd52701c-66ce9738.jpg,F:\xlw\bdd100k_final\images\100k\val\bd52701c-66ce9738.jpg,val,overcast,daytime,clear
bd554ae8-2c8c08df.jpg,F:\xlw\bdd100k_final\images\100k\val\bd554ae8-2c8c08df.jpg,val,clear,night,night
bd554ae8-bcb18664.jpg,F:\xlw\bdd100k_final\images\100k\val\bd554ae8-bcb18664.jpg,val,clear,night,night
bd57e60e-04fe485e.jpg,F:\xlw\bdd100k_final\images\100k\val\bd57e60e-04fe485e.jpg,val,overcast,daytime,clear
bd57e60e-1e11a4e0.jpg,F:\xlw\bdd100k_final\images\100k\val\bd57e60e-1e11a4e0.jpg,val,clear,night,night
bd57e60e-504a870b.jpg,F:\xlw\bdd100k_final\images\100k\val\bd57e60e-504a870b.jpg,val,clear,daytime,clear
bd57e60e-d36607eb.jpg,F:\xlw\bdd100k_final\images\100k\val\bd57e60e-d36607eb.jpg,val,clear,night,night
bd5a0062-2a7bbf28.jpg,F:\xlw\bdd100k_final\images\100k\val\bd5a0062-2a7bbf28.jpg,val,clear,night,night
bd5a0062-a5d1cf03.jpg,F:\xlw\bdd100k_final\images\100k\val\bd5a0062-a5d1cf03.jpg,val,clear,night,night
bd5a0062-af4b8c8c.jpg,F:\xlw\bdd100k_final\images\100k\val\bd5a0062-af4b8c8c.jpg,val,clear,night,night
bd5a0062-b4ca75f1.jpg,F:\xlw\bdd100k_final\images\100k\val\bd5a0062-b4ca75f1.jpg,val,clear,night,night
bd5a0062-f2543986.jpg,F:\xlw\bdd100k_final\images\100k\val\bd5a0062-f2543986.jpg,val,clear,night,night
bd5bb58b-24a6f5e7.jpg,F:\xlw\bdd100k_final\images\100k\val\bd5bb58b-24a6f5e7.jpg,val,clear,night,night
bd5bb58b-7087c7f3.jpg,F:\xlw\bdd100k_final\images\100k\val\bd5bb58b-7087c7f3.jpg,val,clear,night,night
bd5bb58b-7c049603.jpg,F:\xlw\bdd100k_final\images\100k\val\bd5bb58b-7c049603.jpg,val,clear,night,night
bd5bb58b-7daa536b.jpg,F:\xlw\bdd100k_final\images\100k\val\bd5bb58b-7daa536b.jpg,val,clear,night,night
bd5c34f4-32c7b145.jpg,F:\xlw\bdd100k_final\images\100k\val\bd5c34f4-32c7b145.jpg,val,clear,night,night
bd5c34f4-52ef24cd.jpg,F:\xlw\bdd100k_final\images\100k\val\bd5c34f4-52ef24cd.jpg,val,clear,daytime,clear
bd5c34f4-f39f6dfc.jpg,F:\xlw\bdd100k_final\images\100k\val\bd5c34f4-f39f6dfc.jpg,val,clear,daytime,clear
bd5cf21a-e6b9587e.jpg,F:\xlw\bdd100k_final\images\100k\val\bd5cf21a-e6b9587e.jpg,val,snowy,daytime,snow
bd5d35a0-1357b0da.jpg,F:\xlw\bdd100k_final\images\100k\val\bd5d35a0-1357b0da.jpg,val,clear,daytime,clear
bd5e7386-b01b09fb.jpg,F:\xlw\bdd100k_final\images\100k\val\bd5e7386-b01b09fb.jpg,val,overcast,daytime,clear
bd5e847a-dd8e1bb1.jpg,F:\xlw\bdd100k_final\images\100k\val\bd5e847a-dd8e1bb1.jpg,val,clear,daytime,clear
bd5e847a-fff41819.jpg,F:\xlw\bdd100k_final\images\100k\val\bd5e847a-fff41819.jpg,val,clear,daytime,clear
bd5f0e20-1792f900.jpg,F:\xlw\bdd100k_final\images\100k\val\bd5f0e20-1792f900.jpg,val,partly cloudy,daytime,clear
bd5f8f37-b3008fa1.jpg,F:\xlw\bdd100k_final\images\100k\val\bd5f8f37-b3008fa1.jpg,val,overcast,daytime,clear
bd5fe5fb-dfcd1cd2.jpg,F:\xlw\bdd100k_final\images\100k\val\bd5fe5fb-dfcd1cd2.jpg,val,clear,daytime,clear
bd60211c-07f21245.jpg,F:\xlw\bdd100k_final\images\100k\val\bd60211c-07f21245.jpg,val,clear,daytime,clear
bd605431-86ad04a8.jpg,F:\xlw\bdd100k_final\images\100k\val\bd605431-86ad04a8.jpg,val,clear,night,night
bd60d984-66b1a49f.jpg,F:\xlw\bdd100k_final\images\100k\val\bd60d984-66b1a49f.jpg,val,clear,night,night
bd626633-996f4be9.jpg,F:\xlw\bdd100k_final\images\100k\val\bd626633-996f4be9.jpg,val,clear,night,night
bd626633-ad3626a7.jpg,F:\xlw\bdd100k_final\images\100k\val\bd626633-ad3626a7.jpg,val,clear,night,night
bd64fd99-26f9d430.jpg,F:\xlw\bdd100k_final\images\100k\val\bd64fd99-26f9d430.jpg,val,clear,night,night
bd64fd99-8e69563f.jpg,F:\xlw\bdd100k_final\images\100k\val\bd64fd99-8e69563f.jpg,val,clear,night,night
bd656105-db296383.jpg,F:\xlw\bdd100k_final\images\100k\val\bd656105-db296383.jpg,val,rainy,night,night
bd656105-ed6f8161.jpg,F:\xlw\bdd100k_final\images\100k\val\bd656105-ed6f8161.jpg,val,overcast,daytime,clear
bd656105-efa0deab.jpg,F:\xlw\bdd100k_final\images\100k\val\bd656105-efa0deab.jpg,val,clear,night,night
bd656502-f04cf4da.jpg,F:\xlw\bdd100k_final\images\100k\val\bd656502-f04cf4da.jpg,val,clear,night,night
bd6587ba-95d6751f.jpg,F:\xlw\bdd100k_final\images\100k\val\bd6587ba-95d6751f.jpg,val,clear,night,night
bd65dd37-4c3cdf2d.jpg,F:\xlw\bdd100k_final\images\100k\val\bd65dd37-4c3cdf2d.jpg,val,clear,daytime,clear
bd67113a-5b83fcdb.jpg,F:\xlw\bdd100k_final\images\100k\val\bd67113a-5b83fcdb.jpg,val,snowy,night,night
bd686201-03e84da0.jpg,F:\xlw\bdd100k_final\images\100k\val\bd686201-03e84da0.jpg,val,clear,night,night
bd6a2c09-b3b84f57.jpg,F:\xlw\bdd100k_final\images\100k\val\bd6a2c09-b3b84f57.jpg,val,clear,night,night
bd6b95b2-28d783a3.jpg,F:\xlw\bdd100k_final\images\100k\val\bd6b95b2-28d783a3.jpg,val,clear,night,night
bd6ca291-923cc95a.jpg,F:\xlw\bdd100k_final\images\100k\val\bd6ca291-923cc95a.jpg,val,clear,daytime,clear
bd6ca291-fe4a1b48.jpg,F:\xlw\bdd100k_final\images\100k\val\bd6ca291-fe4a1b48.jpg,val,partly cloudy,daytime,clear
bd6dcefc-3af00f57.jpg,F:\xlw\bdd100k_final\images\100k\val\bd6dcefc-3af00f57.jpg,val,clear,night,night
bd6dcefc-68d695b9.jpg,F:\xlw\bdd100k_final\images\100k\val\bd6dcefc-68d695b9.jpg,val,clear,night,night
bd70577b-474e104b.jpg,F:\xlw\bdd100k_final\images\100k\val\bd70577b-474e104b.jpg,val,clear,night,night
bd70577b-57a066d8.jpg,F:\xlw\bdd100k_final\images\100k\val\bd70577b-57a066d8.jpg,val,clear,night,night
bd715c1c-09221d95.jpg,F:\xlw\bdd100k_final\images\100k\val\bd715c1c-09221d95.jpg,val,clear,night,night
bd735753-10912d8b.jpg,F:\xlw\bdd100k_final\images\100k\val\bd735753-10912d8b.jpg,val,clear,daytime,clear
bd735753-1451d21f.jpg,F:\xlw\bdd100k_final\images\100k\val\bd735753-1451d21f.jpg,val,clear,daytime,clear
bd735753-49b2ce68.jpg,F:\xlw\bdd100k_final\images\100k\val\bd735753-49b2ce68.jpg,val,clear,daytime,clear
bd735753-5d67127a.jpg,F:\xlw\bdd100k_final\images\100k\val\bd735753-5d67127a.jpg,val,clear,daytime,clear
bd75454a-69e7f645.jpg,F:\xlw\bdd100k_final\images\100k\val\bd75454a-69e7f645.jpg,val,clear,night,night
bd75e563-15ee6e1d.jpg,F:\xlw\bdd100k_final\images\100k\val\bd75e563-15ee6e1d.jpg,val,overcast,daytime,clear
bd7c460d-4a317a77.jpg,F:\xlw\bdd100k_final\images\100k\val\bd7c460d-4a317a77.jpg,val,overcast,daytime,clear
bd7cb9e1-65b08f46.jpg,F:\xlw\bdd100k_final\images\100k\val\bd7cb9e1-65b08f46.jpg,val,clear,night,night
bd7cb9e1-eb5b2227.jpg,F:\xlw\bdd100k_final\images\100k\val\bd7cb9e1-eb5b2227.jpg,val,clear,night,night
bd7ccf83-18bccb70.jpg,F:\xlw\bdd100k_final\images\100k\val\bd7ccf83-18bccb70.jpg,val,clear,night,night
bd7d1552-c7a94b06.jpg,F:\xlw\bdd100k_final\images\100k\val\bd7d1552-c7a94b06.jpg,val,overcast,daytime,clear
bd7f150c-c557afa7.jpg,F:\xlw\bdd100k_final\images\100k\val\bd7f150c-c557afa7.jpg,val,clear,night,night
bd7f7061-601abafd.jpg,F:\xlw\bdd100k_final\images\100k\val\bd7f7061-601abafd.jpg,val,clear,daytime,clear
bd812175-88bdcb99.jpg,F:\xlw\bdd100k_final\images\100k\val\bd812175-88bdcb99.jpg,val,overcast,daytime,clear
bd812175-d418c63b.jpg,F:\xlw\bdd100k_final\images\100k\val\bd812175-d418c63b.jpg,val,rainy,daytime,rain
bd812175-fc557aa4.jpg,F:\xlw\bdd100k_final\images\100k\val\bd812175-fc557aa4.jpg,val,rainy,daytime,rain
bd816a01-87bcd028.jpg,F:\xlw\bdd100k_final\images\100k\val\bd816a01-87bcd028.jpg,val,clear,night,night
bd816a01-fa31ce3d.jpg,F:\xlw\bdd100k_final\images\100k\val\bd816a01-fa31ce3d.jpg,val,clear,night,night
bd8268a2-a924aa0b.jpg,F:\xlw\bdd100k_final\images\100k\val\bd8268a2-a924aa0b.jpg,val,snowy,night,night
bd82f517-793eb747.jpg,F:\xlw\bdd100k_final\images\100k\val\bd82f517-793eb747.jpg,val,overcast,daytime,clear
bd82f517-d1af5063.jpg,F:\xlw\bdd100k_final\images\100k\val\bd82f517-d1af5063.jpg,val,partly cloudy,daytime,clear
bd8aa347-4a6405a9.jpg,F:\xlw\bdd100k_final\images\100k\val\bd8aa347-4a6405a9.jpg,val,overcast,daytime,clear
bd8d420d-ec34c634.jpg,F:\xlw\bdd100k_final\images\100k\val\bd8d420d-ec34c634.jpg,val,clear,daytime,clear
bd8e0b69-64d450fe.jpg,F:\xlw\bdd100k_final\images\100k\val\bd8e0b69-64d450fe.jpg,val,overcast,daytime,clear
bd8f4dfa-4e126a95.jpg,F:\xlw\bdd100k_final\images\100k\val\bd8f4dfa-4e126a95.jpg,val,clear,daytime,clear
bd8f5fcd-2f54a72b.jpg,F:\xlw\bdd100k_final\images\100k\val\bd8f5fcd-2f54a72b.jpg,val,overcast,daytime,clear
bd92f6ee-8128cb11.jpg,F:\xlw\bdd100k_final\images\100k\val\bd92f6ee-8128cb11.jpg,val,clear,night,night
bd92f6ee-e7e097b5.jpg,F:\xlw\bdd100k_final\images\100k\val\bd92f6ee-e7e097b5.jpg,val,clear,night,night
bd937f4d-6c06e8b4.jpg,F:\xlw\bdd100k_final\images\100k\val\bd937f4d-6c06e8b4.jpg,val,partly cloudy,daytime,clear
bd956549-140a4edf.jpg,F:\xlw\bdd100k_final\images\100k\val\bd956549-140a4edf.jpg,val,clear,night,night
bd958472-d0a74e2f.jpg,F:\xlw\bdd100k_final\images\100k\val\bd958472-d0a74e2f.jpg,val,partly cloudy,daytime,clear
bd95af88-2228e86b.jpg,F:\xlw\bdd100k_final\images\100k\val\bd95af88-2228e86b.jpg,val,overcast,daytime,clear
bd9881c7-682619d1.jpg,F:\xlw\bdd100k_final\images\100k\val\bd9881c7-682619d1.jpg,val,clear,night,night
bd989210-0c8eacc1.jpg,F:\xlw\bdd100k_final\images\100k\val\bd989210-0c8eacc1.jpg,val,rainy,night,night
bd989210-5855f1e4.jpg,F:\xlw\bdd100k_final\images\100k\val\bd989210-5855f1e4.jpg,val,rainy,night,night
bd989210-afaf7243.jpg,F:\xlw\bdd100k_final\images\100k\val\bd989210-afaf7243.jpg,val,clear,night,night
bd989210-c3df0371.jpg,F:\xlw\bdd100k_final\images\100k\val\bd989210-c3df0371.jpg,val,overcast,daytime,clear
bd99cc57-f7a56498.jpg,F:\xlw\bdd100k_final\images\100k\val\bd99cc57-f7a56498.jpg,val,partly cloudy,daytime,clear
bd99da12-66a3321c.jpg,F:\xlw\bdd100k_final\images\100k\val\bd99da12-66a3321c.jpg,val,clear,night,night
bd9ad5aa-3d7d3c6b.jpg,F:\xlw\bdd100k_final\images\100k\val\bd9ad5aa-3d7d3c6b.jpg,val,overcast,daytime,clear
bd9ad5aa-fe1b1a19.jpg,F:\xlw\bdd100k_final\images\100k\val\bd9ad5aa-fe1b1a19.jpg,val,clear,night,night
bd9d3b75-78d7026c.jpg,F:\xlw\bdd100k_final\images\100k\val\bd9d3b75-78d7026c.jpg,val,clear,night,night
bd9d3b75-c7800908.jpg,F:\xlw\bdd100k_final\images\100k\val\bd9d3b75-c7800908.jpg,val,clear,night,night
bd9dbebc-c0b5de37.jpg,F:\xlw\bdd100k_final\images\100k\val\bd9dbebc-c0b5de37.jpg,val,partly cloudy,daytime,clear
bd9dbebc-e5756011.jpg,F:\xlw\bdd100k_final\images\100k\val\bd9dbebc-e5756011.jpg,val,clear,daytime,clear
bd9fdd5a-4c17304a.jpg,F:\xlw\bdd100k_final\images\100k\val\bd9fdd5a-4c17304a.jpg,val,clear,night,night
bd9fdd5a-6ef5f943.jpg,F:\xlw\bdd100k_final\images\100k\val\bd9fdd5a-6ef5f943.jpg,val,clear,night,night
bd9fdd5a-85eca2d7.jpg,F:\xlw\bdd100k_final\images\100k\val\bd9fdd5a-85eca2d7.jpg,val,clear,night,night
bd9fdd5a-adc5bd8b.jpg,F:\xlw\bdd100k_final\images\100k\val\bd9fdd5a-adc5bd8b.jpg,val,clear,night,night
bda04f67-927d28d6.jpg,F:\xlw\bdd100k_final\images\100k\val\bda04f67-927d28d6.jpg,val,partly cloudy,daytime,clear
bda149bd-02d7100c.jpg,F:\xlw\bdd100k_final\images\100k\val\bda149bd-02d7100c.jpg,val,snowy,night,night
bda1719b-476378b3.jpg,F:\xlw\bdd100k_final\images\100k\val\bda1719b-476378b3.jpg,val,clear,night,night
bda1cdfa-5da26736.jpg,F:\xlw\bdd100k_final\images\100k\val\bda1cdfa-5da26736.jpg,val,partly cloudy,daytime,clear
bda1cdfa-a4626edd.jpg,F:\xlw\bdd100k_final\images\100k\val\bda1cdfa-a4626edd.jpg,val,partly cloudy,daytime,clear
bda20cf9-07b680fc.jpg,F:\xlw\bdd100k_final\images\100k\val\bda20cf9-07b680fc.jpg,val,clear,night,night
bda20cf9-258f2c93.jpg,F:\xlw\bdd100k_final\images\100k\val\bda20cf9-258f2c93.jpg,val,partly cloudy,daytime,clear
bda2a452-8a54fc2c.jpg,F:\xlw\bdd100k_final\images\100k\val\bda2a452-8a54fc2c.jpg,val,overcast,daytime,clear
bda2a452-dd99ae7d.jpg,F:\xlw\bdd100k_final\images\100k\val\bda2a452-dd99ae7d.jpg,val,overcast,daytime,clear
bda35230-332be7ac.jpg,F:\xlw\bdd100k_final\images\100k\val\bda35230-332be7ac.jpg,val,clear,night,night
bda3c743-b1fd3647.jpg,F:\xlw\bdd100k_final\images\100k\val\bda3c743-b1fd3647.jpg,val,rainy,daytime,rain
bda46285-116182b2.jpg,F:\xlw\bdd100k_final\images\100k\val\bda46285-116182b2.jpg,val,overcast,daytime,clear
bda46285-1ec1d198.jpg,F:\xlw\bdd100k_final\images\100k\val\bda46285-1ec1d198.jpg,val,overcast,daytime,clear
bda52dd7-f0a0dd1a.jpg,F:\xlw\bdd100k_final\images\100k\val\bda52dd7-f0a0dd1a.jpg,val,clear,night,night
bda88326-42cec697.jpg,F:\xlw\bdd100k_final\images\100k\val\bda88326-42cec697.jpg,val,partly cloudy,daytime,clear
bda8b780-12d402fd.jpg,F:\xlw\bdd100k_final\images\100k\val\bda8b780-12d402fd.jpg,val,clear,daytime,clear
bda90d90-4fff70f2.jpg,F:\xlw\bdd100k_final\images\100k\val\bda90d90-4fff70f2.jpg,val,clear,daytime,clear
bda9da90-68225671.jpg,F:\xlw\bdd100k_final\images\100k\val\bda9da90-68225671.jpg,val,overcast,daytime,clear
bdaa85ab-e9df4c81.jpg,F:\xlw\bdd100k_final\images\100k\val\bdaa85ab-e9df4c81.jpg,val,overcast,daytime,clear
bdaa98a5-d23583cb.jpg,F:\xlw\bdd100k_final\images\100k\val\bdaa98a5-d23583cb.jpg,val,clear,daytime,clear
bdabbd46-59d2ac28.jpg,F:\xlw\bdd100k_final\images\100k\val\bdabbd46-59d2ac28.jpg,val,clear,daytime,clear
bdabbd46-c58c1d2f.jpg,F:\xlw\bdd100k_final\images\100k\val\bdabbd46-c58c1d2f.jpg,val,clear,daytime,clear
bdacfa22-5563c8aa.jpg,F:\xlw\bdd100k_final\images\100k\val\bdacfa22-5563c8aa.jpg,val,clear,night,night
bdad4028-be5b45a6.jpg,F:\xlw\bdd100k_final\images\100k\val\bdad4028-be5b45a6.jpg,val,clear,night,night
bdae005f-7823c05b.jpg,F:\xlw\bdd100k_final\images\100k\val\bdae005f-7823c05b.jpg,val,partly cloudy,daytime,clear
bdae005f-d0bb4101.jpg,F:\xlw\bdd100k_final\images\100k\val\bdae005f-d0bb4101.jpg,val,overcast,daytime,clear
bdae464f-1fc229cc.jpg,F:\xlw\bdd100k_final\images\100k\val\bdae464f-1fc229cc.jpg,val,clear,night,night
bdaeda37-6b0b9900.jpg,F:\xlw\bdd100k_final\images\100k\val\bdaeda37-6b0b9900.jpg,val,clear,daytime,clear
bdaeda37-9cc73420.jpg,F:\xlw\bdd100k_final\images\100k\val\bdaeda37-9cc73420.jpg,val,overcast,daytime,clear
bdaeda37-a0d637e0.jpg,F:\xlw\bdd100k_final\images\100k\val\bdaeda37-a0d637e0.jpg,val,clear,daytime,clear
bdafde0d-03216895.jpg,F:\xlw\bdd100k_final\images\100k\val\bdafde0d-03216895.jpg,val,rainy,night,night
bdb035d5-c1048cf3.jpg,F:\xlw\bdd100k_final\images\100k\val\bdb035d5-c1048cf3.jpg,val,clear,night,night
bdb2f6cb-5c0f0ee8.jpg,F:\xlw\bdd100k_final\images\100k\val\bdb2f6cb-5c0f0ee8.jpg,val,clear,night,night
bdb2f6cb-8da5fa42.jpg,F:\xlw\bdd100k_final\images\100k\val\bdb2f6cb-8da5fa42.jpg,val,overcast,daytime,clear
bdb3c90f-095103e9.jpg,F:\xlw\bdd100k_final\images\100k\val\bdb3c90f-095103e9.jpg,val,clear,daytime,clear
bdb3c90f-dba6400e.jpg,F:\xlw\bdd100k_final\images\100k\val\bdb3c90f-dba6400e.jpg,val,clear,daytime,clear
bdb56045-34d3f697.jpg,F:\xlw\bdd100k_final\images\100k\val\bdb56045-34d3f697.jpg,val,snowy,night,night
bdb56045-67e52488.jpg,F:\xlw\bdd100k_final\images\100k\val\bdb56045-67e52488.jpg,val,snowy,night,night
bdb56045-bbf84cef.jpg,F:\xlw\bdd100k_final\images\100k\val\bdb56045-bbf84cef.jpg,val,snowy,night,night
bdb610dc-15dd7f0f.jpg,F:\xlw\bdd100k_final\images\100k\val\bdb610dc-15dd7f0f.jpg,val,clear,daytime,clear
bdb610dc-e64667d9.jpg,F:\xlw\bdd100k_final\images\100k\val\bdb610dc-e64667d9.jpg,val,clear,daytime,clear
bdb615e0-d78e2a9c.jpg,F:\xlw\bdd100k_final\images\100k\val\bdb615e0-d78e2a9c.jpg,val,clear,daytime,clear
bdb658c2-01af4ab1.jpg,F:\xlw\bdd100k_final\images\100k\val\bdb658c2-01af4ab1.jpg,val,clear,daytime,clear
bdb658c2-f38bc8c3.jpg,F:\xlw\bdd100k_final\images\100k\val\bdb658c2-f38bc8c3.jpg,val,clear,daytime,clear
bdb90975-a729ef7b.jpg,F:\xlw\bdd100k_final\images\100k\val\bdb90975-a729ef7b.jpg,val,clear,night,night
bdb95837-032891c3.jpg,F:\xlw\bdd100k_final\images\100k\val\bdb95837-032891c3.jpg,val,clear,night,night
bdb95837-0c2e3b2b.jpg,F:\xlw\bdd100k_final\images\100k\val\bdb95837-0c2e3b2b.jpg,val,clear,night,night
bdb95837-2e514e25.jpg,F:\xlw\bdd100k_final\images\100k\val\bdb95837-2e514e25.jpg,val,clear,night,night
bdb95837-5a088ec1.jpg,F:\xlw\bdd100k_final\images\100k\val\bdb95837-5a088ec1.jpg,val,clear,night,night
bdb95837-a553c52c.jpg,F:\xlw\bdd100k_final\images\100k\val\bdb95837-a553c52c.jpg,val,clear,night,night
bdb95837-a9465f1b.jpg,F:\xlw\bdd100k_final\images\100k\val\bdb95837-a9465f1b.jpg,val,clear,night,night
bdba96db-510677bf.jpg,F:\xlw\bdd100k_final\images\100k\val\bdba96db-510677bf.jpg,val,clear,night,night
bdba96db-85f26106.jpg,F:\xlw\bdd100k_final\images\100k\val\bdba96db-85f26106.jpg,val,clear,night,night
bdbd6b9f-c0f31952.jpg,F:\xlw\bdd100k_final\images\100k\val\bdbd6b9f-c0f31952.jpg,val,clear,night,night
bdbdc4df-2f7a140d.jpg,F:\xlw\bdd100k_final\images\100k\val\bdbdc4df-2f7a140d.jpg,val,snowy,daytime,snow
bdbdc4df-8b2c5f23.jpg,F:\xlw\bdd100k_final\images\100k\val\bdbdc4df-8b2c5f23.jpg,val,snowy,daytime,snow
bdbfc024-03ba558f.jpg,F:\xlw\bdd100k_final\images\100k\val\bdbfc024-03ba558f.jpg,val,clear,night,night
bdbfc024-d4ec7ef3.jpg,F:\xlw\bdd100k_final\images\100k\val\bdbfc024-d4ec7ef3.jpg,val,clear,night,night
bdc0dc52-b4d05890.jpg,F:\xlw\bdd100k_final\images\100k\val\bdc0dc52-b4d05890.jpg,val,partly cloudy,daytime,clear
bdc15316-23cfff61.jpg,F:\xlw\bdd100k_final\images\100k\val\bdc15316-23cfff61.jpg,val,snowy,night,night
bdc15316-ac33f22c.jpg,F:\xlw\bdd100k_final\images\100k\val\bdc15316-ac33f22c.jpg,val,snowy,night,night
bdc3e97b-12e4e776.jpg,F:\xlw\bdd100k_final\images\100k\val\bdc3e97b-12e4e776.jpg,val,clear,night,night
bdc3e97b-3ad23042.jpg,F:\xlw\bdd100k_final\images\100k\val\bdc3e97b-3ad23042.jpg,val,rainy,night,night
bdc3e97b-67eee595.jpg,F:\xlw\bdd100k_final\images\100k\val\bdc3e97b-67eee595.jpg,val,clear,night,night
bdc4990a-bd8d6052.jpg,F:\xlw\bdd100k_final\images\100k\val\bdc4990a-bd8d6052.jpg,val,clear,night,night
bdc7ed93-19e4b08c.jpg,F:\xlw\bdd100k_final\images\100k\val\bdc7ed93-19e4b08c.jpg,val,snowy,daytime,snow
bdc7ed93-686684d6.jpg,F:\xlw\bdd100k_final\images\100k\val\bdc7ed93-686684d6.jpg,val,partly cloudy,daytime,clear
bdc7ed93-75e5f442.jpg,F:\xlw\bdd100k_final\images\100k\val\bdc7ed93-75e5f442.jpg,val,snowy,daytime,snow
bdc7ed93-f8378699.jpg,F:\xlw\bdd100k_final\images\100k\val\bdc7ed93-f8378699.jpg,val,snowy,daytime,snow
bdc89152-2b7aec87.jpg,F:\xlw\bdd100k_final\images\100k\val\bdc89152-2b7aec87.jpg,val,clear,daytime,clear
bdcac585-ea8f25b1.jpg,F:\xlw\bdd100k_final\images\100k\val\bdcac585-ea8f25b1.jpg,val,overcast,daytime,clear
bdcb68eb-1d074566.jpg,F:\xlw\bdd100k_final\images\100k\val\bdcb68eb-1d074566.jpg,val,clear,night,night
bdcb68eb-4a3561a4.jpg,F:\xlw\bdd100k_final\images\100k\val\bdcb68eb-4a3561a4.jpg,val,snowy,night,night
bdcb68eb-8174c535.jpg,F:\xlw\bdd100k_final\images\100k\val\bdcb68eb-8174c535.jpg,val,snowy,night,night
bdcb68eb-86671b13.jpg,F:\xlw\bdd100k_final\images\100k\val\bdcb68eb-86671b13.jpg,val,snowy,night,night
bdcb68eb-e897551f.jpg,F:\xlw\bdd100k_final\images\100k\val\bdcb68eb-e897551f.jpg,val,snowy,night,night
bdcd1ea1-ad1f4ec3.jpg,F:\xlw\bdd100k_final\images\100k\val\bdcd1ea1-ad1f4ec3.jpg,val,clear,night,night
bdcd6f24-e3a675af.jpg,F:\xlw\bdd100k_final\images\100k\val\bdcd6f24-e3a675af.jpg,val,clear,night,night
bdcda664-848e5b1e.jpg,F:\xlw\bdd100k_final\images\100k\val\bdcda664-848e5b1e.jpg,val,clear,daytime,clear
bdcff5f0-83dbf6d8.jpg,F:\xlw\bdd100k_final\images\100k\val\bdcff5f0-83dbf6d8.jpg,val,clear,daytime,clear
bdd0049d-8c592c39.jpg,F:\xlw\bdd100k_final\images\100k\val\bdd0049d-8c592c39.jpg,val,clear,daytime,clear
bdd20a54-d852fa69.jpg,F:\xlw\bdd100k_final\images\100k\val\bdd20a54-d852fa69.jpg,val,clear,night,night
bdd316c8-a0c21dcc.jpg,F:\xlw\bdd100k_final\images\100k\val\bdd316c8-a0c21dcc.jpg,val,overcast,daytime,clear
bdd3a05e-5d28f64d.jpg,F:\xlw\bdd100k_final\images\100k\val\bdd3a05e-5d28f64d.jpg,val,clear,daytime,clear
bdd3c8b3-ff26c094.jpg,F:\xlw\bdd100k_final\images\100k\val\bdd3c8b3-ff26c094.jpg,val,clear,night,night
bdd42bec-5fe93b9b.jpg,F:\xlw\bdd100k_final\images\100k\val\bdd42bec-5fe93b9b.jpg,val,snowy,daytime,snow
bdd463a8-387d221a.jpg,F:\xlw\bdd100k_final\images\100k\val\bdd463a8-387d221a.jpg,val,clear,daytime,clear
bdd463a8-94969b77.jpg,F:\xlw\bdd100k_final\images\100k\val\bdd463a8-94969b77.jpg,val,clear,daytime,clear
bdd5b47b-d9ea627b.jpg,F:\xlw\bdd100k_final\images\100k\val\bdd5b47b-d9ea627b.jpg,val,rainy,night,night
bdd645df-90aa8572.jpg,F:\xlw\bdd100k_final\images\100k\val\bdd645df-90aa8572.jpg,val,clear,daytime,clear
bdd6d823-2c4989f0.jpg,F:\xlw\bdd100k_final\images\100k\val\bdd6d823-2c4989f0.jpg,val,overcast,daytime,clear
bdd6d823-659f71fd.jpg,F:\xlw\bdd100k_final\images\100k\val\bdd6d823-659f71fd.jpg,val,rainy,daytime,rain
bdd7c984-3c3a2fc4.jpg,F:\xlw\bdd100k_final\images\100k\val\bdd7c984-3c3a2fc4.jpg,val,clear,daytime,clear
bdd853b8-4b3664f3.jpg,F:\xlw\bdd100k_final\images\100k\val\bdd853b8-4b3664f3.jpg,val,partly cloudy,daytime,clear
bddb3423-37178861.jpg,F:\xlw\bdd100k_final\images\100k\val\bddb3423-37178861.jpg,val,overcast,daytime,clear
bddc1656-56674ab3.jpg,F:\xlw\bdd100k_final\images\100k\val\bddc1656-56674ab3.jpg,val,overcast,daytime,clear
bddce207-87f8c60f.jpg,F:\xlw\bdd100k_final\images\100k\val\bddce207-87f8c60f.jpg,val,clear,night,night
bddd9d1b-77a23376.jpg,F:\xlw\bdd100k_final\images\100k\val\bddd9d1b-77a23376.jpg,val,clear,daytime,clear
bdde507b-1ce1ac20.jpg,F:\xlw\bdd100k_final\images\100k\val\bdde507b-1ce1ac20.jpg,val,overcast,daytime,clear
bddeaad4-d1272691.jpg,F:\xlw\bdd100k_final\images\100k\val\bddeaad4-d1272691.jpg,val,clear,night,night
bde0caa6-d7d428b5.jpg,F:\xlw\bdd100k_final\images\100k\val\bde0caa6-d7d428b5.jpg,val,clear,daytime,clear
bde10ba1-966885c2.jpg,F:\xlw\bdd100k_final\images\100k\val\bde10ba1-966885c2.jpg,val,clear,night,night
bde48a59-81b1f93a.jpg,F:\xlw\bdd100k_final\images\100k\val\bde48a59-81b1f93a.jpg,val,snowy,daytime,snow
bde48e24-e9aba0dc.jpg,F:\xlw\bdd100k_final\images\100k\val\bde48e24-e9aba0dc.jpg,val,clear,night,night
bde48f5b-c09a6b7b.jpg,F:\xlw\bdd100k_final\images\100k\val\bde48f5b-c09a6b7b.jpg,val,clear,night,night
bde4c586-85d19762.jpg,F:\xlw\bdd100k_final\images\100k\val\bde4c586-85d19762.jpg,val,clear,night,night
bde6526d-224f7ea1.jpg,F:\xlw\bdd100k_final\images\100k\val\bde6526d-224f7ea1.jpg,val,clear,night,night
bde7a73a-ee84f1a1.jpg,F:\xlw\bdd100k_final\images\100k\val\bde7a73a-ee84f1a1.jpg,val,overcast,daytime,clear
bde8262d-4abf8f63.jpg,F:\xlw\bdd100k_final\images\100k\val\bde8262d-4abf8f63.jpg,val,overcast,daytime,clear
bde95d2c-6c4a2eca.jpg,F:\xlw\bdd100k_final\images\100k\val\bde95d2c-6c4a2eca.jpg,val,clear,night,night
bde96867-d909dae7.jpg,F:\xlw\bdd100k_final\images\100k\val\bde96867-d909dae7.jpg,val,clear,daytime,clear
bdec2416-d18fb371.jpg,F:\xlw\bdd100k_final\images\100k\val\bdec2416-d18fb371.jpg,val,overcast,daytime,clear
bdec39d8-c94681b3.jpg,F:\xlw\bdd100k_final\images\100k\val\bdec39d8-c94681b3.jpg,val,overcast,daytime,clear
bdec39d8-f1063651.jpg,F:\xlw\bdd100k_final\images\100k\val\bdec39d8-f1063651.jpg,val,clear,daytime,clear
bded2d56-8641bc0d.jpg,F:\xlw\bdd100k_final\images\100k\val\bded2d56-8641bc0d.jpg,val,clear,night,night
bded2d56-9a09a78b.jpg,F:\xlw\bdd100k_final\images\100k\val\bded2d56-9a09a78b.jpg,val,clear,night,night
bdeec3db-2a9088a9.jpg,F:\xlw\bdd100k_final\images\100k\val\bdeec3db-2a9088a9.jpg,val,clear,night,night
bdeec3db-4796d5a6.jpg,F:\xlw\bdd100k_final\images\100k\val\bdeec3db-4796d5a6.jpg,val,clear,night,night
bdeec3db-d7908ef3.jpg,F:\xlw\bdd100k_final\images\100k\val\bdeec3db-d7908ef3.jpg,val,clear,night,night
bdf33dc4-ae128055.jpg,F:\xlw\bdd100k_final\images\100k\val\bdf33dc4-ae128055.jpg,val,clear,night,night
bdf33dc4-d5b4181c.jpg,F:\xlw\bdd100k_final\images\100k\val\bdf33dc4-d5b4181c.jpg,val,clear,night,night
bdf33dc4-f1a43120.jpg,F:\xlw\bdd100k_final\images\100k\val\bdf33dc4-f1a43120.jpg,val,clear,night,night
bdf3c743-95dacd5d.jpg,F:\xlw\bdd100k_final\images\100k\val\bdf3c743-95dacd5d.jpg,val,snowy,daytime,snow
bdf58c55-dee0b9f7.jpg,F:\xlw\bdd100k_final\images\100k\val\bdf58c55-dee0b9f7.jpg,val,rainy,daytime,rain
bdf6ab8b-3ebe8356.jpg,F:\xlw\bdd100k_final\images\100k\val\bdf6ab8b-3ebe8356.jpg,val,partly cloudy,daytime,clear
bdf775d9-3cb15a15.jpg,F:\xlw\bdd100k_final\images\100k\val\bdf775d9-3cb15a15.jpg,val,overcast,daytime,clear
bdf8fcad-32d6edca.jpg,F:\xlw\bdd100k_final\images\100k\val\bdf8fcad-32d6edca.jpg,val,partly cloudy,daytime,clear
bdf8fcad-9b37333e.jpg,F:\xlw\bdd100k_final\images\100k\val\bdf8fcad-9b37333e.jpg,val,clear,night,night
bdf90fcb-d42380c0.jpg,F:\xlw\bdd100k_final\images\100k\val\bdf90fcb-d42380c0.jpg,val,overcast,daytime,clear
bdfa3a60-fdd4a2f9.jpg,F:\xlw\bdd100k_final\images\100k\val\bdfa3a60-fdd4a2f9.jpg,val,clear,night,night
bdfc0f1d-375eba4a.jpg,F:\xlw\bdd100k_final\images\100k\val\bdfc0f1d-375eba4a.jpg,val,clear,daytime,clear
bdfc6bf1-523e96ae.jpg,F:\xlw\bdd100k_final\images\100k\val\bdfc6bf1-523e96ae.jpg,val,clear,night,night
bdfd3a09-7a86654b.jpg,F:\xlw\bdd100k_final\images\100k\val\bdfd3a09-7a86654b.jpg,val,clear,night,night
be005230-7facbb3e.jpg,F:\xlw\bdd100k_final\images\100k\val\be005230-7facbb3e.jpg,val,snowy,night,night
be00937a-8e571604.jpg,F:\xlw\bdd100k_final\images\100k\val\be00937a-8e571604.jpg,val,clear,daytime,clear
be00937a-98783429.jpg,F:\xlw\bdd100k_final\images\100k\val\be00937a-98783429.jpg,val,clear,daytime,clear
be021235-7920ed09.jpg,F:\xlw\bdd100k_final\images\100k\val\be021235-7920ed09.jpg,val,clear,night,night
be0456d5-e34d2c07.jpg,F:\xlw\bdd100k_final\images\100k\val\be0456d5-e34d2c07.jpg,val,clear,night,night
be045ad5-53b75245.jpg,F:\xlw\bdd100k_final\images\100k\val\be045ad5-53b75245.jpg,val,rainy,night,night
be047105-0662bd2d.jpg,F:\xlw\bdd100k_final\images\100k\val\be047105-0662bd2d.jpg,val,clear,daytime,clear
be047105-ea277d1d.jpg,F:\xlw\bdd100k_final\images\100k\val\be047105-ea277d1d.jpg,val,clear,daytime,clear
be0571c8-03dae021.jpg,F:\xlw\bdd100k_final\images\100k\val\be0571c8-03dae021.jpg,val,clear,daytime,clear
be06ff35-0a94dfb1.jpg,F:\xlw\bdd100k_final\images\100k\val\be06ff35-0a94dfb1.jpg,val,clear,night,night
be06ff35-5105ecff.jpg,F:\xlw\bdd100k_final\images\100k\val\be06ff35-5105ecff.jpg,val,clear,night,night
be06ff35-ea007cf3.jpg,F:\xlw\bdd100k_final\images\100k\val\be06ff35-ea007cf3.jpg,val,clear,night,night
be08673a-fe5b7035.jpg,F:\xlw\bdd100k_final\images\100k\val\be08673a-fe5b7035.jpg,val,clear,night,night
be099a06-dc3c20e8.jpg,F:\xlw\bdd100k_final\images\100k\val\be099a06-dc3c20e8.jpg,val,overcast,daytime,clear
be0a188d-c47bac51.jpg,F:\xlw\bdd100k_final\images\100k\val\be0a188d-c47bac51.jpg,val,overcast,daytime,clear
be0c9d29-04747419.jpg,F:\xlw\bdd100k_final\images\100k\val\be0c9d29-04747419.jpg,val,clear,night,night
be0fdf82-5cb62b50.jpg,F:\xlw\bdd100k_final\images\100k\val\be0fdf82-5cb62b50.jpg,val,snowy,night,night
be0fdf82-972594ce.jpg,F:\xlw\bdd100k_final\images\100k\val\be0fdf82-972594ce.jpg,val,snowy,night,night
be0fdf82-eb463749.jpg,F:\xlw\bdd100k_final\images\100k\val\be0fdf82-eb463749.jpg,val,snowy,night,night
be10fa73-121083df.jpg,F:\xlw\bdd100k_final\images\100k\val\be10fa73-121083df.jpg,val,clear,night,night
be10fa73-799d904b.jpg,F:\xlw\bdd100k_final\images\100k\val\be10fa73-799d904b.jpg,val,clear,night,night
be10fa73-da2fa32f.jpg,F:\xlw\bdd100k_final\images\100k\val\be10fa73-da2fa32f.jpg,val,clear,night,night
be11b82c-0873ebca.jpg,F:\xlw\bdd100k_final\images\100k\val\be11b82c-0873ebca.jpg,val,clear,night,night
be12aefd-283e0fe4.jpg,F:\xlw\bdd100k_final\images\100k\val\be12aefd-283e0fe4.jpg,val,overcast,daytime,clear
be12aefd-dad8b385.jpg,F:\xlw\bdd100k_final\images\100k\val\be12aefd-dad8b385.jpg,val,overcast,daytime,clear
be144a33-80fe4232.jpg,F:\xlw\bdd100k_final\images\100k\val\be144a33-80fe4232.jpg,val,clear,night,night
be144a33-c0b91172.jpg,F:\xlw\bdd100k_final\images\100k\val\be144a33-c0b91172.jpg,val,clear,night,night
be177534-4a736a9b.jpg,F:\xlw\bdd100k_final\images\100k\val\be177534-4a736a9b.jpg,val,snowy,daytime,snow
be18f4e6-a2770590.jpg,F:\xlw\bdd100k_final\images\100k\val\be18f4e6-a2770590.jpg,val,clear,night,night
be1a0aee-7127f0d8.jpg,F:\xlw\bdd100k_final\images\100k\val\be1a0aee-7127f0d8.jpg,val,snowy,daytime,snow
be1a8e59-2a59e33c.jpg,F:\xlw\bdd100k_final\images\100k\val\be1a8e59-2a59e33c.jpg,val,rainy,night,night
be1e235b-e033239e.jpg,F:\xlw\bdd100k_final\images\100k\val\be1e235b-e033239e.jpg,val,overcast,daytime,clear
be1ed8ce-38edbe34.jpg,F:\xlw\bdd100k_final\images\100k\val\be1ed8ce-38edbe34.jpg,val,clear,night,night
be2034df-1d272a6f.jpg,F:\xlw\bdd100k_final\images\100k\val\be2034df-1d272a6f.jpg,val,clear,night,night
be2034df-3fbd9d5b.jpg,F:\xlw\bdd100k_final\images\100k\val\be2034df-3fbd9d5b.jpg,val,clear,night,night
be2034df-a6b260a5.jpg,F:\xlw\bdd100k_final\images\100k\val\be2034df-a6b260a5.jpg,val,clear,night,night
be22622e-20122a8f.jpg,F:\xlw\bdd100k_final\images\100k\val\be22622e-20122a8f.jpg,val,overcast,daytime,clear
be22622e-3712dbc2.jpg,F:\xlw\bdd100k_final\images\100k\val\be22622e-3712dbc2.jpg,val,partly cloudy,daytime,clear
be22a1e1-cbcd82a6.jpg,F:\xlw\bdd100k_final\images\100k\val\be22a1e1-cbcd82a6.jpg,val,clear,daytime,clear
be269fc3-4ac017bd.jpg,F:\xlw\bdd100k_final\images\100k\val\be269fc3-4ac017bd.jpg,val,snowy,night,night
be273f87-6eaea9ee.jpg,F:\xlw\bdd100k_final\images\100k\val\be273f87-6eaea9ee.jpg,val,undefined,night,night
be273f87-7aca9df7.jpg,F:\xlw\bdd100k_final\images\100k\val\be273f87-7aca9df7.jpg,val,clear,night,night
be273f87-ab1ef50e.jpg,F:\xlw\bdd100k_final\images\100k\val\be273f87-ab1ef50e.jpg,val,clear,night,night
be273f87-b164bca1.jpg,F:\xlw\bdd100k_final\images\100k\val\be273f87-b164bca1.jpg,val,clear,night,night
be278041-2173a980.jpg,F:\xlw\bdd100k_final\images\100k\val\be278041-2173a980.jpg,val,clear,night,night
be2b1f01-892bf2bb.jpg,F:\xlw\bdd100k_final\images\100k\val\be2b1f01-892bf2bb.jpg,val,clear,daytime,clear
be2c1849-0713082f.jpg,F:\xlw\bdd100k_final\images\100k\val\be2c1849-0713082f.jpg,val,clear,night,night
be2c1849-5faf51d5.jpg,F:\xlw\bdd100k_final\images\100k\val\be2c1849-5faf51d5.jpg,val,clear,night,night
be2c1849-662a650d.jpg,F:\xlw\bdd100k_final\images\100k\val\be2c1849-662a650d.jpg,val,clear,night,night
be2c1849-c797807b.jpg,F:\xlw\bdd100k_final\images\100k\val\be2c1849-c797807b.jpg,val,partly cloudy,daytime,clear
be2c1849-e2e8cf17.jpg,F:\xlw\bdd100k_final\images\100k\val\be2c1849-e2e8cf17.jpg,val,clear,night,night
be2c1849-ed1a9103.jpg,F:\xlw\bdd100k_final\images\100k\val\be2c1849-ed1a9103.jpg,val,clear,night,night
be2c4865-14b12388.jpg,F:\xlw\bdd100k_final\images\100k\val\be2c4865-14b12388.jpg,val,clear,daytime,clear
be2c4865-af9a958b.jpg,F:\xlw\bdd100k_final\images\100k\val\be2c4865-af9a958b.jpg,val,overcast,daytime,clear
be2c66b0-2bc5eec8.jpg,F:\xlw\bdd100k_final\images\100k\val\be2c66b0-2bc5eec8.jpg,val,clear,night,night
be2d3f1c-2644c9e3.jpg,F:\xlw\bdd100k_final\images\100k\val\be2d3f1c-2644c9e3.jpg,val,clear,daytime,clear
be2d5044-9707da3e.jpg,F:\xlw\bdd100k_final\images\100k\val\be2d5044-9707da3e.jpg,val,partly cloudy,daytime,clear
be2e23f5-7fdb7597.jpg,F:\xlw\bdd100k_final\images\100k\val\be2e23f5-7fdb7597.jpg,val,rainy,night,night
be2ec34b-bcdc0b2a.jpg,F:\xlw\bdd100k_final\images\100k\val\be2ec34b-bcdc0b2a.jpg,val,rainy,daytime,rain
be2fbf0b-5d71c655.jpg,F:\xlw\bdd100k_final\images\100k\val\be2fbf0b-5d71c655.jpg,val,overcast,daytime,clear
be307493-2750cf96.jpg,F:\xlw\bdd100k_final\images\100k\val\be307493-2750cf96.jpg,val,clear,night,night
be307493-a2247ebf.jpg,F:\xlw\bdd100k_final\images\100k\val\be307493-a2247ebf.jpg,val,clear,night,night
be3159f3-13250ffe.jpg,F:\xlw\bdd100k_final\images\100k\val\be3159f3-13250ffe.jpg,val,overcast,daytime,clear
be3159f3-16212270.jpg,F:\xlw\bdd100k_final\images\100k\val\be3159f3-16212270.jpg,val,partly cloudy,daytime,clear
be3301b2-9bb342d3.jpg,F:\xlw\bdd100k_final\images\100k\val\be3301b2-9bb342d3.jpg,val,clear,daytime,clear
be3301b2-a86db4a9.jpg,F:\xlw\bdd100k_final\images\100k\val\be3301b2-a86db4a9.jpg,val,partly cloudy,daytime,clear
be35fa0d-caedd8ab.jpg,F:\xlw\bdd100k_final\images\100k\val\be35fa0d-caedd8ab.jpg,val,snowy,night,night
be3618b4-27d60dcd.jpg,F:\xlw\bdd100k_final\images\100k\val\be3618b4-27d60dcd.jpg,val,snowy,daytime,snow
be362fff-99b5dd8b.jpg,F:\xlw\bdd100k_final\images\100k\val\be362fff-99b5dd8b.jpg,val,clear,daytime,clear
be377d8f-7c22e445.jpg,F:\xlw\bdd100k_final\images\100k\val\be377d8f-7c22e445.jpg,val,overcast,daytime,clear
be395d23-22773837.jpg,F:\xlw\bdd100k_final\images\100k\val\be395d23-22773837.jpg,val,clear,night,night
be395d23-2df9d7c9.jpg,F:\xlw\bdd100k_final\images\100k\val\be395d23-2df9d7c9.jpg,val,clear,night,night
be39c92f-392bb50a.jpg,F:\xlw\bdd100k_final\images\100k\val\be39c92f-392bb50a.jpg,val,partly cloudy,daytime,clear
be39c92f-cef221af.jpg,F:\xlw\bdd100k_final\images\100k\val\be39c92f-cef221af.jpg,val,clear,daytime,clear
be39e3ab-8e532208.jpg,F:\xlw\bdd100k_final\images\100k\val\be39e3ab-8e532208.jpg,val,clear,night,night
be39f3f1-2d48f83e.jpg,F:\xlw\bdd100k_final\images\100k\val\be39f3f1-2d48f83e.jpg,val,rainy,daytime,rain
be3a20e2-7791c4b9.jpg,F:\xlw\bdd100k_final\images\100k\val\be3a20e2-7791c4b9.jpg,val,clear,night,night
be3a5c0b-16533792.jpg,F:\xlw\bdd100k_final\images\100k\val\be3a5c0b-16533792.jpg,val,clear,night,night
be3d3a81-326a032d.jpg,F:\xlw\bdd100k_final\images\100k\val\be3d3a81-326a032d.jpg,val,rainy,daytime,rain
be3e9c45-d47775f3.jpg,F:\xlw\bdd100k_final\images\100k\val\be3e9c45-d47775f3.jpg,val,clear,daytime,clear
be3f0272-4444e669.jpg,F:\xlw\bdd100k_final\images\100k\val\be3f0272-4444e669.jpg,val,clear,night,night
be40c69d-16a90cda.jpg,F:\xlw\bdd100k_final\images\100k\val\be40c69d-16a90cda.jpg,val,clear,night,night
be41362b-a1a37afb.jpg,F:\xlw\bdd100k_final\images\100k\val\be41362b-a1a37afb.jpg,val,clear,night,night
be41362b-bf2985b5.jpg,F:\xlw\bdd100k_final\images\100k\val\be41362b-bf2985b5.jpg,val,clear,night,night
be41362b-f6a4eb1c.jpg,F:\xlw\bdd100k_final\images\100k\val\be41362b-f6a4eb1c.jpg,val,clear,night,night
be415cb5-0f27b485.jpg,F:\xlw\bdd100k_final\images\100k\val\be415cb5-0f27b485.jpg,val,overcast,daytime,clear
be42bfaa-3ebf6b5c.jpg,F:\xlw\bdd100k_final\images\100k\val\be42bfaa-3ebf6b5c.jpg,val,clear,night,night
be42e5e6-33445d5b.jpg,F:\xlw\bdd100k_final\images\100k\val\be42e5e6-33445d5b.jpg,val,clear,night,night
be448414-11891b58.jpg,F:\xlw\bdd100k_final\images\100k\val\be448414-11891b58.jpg,val,clear,daytime,clear
be448414-f60b61c9.jpg,F:\xlw\bdd100k_final\images\100k\val\be448414-f60b61c9.jpg,val,clear,daytime,clear
be449d8d-288c49bd.jpg,F:\xlw\bdd100k_final\images\100k\val\be449d8d-288c49bd.jpg,val,clear,daytime,clear
be449d8d-c3a01551.jpg,F:\xlw\bdd100k_final\images\100k\val\be449d8d-c3a01551.jpg,val,clear,daytime,clear
be45679b-3cf3ef8d.jpg,F:\xlw\bdd100k_final\images\100k\val\be45679b-3cf3ef8d.jpg,val,clear,night,night
be4593fb-9e1ec483.jpg,F:\xlw\bdd100k_final\images\100k\val\be4593fb-9e1ec483.jpg,val,clear,night,night
be463595-0ac17b97.jpg,F:\xlw\bdd100k_final\images\100k\val\be463595-0ac17b97.jpg,val,clear,night,night
be463595-1fa1df9c.jpg,F:\xlw\bdd100k_final\images\100k\val\be463595-1fa1df9c.jpg,val,clear,night,night
be463595-34d59d57.jpg,F:\xlw\bdd100k_final\images\100k\val\be463595-34d59d57.jpg,val,clear,night,night
be463595-760f4698.jpg,F:\xlw\bdd100k_final\images\100k\val\be463595-760f4698.jpg,val,clear,night,night
be46639a-25990c25.jpg,F:\xlw\bdd100k_final\images\100k\val\be46639a-25990c25.jpg,val,clear,night,night
be47d849-da84aa8a.jpg,F:\xlw\bdd100k_final\images\100k\val\be47d849-da84aa8a.jpg,val,overcast,daytime,clear
be49ae7a-1ffaa683.jpg,F:\xlw\bdd100k_final\images\100k\val\be49ae7a-1ffaa683.jpg,val,clear,daytime,clear
be49ccee-b084e427.jpg,F:\xlw\bdd100k_final\images\100k\val\be49ccee-b084e427.jpg,val,snowy,daytime,snow
be4a418e-8e95d178.jpg,F:\xlw\bdd100k_final\images\100k\val\be4a418e-8e95d178.jpg,val,clear,daytime,clear
be4ca8c8-d651db6c.jpg,F:\xlw\bdd100k_final\images\100k\val\be4ca8c8-d651db6c.jpg,val,clear,night,night
be4cbd00-06f42982.jpg,F:\xlw\bdd100k_final\images\100k\val\be4cbd00-06f42982.jpg,val,clear,night,night
be4cbd00-97fec78b.jpg,F:\xlw\bdd100k_final\images\100k\val\be4cbd00-97fec78b.jpg,val,clear,night,night
be4f207d-cd1dcff1.jpg,F:\xlw\bdd100k_final\images\100k\val\be4f207d-cd1dcff1.jpg,val,clear,night,night
be4f3873-33c738a5.jpg,F:\xlw\bdd100k_final\images\100k\val\be4f3873-33c738a5.jpg,val,clear,daytime,clear
be4f53be-3e8f170e.jpg,F:\xlw\bdd100k_final\images\100k\val\be4f53be-3e8f170e.jpg,val,clear,daytime,clear
be4f53be-a7d26a38.jpg,F:\xlw\bdd100k_final\images\100k\val\be4f53be-a7d26a38.jpg,val,clear,daytime,clear
be501fd0-e063aff3.jpg,F:\xlw\bdd100k_final\images\100k\val\be501fd0-e063aff3.jpg,val,snowy,daytime,snow
be524f22-671e4f73.jpg,F:\xlw\bdd100k_final\images\100k\val\be524f22-671e4f73.jpg,val,clear,night,night
be52b29f-10b6ef30.jpg,F:\xlw\bdd100k_final\images\100k\val\be52b29f-10b6ef30.jpg,val,clear,night,night
be52b29f-337d4ed4.jpg,F:\xlw\bdd100k_final\images\100k\val\be52b29f-337d4ed4.jpg,val,clear,night,night
be52b29f-3c297726.jpg,F:\xlw\bdd100k_final\images\100k\val\be52b29f-3c297726.jpg,val,clear,night,night
be52b29f-61846699.jpg,F:\xlw\bdd100k_final\images\100k\val\be52b29f-61846699.jpg,val,clear,night,night
be52b29f-aa3b290b.jpg,F:\xlw\bdd100k_final\images\100k\val\be52b29f-aa3b290b.jpg,val,clear,night,night
be52b29f-de33251f.jpg,F:\xlw\bdd100k_final\images\100k\val\be52b29f-de33251f.jpg,val,clear,night,night
be535920-9cc2e6aa.jpg,F:\xlw\bdd100k_final\images\100k\val\be535920-9cc2e6aa.jpg,val,clear,night,night
be554fed-4ac78405.jpg,F:\xlw\bdd100k_final\images\100k\val\be554fed-4ac78405.jpg,val,clear,daytime,clear
be5559e0-15ecaa2b.jpg,F:\xlw\bdd100k_final\images\100k\val\be5559e0-15ecaa2b.jpg,val,overcast,daytime,clear
be5b8df4-72b40d4c.jpg,F:\xlw\bdd100k_final\images\100k\val\be5b8df4-72b40d4c.jpg,val,clear,night,night
be5b8df4-784c9d84.jpg,F:\xlw\bdd100k_final\images\100k\val\be5b8df4-784c9d84.jpg,val,clear,night,night
be5b8df4-c69d8fa1.jpg,F:\xlw\bdd100k_final\images\100k\val\be5b8df4-c69d8fa1.jpg,val,rainy,daytime,rain
be5b8df4-f47db0e2.jpg,F:\xlw\bdd100k_final\images\100k\val\be5b8df4-f47db0e2.jpg,val,clear,night,night
be5c5aae-206ccb9c.jpg,F:\xlw\bdd100k_final\images\100k\val\be5c5aae-206ccb9c.jpg,val,clear,night,night
be5c5aae-50668a30.jpg,F:\xlw\bdd100k_final\images\100k\val\be5c5aae-50668a30.jpg,val,snowy,night,night
be5c5aae-67fd8380.jpg,F:\xlw\bdd100k_final\images\100k\val\be5c5aae-67fd8380.jpg,val,clear,night,night
be5c5aae-d31145ff.jpg,F:\xlw\bdd100k_final\images\100k\val\be5c5aae-d31145ff.jpg,val,snowy,daytime,snow
be5ca08c-52c0860e.jpg,F:\xlw\bdd100k_final\images\100k\val\be5ca08c-52c0860e.jpg,val,clear,night,night
be5ca360-3585455f.jpg,F:\xlw\bdd100k_final\images\100k\val\be5ca360-3585455f.jpg,val,clear,night,night
be5ca360-afcedc9e.jpg,F:\xlw\bdd100k_final\images\100k\val\be5ca360-afcedc9e.jpg,val,clear,night,night
be5ec90e-8f48d12d.jpg,F:\xlw\bdd100k_final\images\100k\val\be5ec90e-8f48d12d.jpg,val,clear,night,night
be60191c-2dea5114.jpg,F:\xlw\bdd100k_final\images\100k\val\be60191c-2dea5114.jpg,val,overcast,daytime,clear
be60191c-813aa925.jpg,F:\xlw\bdd100k_final\images\100k\val\be60191c-813aa925.jpg,val,snowy,daytime,snow
be60191c-cade58a2.jpg,F:\xlw\bdd100k_final\images\100k\val\be60191c-cade58a2.jpg,val,partly cloudy,daytime,clear
be62c9ed-cfe00d7a.jpg,F:\xlw\bdd100k_final\images\100k\val\be62c9ed-cfe00d7a.jpg,val,clear,daytime,clear
be64f818-053b36ba.jpg,F:\xlw\bdd100k_final\images\100k\val\be64f818-053b36ba.jpg,val,snowy,daytime,snow
be651ed5-02659bee.jpg,F:\xlw\bdd100k_final\images\100k\val\be651ed5-02659bee.jpg,val,clear,night,night
be651ed5-08fcb61f.jpg,F:\xlw\bdd100k_final\images\100k\val\be651ed5-08fcb61f.jpg,val,clear,night,night
be651ed5-21253da1.jpg,F:\xlw\bdd100k_final\images\100k\val\be651ed5-21253da1.jpg,val,clear,daytime,clear
be651ed5-2feb0be6.jpg,F:\xlw\bdd100k_final\images\100k\val\be651ed5-2feb0be6.jpg,val,clear,night,night
be651ed5-4b80b1c3.jpg,F:\xlw\bdd100k_final\images\100k\val\be651ed5-4b80b1c3.jpg,val,clear,night,night
be651ed5-5e0e949d.jpg,F:\xlw\bdd100k_final\images\100k\val\be651ed5-5e0e949d.jpg,val,rainy,night,night
be651ed5-5ee1f563.jpg,F:\xlw\bdd100k_final\images\100k\val\be651ed5-5ee1f563.jpg,val,clear,daytime,clear
be651ed5-779cf7ef.jpg,F:\xlw\bdd100k_final\images\100k\val\be651ed5-779cf7ef.jpg,val,clear,night,night
be651ed5-90da2dc5.jpg,F:\xlw\bdd100k_final\images\100k\val\be651ed5-90da2dc5.jpg,val,clear,night,night
be651ed5-a7e2074e.jpg,F:\xlw\bdd100k_final\images\100k\val\be651ed5-a7e2074e.jpg,val,clear,night,night
be651ed5-bc7ce2fe.jpg,F:\xlw\bdd100k_final\images\100k\val\be651ed5-bc7ce2fe.jpg,val,clear,night,night
be651ed5-bdd56721.jpg,F:\xlw\bdd100k_final\images\100k\val\be651ed5-bdd56721.jpg,val,clear,night,night
be651ed5-eceae7bc.jpg,F:\xlw\bdd100k_final\images\100k\val\be651ed5-eceae7bc.jpg,val,clear,night,night
be651ffd-0bc74ac7.jpg,F:\xlw\bdd100k_final\images\100k\val\be651ffd-0bc74ac7.jpg,val,clear,daytime,clear
be651ffd-cf17daaf.jpg,F:\xlw\bdd100k_final\images\100k\val\be651ffd-cf17daaf.jpg,val,overcast,daytime,clear
be66a004-91dbe123.jpg,F:\xlw\bdd100k_final\images\100k\val\be66a004-91dbe123.jpg,val,rainy,night,night
be67f423-8aec9ba5.jpg,F:\xlw\bdd100k_final\images\100k\val\be67f423-8aec9ba5.jpg,val,overcast,daytime,clear
be689d93-672d54ff.jpg,F:\xlw\bdd100k_final\images\100k\val\be689d93-672d54ff.jpg,val,rainy,night,night
be6b4502-b150e016.jpg,F:\xlw\bdd100k_final\images\100k\val\be6b4502-b150e016.jpg,val,clear,night,night
be6b4502-e0c95034.jpg,F:\xlw\bdd100k_final\images\100k\val\be6b4502-e0c95034.jpg,val,clear,night,night
be6ed1f7-853489ce.jpg,F:\xlw\bdd100k_final\images\100k\val\be6ed1f7-853489ce.jpg,val,clear,night,night
be6ed1f7-dd0e252b.jpg,F:\xlw\bdd100k_final\images\100k\val\be6ed1f7-dd0e252b.jpg,val,clear,night,night
be6fd6ac-158f717e.jpg,F:\xlw\bdd100k_final\images\100k\val\be6fd6ac-158f717e.jpg,val,partly cloudy,daytime,clear
be6fd6ac-624b4634.jpg,F:\xlw\bdd100k_final\images\100k\val\be6fd6ac-624b4634.jpg,val,clear,daytime,clear
be6feca9-888ffd4c.jpg,F:\xlw\bdd100k_final\images\100k\val\be6feca9-888ffd4c.jpg,val,clear,night,night
be731030-82d58159.jpg,F:\xlw\bdd100k_final\images\100k\val\be731030-82d58159.jpg,val,clear,daytime,clear
be731030-c29affd6.jpg,F:\xlw\bdd100k_final\images\100k\val\be731030-c29affd6.jpg,val,partly cloudy,daytime,clear
be73806a-cd8633af.jpg,F:\xlw\bdd100k_final\images\100k\val\be73806a-cd8633af.jpg,val,clear,night,night
be769e9f-abea5fd9.jpg,F:\xlw\bdd100k_final\images\100k\val\be769e9f-abea5fd9.jpg,val,snowy,daytime,snow
be769e9f-ed37df2b.jpg,F:\xlw\bdd100k_final\images\100k\val\be769e9f-ed37df2b.jpg,val,partly cloudy,daytime,clear
be76ea62-78b2c8f8.jpg,F:\xlw\bdd100k_final\images\100k\val\be76ea62-78b2c8f8.jpg,val,clear,night,night
be777044-7db298a4.jpg,F:\xlw\bdd100k_final\images\100k\val\be777044-7db298a4.jpg,val,rainy,daytime,rain
be7783b0-b44ff154.jpg,F:\xlw\bdd100k_final\images\100k\val\be7783b0-b44ff154.jpg,val,snowy,daytime,snow
be791a81-a6b53fef.jpg,F:\xlw\bdd100k_final\images\100k\val\be791a81-a6b53fef.jpg,val,overcast,daytime,clear
be7b856e-d1ece683.jpg,F:\xlw\bdd100k_final\images\100k\val\be7b856e-d1ece683.jpg,val,clear,night,night
be7c5bf9-f31d60c1.jpg,F:\xlw\bdd100k_final\images\100k\val\be7c5bf9-f31d60c1.jpg,val,clear,night,night
be80a253-75e6f6aa.jpg,F:\xlw\bdd100k_final\images\100k\val\be80a253-75e6f6aa.jpg,val,clear,daytime,clear
be832d0b-0ed20122.jpg,F:\xlw\bdd100k_final\images\100k\val\be832d0b-0ed20122.jpg,val,clear,night,night
be832d0b-2384fe4c.jpg,F:\xlw\bdd100k_final\images\100k\val\be832d0b-2384fe4c.jpg,val,clear,night,night
be839b4c-fba3ea45.jpg,F:\xlw\bdd100k_final\images\100k\val\be839b4c-fba3ea45.jpg,val,overcast,daytime,clear
be85665c-4fe33b5c.jpg,F:\xlw\bdd100k_final\images\100k\val\be85665c-4fe33b5c.jpg,val,clear,night,night
be8590fa-9ab10ced.jpg,F:\xlw\bdd100k_final\images\100k\val\be8590fa-9ab10ced.jpg,val,clear,daytime,clear
be85bd88-4aad89d7.jpg,F:\xlw\bdd100k_final\images\100k\val\be85bd88-4aad89d7.jpg,val,overcast,daytime,clear
be85bd88-d849c034.jpg,F:\xlw\bdd100k_final\images\100k\val\be85bd88-d849c034.jpg,val,overcast,daytime,clear
be860305-899a96c3.jpg,F:\xlw\bdd100k_final\images\100k\val\be860305-899a96c3.jpg,val,clear,night,night
be8962cd-17e6f610.jpg,F:\xlw\bdd100k_final\images\100k\val\be8962cd-17e6f610.jpg,val,clear,night,night
be8962cd-2f4d528e.jpg,F:\xlw\bdd100k_final\images\100k\val\be8962cd-2f4d528e.jpg,val,undefined,night,night
be8b3ab2-26370e88.jpg,F:\xlw\bdd100k_final\images\100k\val\be8b3ab2-26370e88.jpg,val,overcast,daytime,clear
be8b8284-01e2400c.jpg,F:\xlw\bdd100k_final\images\100k\val\be8b8284-01e2400c.jpg,val,clear,night,night
be8b8284-18138380.jpg,F:\xlw\bdd100k_final\images\100k\val\be8b8284-18138380.jpg,val,clear,night,night
be8bceff-efda56f8.jpg,F:\xlw\bdd100k_final\images\100k\val\be8bceff-efda56f8.jpg,val,clear,night,night
be8cb554-6f4255f3.jpg,F:\xlw\bdd100k_final\images\100k\val\be8cb554-6f4255f3.jpg,val,clear,daytime,clear
be8d7ea3-4b798531.jpg,F:\xlw\bdd100k_final\images\100k\val\be8d7ea3-4b798531.jpg,val,clear,night,night
be8d7ea3-a6236da4.jpg,F:\xlw\bdd100k_final\images\100k\val\be8d7ea3-a6236da4.jpg,val,clear,night,night
be8d7ea3-f860b6f5.jpg,F:\xlw\bdd100k_final\images\100k\val\be8d7ea3-f860b6f5.jpg,val,clear,night,night
be8dc474-faef6d09.jpg,F:\xlw\bdd100k_final\images\100k\val\be8dc474-faef6d09.jpg,val,clear,night,night
be926190-5293afb9.jpg,F:\xlw\bdd100k_final\images\100k\val\be926190-5293afb9.jpg,val,overcast,daytime,clear
be93769c-354d1d72.jpg,F:\xlw\bdd100k_final\images\100k\val\be93769c-354d1d72.jpg,val,partly cloudy,daytime,clear
be9496ad-3d23e714.jpg,F:\xlw\bdd100k_final\images\100k\val\be9496ad-3d23e714.jpg,val,overcast,daytime,clear
be94c28f-7128d4c4.jpg,F:\xlw\bdd100k_final\images\100k\val\be94c28f-7128d4c4.jpg,val,clear,daytime,clear
be94c28f-9526bf9a.jpg,F:\xlw\bdd100k_final\images\100k\val\be94c28f-9526bf9a.jpg,val,clear,daytime,clear
be94df25-464ac4f8.jpg,F:\xlw\bdd100k_final\images\100k\val\be94df25-464ac4f8.jpg,val,clear,daytime,clear
be95af9a-dee1fc2d.jpg,F:\xlw\bdd100k_final\images\100k\val\be95af9a-dee1fc2d.jpg,val,clear,night,night
be96d002-8742b0e0.jpg,F:\xlw\bdd100k_final\images\100k\val\be96d002-8742b0e0.jpg,val,clear,night,night
be96d002-f987edab.jpg,F:\xlw\bdd100k_final\images\100k\val\be96d002-f987edab.jpg,val,clear,night,night
be97ef40-3cdcb388.jpg,F:\xlw\bdd100k_final\images\100k\val\be97ef40-3cdcb388.jpg,val,snowy,daytime,snow
be986afd-b86569ff.jpg,F:\xlw\bdd100k_final\images\100k\val\be986afd-b86569ff.jpg,val,clear,daytime,clear
be9a438d-fec060b0.jpg,F:\xlw\bdd100k_final\images\100k\val\be9a438d-fec060b0.jpg,val,clear,night,night
be9b088f-3fc248ee.jpg,F:\xlw\bdd100k_final\images\100k\val\be9b088f-3fc248ee.jpg,val,clear,night,night
be9b088f-c2a29c43.jpg,F:\xlw\bdd100k_final\images\100k\val\be9b088f-c2a29c43.jpg,val,clear,night,night
be9c5bdd-02782f34.jpg,F:\xlw\bdd100k_final\images\100k\val\be9c5bdd-02782f34.jpg,val,clear,daytime,clear
be9c5bdd-7714057c.jpg,F:\xlw\bdd100k_final\images\100k\val\be9c5bdd-7714057c.jpg,val,clear,daytime,clear
be9ce27e-304f0df0.jpg,F:\xlw\bdd100k_final\images\100k\val\be9ce27e-304f0df0.jpg,val,clear,night,night
be9ce27e-65ec1c4e.jpg,F:\xlw\bdd100k_final\images\100k\val\be9ce27e-65ec1c4e.jpg,val,clear,daytime,clear
be9f9a44-8d9b651e.jpg,F:\xlw\bdd100k_final\images\100k\val\be9f9a44-8d9b651e.jpg,val,clear,night,night
bea02fed-85841fe4.jpg,F:\xlw\bdd100k_final\images\100k\val\bea02fed-85841fe4.jpg,val,partly cloudy,daytime,clear
bea02fed-c120c91d.jpg,F:\xlw\bdd100k_final\images\100k\val\bea02fed-c120c91d.jpg,val,partly cloudy,daytime,clear
bea02fed-c803e656.jpg,F:\xlw\bdd100k_final\images\100k\val\bea02fed-c803e656.jpg,val,clear,daytime,clear
bea02fed-e64fced9.jpg,F:\xlw\bdd100k_final\images\100k\val\bea02fed-e64fced9.jpg,val,clear,daytime,clear
bea3ece7-e73287ff.jpg,F:\xlw\bdd100k_final\images\100k\val\bea3ece7-e73287ff.jpg,val,clear,night,night
bea4a94e-119bd9e7.jpg,F:\xlw\bdd100k_final\images\100k\val\bea4a94e-119bd9e7.jpg,val,clear,night,night
bea4ac92-340863d9.jpg,F:\xlw\bdd100k_final\images\100k\val\bea4ac92-340863d9.jpg,val,clear,daytime,clear
bea4ac92-f9e0f736.jpg,F:\xlw\bdd100k_final\images\100k\val\bea4ac92-f9e0f736.jpg,val,clear,daytime,clear
bea55e98-2769bb0f.jpg,F:\xlw\bdd100k_final\images\100k\val\bea55e98-2769bb0f.jpg,val,clear,night,night
bea64506-c04d4b12.jpg,F:\xlw\bdd100k_final\images\100k\val\bea64506-c04d4b12.jpg,val,clear,daytime,clear
bea6dbeb-3292525a.jpg,F:\xlw\bdd100k_final\images\100k\val\bea6dbeb-3292525a.jpg,val,clear,daytime,clear
bea6dbeb-f1056997.jpg,F:\xlw\bdd100k_final\images\100k\val\bea6dbeb-f1056997.jpg,val,partly cloudy,daytime,clear
bea74140-801c009e.jpg,F:\xlw\bdd100k_final\images\100k\val\bea74140-801c009e.jpg,val,clear,daytime,clear
bea78bf6-01be38ee.jpg,F:\xlw\bdd100k_final\images\100k\val\bea78bf6-01be38ee.jpg,val,clear,night,night
bea82122-66fc59a4.jpg,F:\xlw\bdd100k_final\images\100k\val\bea82122-66fc59a4.jpg,val,clear,daytime,clear
beaa0c22-77f57e18.jpg,F:\xlw\bdd100k_final\images\100k\val\beaa0c22-77f57e18.jpg,val,snowy,daytime,snow
beaa0c22-9f7d6767.jpg,F:\xlw\bdd100k_final\images\100k\val\beaa0c22-9f7d6767.jpg,val,clear,daytime,clear
beaa0c22-e5e3c48f.jpg,F:\xlw\bdd100k_final\images\100k\val\beaa0c22-e5e3c48f.jpg,val,clear,daytime,clear
beaa8787-b07dfe8e.jpg,F:\xlw\bdd100k_final\images\100k\val\beaa8787-b07dfe8e.jpg,val,rainy,daytime,rain
beb12388-2a415a61.jpg,F:\xlw\bdd100k_final\images\100k\val\beb12388-2a415a61.jpg,val,clear,night,night
beb12388-c1f4f3b1.jpg,F:\xlw\bdd100k_final\images\100k\val\beb12388-c1f4f3b1.jpg,val,clear,night,night
beb12388-c681fd3d.jpg,F:\xlw\bdd100k_final\images\100k\val\beb12388-c681fd3d.jpg,val,clear,night,night
beb2aa47-4c96d667.jpg,F:\xlw\bdd100k_final\images\100k\val\beb2aa47-4c96d667.jpg,val,clear,night,night
beb2d175-69dae2f2.jpg,F:\xlw\bdd100k_final\images\100k\val\beb2d175-69dae2f2.jpg,val,partly cloudy,daytime,clear
beb2d175-72de2f87.jpg,F:\xlw\bdd100k_final\images\100k\val\beb2d175-72de2f87.jpg,val,partly cloudy,daytime,clear
beb3d6ea-272401a6.jpg,F:\xlw\bdd100k_final\images\100k\val\beb3d6ea-272401a6.jpg,val,partly cloudy,daytime,clear
beb3d6ea-3a661077.jpg,F:\xlw\bdd100k_final\images\100k\val\beb3d6ea-3a661077.jpg,val,partly cloudy,daytime,clear
beb3d6ea-3b5b9e2e.jpg,F:\xlw\bdd100k_final\images\100k\val\beb3d6ea-3b5b9e2e.jpg,val,overcast,daytime,clear
beb3d6ea-d2584fc7.jpg,F:\xlw\bdd100k_final\images\100k\val\beb3d6ea-d2584fc7.jpg,val,clear,daytime,clear
beb53c44-1aa54ed7.jpg,F:\xlw\bdd100k_final\images\100k\val\beb53c44-1aa54ed7.jpg,val,clear,night,night
beb53c44-3b9231ca.jpg,F:\xlw\bdd100k_final\images\100k\val\beb53c44-3b9231ca.jpg,val,clear,night,night
beb53c44-6af8d3b4.jpg,F:\xlw\bdd100k_final\images\100k\val\beb53c44-6af8d3b4.jpg,val,clear,night,night
beb53c44-f3619124.jpg,F:\xlw\bdd100k_final\images\100k\val\beb53c44-f3619124.jpg,val,clear,night,night
beb712cc-6594b626.jpg,F:\xlw\bdd100k_final\images\100k\val\beb712cc-6594b626.jpg,val,clear,daytime,clear
beb712cc-ee31a67b.jpg,F:\xlw\bdd100k_final\images\100k\val\beb712cc-ee31a67b.jpg,val,partly cloudy,daytime,clear
beb80a43-c3b9107e.jpg,F:\xlw\bdd100k_final\images\100k\val\beb80a43-c3b9107e.jpg,val,clear,daytime,clear
beb87fd7-6120b637.jpg,F:\xlw\bdd100k_final\images\100k\val\beb87fd7-6120b637.jpg,val,clear,daytime,clear
bebb5b76-68384a7d.jpg,F:\xlw\bdd100k_final\images\100k\val\bebb5b76-68384a7d.jpg,val,clear,night,night
bebbf02d-dc8f1e04.jpg,F:\xlw\bdd100k_final\images\100k\val\bebbf02d-dc8f1e04.jpg,val,overcast,daytime,clear
bebc2a98-23f14ef2.jpg,F:\xlw\bdd100k_final\images\100k\val\bebc2a98-23f14ef2.jpg,val,snowy,daytime,snow
bebc2a98-728ce6e0.jpg,F:\xlw\bdd100k_final\images\100k\val\bebc2a98-728ce6e0.jpg,val,snowy,daytime,snow
bebc6162-bf494364.jpg,F:\xlw\bdd100k_final\images\100k\val\bebc6162-bf494364.jpg,val,rainy,daytime,rain
bebd2415-30a87543.jpg,F:\xlw\bdd100k_final\images\100k\val\bebd2415-30a87543.jpg,val,clear,night,night
bebd9c47-9d51ac58.jpg,F:\xlw\bdd100k_final\images\100k\val\bebd9c47-9d51ac58.jpg,val,rainy,night,night
bec0d815-f71f4f7b.jpg,F:\xlw\bdd100k_final\images\100k\val\bec0d815-f71f4f7b.jpg,val,clear,daytime,clear
bec165a2-cc4b47ed.jpg,F:\xlw\bdd100k_final\images\100k\val\bec165a2-cc4b47ed.jpg,val,clear,night,night
bec19328-e01f5679.jpg,F:\xlw\bdd100k_final\images\100k\val\bec19328-e01f5679.jpg,val,clear,night,night
bec5aa0b-27aa89d9.jpg,F:\xlw\bdd100k_final\images\100k\val\bec5aa0b-27aa89d9.jpg,val,clear,night,night
bec5aa0b-fdc30a1e.jpg,F:\xlw\bdd100k_final\images\100k\val\bec5aa0b-fdc30a1e.jpg,val,clear,night,night
bec6904e-816bf499.jpg,F:\xlw\bdd100k_final\images\100k\val\bec6904e-816bf499.jpg,val,clear,daytime,clear
bec7b5c0-1bbf2379.jpg,F:\xlw\bdd100k_final\images\100k\val\bec7b5c0-1bbf2379.jpg,val,overcast,daytime,clear
bec7b5c0-492e391a.jpg,F:\xlw\bdd100k_final\images\100k\val\bec7b5c0-492e391a.jpg,val,overcast,daytime,clear
bec7b5c0-5cf322d9.jpg,F:\xlw\bdd100k_final\images\100k\val\bec7b5c0-5cf322d9.jpg,val,clear,daytime,clear
becccb13-74e09a25.jpg,F:\xlw\bdd100k_final\images\100k\val\becccb13-74e09a25.jpg,val,rainy,daytime,rain
beccfad4-d24a29c5.jpg,F:\xlw\bdd100k_final\images\100k\val\beccfad4-d24a29c5.jpg,val,clear,daytime,clear
becd26b2-c02db1e6.jpg,F:\xlw\bdd100k_final\images\100k\val\becd26b2-c02db1e6.jpg,val,clear,night,night
beced1e4-8d82da4e.jpg,F:\xlw\bdd100k_final\images\100k\val\beced1e4-8d82da4e.jpg,val,clear,daytime,clear
beced1e4-e2532a6e.jpg,F:\xlw\bdd100k_final\images\100k\val\beced1e4-e2532a6e.jpg,val,snowy,daytime,snow
becfc708-145da944.jpg,F:\xlw\bdd100k_final\images\100k\val\becfc708-145da944.jpg,val,clear,night,night
becfc708-24488979.jpg,F:\xlw\bdd100k_final\images\100k\val\becfc708-24488979.jpg,val,rainy,night,night
becfc708-b7f59377.jpg,F:\xlw\bdd100k_final\images\100k\val\becfc708-b7f59377.jpg,val,clear,night,night
becfc708-eaf36a96.jpg,F:\xlw\bdd100k_final\images\100k\val\becfc708-eaf36a96.jpg,val,rainy,daytime,rain
bed001a8-2339fb95.jpg,F:\xlw\bdd100k_final\images\100k\val\bed001a8-2339fb95.jpg,val,clear,daytime,clear
bed001a8-6cd3d8be.jpg,F:\xlw\bdd100k_final\images\100k\val\bed001a8-6cd3d8be.jpg,val,clear,daytime,clear
bed07392-75beda90.jpg,F:\xlw\bdd100k_final\images\100k\val\bed07392-75beda90.jpg,val,clear,night,night
bed3a784-c17f9bcb.jpg,F:\xlw\bdd100k_final\images\100k\val\bed3a784-c17f9bcb.jpg,val,clear,daytime,clear
bed3bee0-0aa5d83d.jpg,F:\xlw\bdd100k_final\images\100k\val\bed3bee0-0aa5d83d.jpg,val,clear,night,night
bed3bee0-a9817eee.jpg,F:\xlw\bdd100k_final\images\100k\val\bed3bee0-a9817eee.jpg,val,clear,night,night
bed3db3f-f0ce3c29.jpg,F:\xlw\bdd100k_final\images\100k\val\bed3db3f-f0ce3c29.jpg,val,clear,night,night
bed4ed94-7b8c51c7.jpg,F:\xlw\bdd100k_final\images\100k\val\bed4ed94-7b8c51c7.jpg,val,undefined,night,night
bed782a6-b511b4b6.jpg,F:\xlw\bdd100k_final\images\100k\val\bed782a6-b511b4b6.jpg,val,clear,daytime,clear
bed7aad9-554b58df.jpg,F:\xlw\bdd100k_final\images\100k\val\bed7aad9-554b58df.jpg,val,clear,night,night
bed8e0d6-615b8f5e.jpg,F:\xlw\bdd100k_final\images\100k\val\bed8e0d6-615b8f5e.jpg,val,clear,night,night
bed8e0d6-d5645404.jpg,F:\xlw\bdd100k_final\images\100k\val\bed8e0d6-d5645404.jpg,val,clear,night,night
bedb6dc2-777e4568.jpg,F:\xlw\bdd100k_final\images\100k\val\bedb6dc2-777e4568.jpg,val,clear,night,night
bedb9474-8dd30e6f.jpg,F:\xlw\bdd100k_final\images\100k\val\bedb9474-8dd30e6f.jpg,val,overcast,daytime,clear
bedbeb83-cfb5b8eb.jpg,F:\xlw\bdd100k_final\images\100k\val\bedbeb83-cfb5b8eb.jpg,val,clear,night,night
bedbeb83-fe19f8c6.jpg,F:\xlw\bdd100k_final\images\100k\val\bedbeb83-fe19f8c6.jpg,val,clear,night,night
bedd1376-090caeff.jpg,F:\xlw\bdd100k_final\images\100k\val\bedd1376-090caeff.jpg,val,snowy,daytime,snow
bedd1376-60cdb96b.jpg,F:\xlw\bdd100k_final\images\100k\val\bedd1376-60cdb96b.jpg,val,snowy,daytime,snow
bedd1376-f4b27761.jpg,F:\xlw\bdd100k_final\images\100k\val\bedd1376-f4b27761.jpg,val,snowy,daytime,snow
bee05c71-de853116.jpg,F:\xlw\bdd100k_final\images\100k\val\bee05c71-de853116.jpg,val,clear,night,night
bee1b799-cfe60aff.jpg,F:\xlw\bdd100k_final\images\100k\val\bee1b799-cfe60aff.jpg,val,clear,daytime,clear
bee1f0a4-22dbabcd.jpg,F:\xlw\bdd100k_final\images\100k\val\bee1f0a4-22dbabcd.jpg,val,clear,daytime,clear
bee41f4c-27a63e4b.jpg,F:\xlw\bdd100k_final\images\100k\val\bee41f4c-27a63e4b.jpg,val,clear,night,night
bee41f4c-ff91e224.jpg,F:\xlw\bdd100k_final\images\100k\val\bee41f4c-ff91e224.jpg,val,clear,night,night
bee5ec8b-493be8dd.jpg,F:\xlw\bdd100k_final\images\100k\val\bee5ec8b-493be8dd.jpg,val,partly cloudy,daytime,clear
bee67716-2a04a827.jpg,F:\xlw\bdd100k_final\images\100k\val\bee67716-2a04a827.jpg,val,clear,daytime,clear
bee679f2-dd1ee975.jpg,F:\xlw\bdd100k_final\images\100k\val\bee679f2-dd1ee975.jpg,val,overcast,daytime,clear
bee6e5eb-3269dda9.jpg,F:\xlw\bdd100k_final\images\100k\val\bee6e5eb-3269dda9.jpg,val,clear,night,night
bee6e5eb-ee57b54a.jpg,F:\xlw\bdd100k_final\images\100k\val\bee6e5eb-ee57b54a.jpg,val,clear,night,night
bee6f1ed-04d4eed4.jpg,F:\xlw\bdd100k_final\images\100k\val\bee6f1ed-04d4eed4.jpg,val,clear,night,night
bee6f1ed-1a33ed88.jpg,F:\xlw\bdd100k_final\images\100k\val\bee6f1ed-1a33ed88.jpg,val,clear,night,night
bee6f1ed-5f8eec63.jpg,F:\xlw\bdd100k_final\images\100k\val\bee6f1ed-5f8eec63.jpg,val,clear,night,night
bee6f1ed-d591156d.jpg,F:\xlw\bdd100k_final\images\100k\val\bee6f1ed-d591156d.jpg,val,rainy,night,night
bee6f1ed-d8ef19e6.jpg,F:\xlw\bdd100k_final\images\100k\val\bee6f1ed-d8ef19e6.jpg,val,clear,night,night
beea0e03-fa22a607.jpg,F:\xlw\bdd100k_final\images\100k\val\beea0e03-fa22a607.jpg,val,clear,daytime,clear
beeaded5-7cb91618.jpg,F:\xlw\bdd100k_final\images\100k\val\beeaded5-7cb91618.jpg,val,clear,night,night
beeaded5-8b3f6201.jpg,F:\xlw\bdd100k_final\images\100k\val\beeaded5-8b3f6201.jpg,val,clear,night,night
beeaded5-9bb26175.jpg,F:\xlw\bdd100k_final\images\100k\val\beeaded5-9bb26175.jpg,val,clear,night,night
beeaded5-ab8d8f4b.jpg,F:\xlw\bdd100k_final\images\100k\val\beeaded5-ab8d8f4b.jpg,val,clear,night,night
beebb876-fec7bfc6.jpg,F:\xlw\bdd100k_final\images\100k\val\beebb876-fec7bfc6.jpg,val,overcast,daytime,clear
beec1825-ec4450ad.jpg,F:\xlw\bdd100k_final\images\100k\val\beec1825-ec4450ad.jpg,val,clear,night,night
beeed9e7-d279d8ee.jpg,F:\xlw\bdd100k_final\images\100k\val\beeed9e7-d279d8ee.jpg,val,rainy,daytime,rain
bef016fa-761bfbc6.jpg,F:\xlw\bdd100k_final\images\100k\val\bef016fa-761bfbc6.jpg,val,clear,night,night
bef09238-c1e87e2d.jpg,F:\xlw\bdd100k_final\images\100k\val\bef09238-c1e87e2d.jpg,val,clear,night,night
bef1fe5a-2384bb3d.jpg,F:\xlw\bdd100k_final\images\100k\val\bef1fe5a-2384bb3d.jpg,val,overcast,daytime,clear
bef1fe5a-64664ad2.jpg,F:\xlw\bdd100k_final\images\100k\val\bef1fe5a-64664ad2.jpg,val,overcast,daytime,clear
bef271e3-99f9020e.jpg,F:\xlw\bdd100k_final\images\100k\val\bef271e3-99f9020e.jpg,val,clear,daytime,clear
bef3c0bd-5e448793.jpg,F:\xlw\bdd100k_final\images\100k\val\bef3c0bd-5e448793.jpg,val,clear,night,night
bef60eb6-80419967.jpg,F:\xlw\bdd100k_final\images\100k\val\bef60eb6-80419967.jpg,val,clear,night,night
bef60eb6-b92e9131.jpg,F:\xlw\bdd100k_final\images\100k\val\bef60eb6-b92e9131.jpg,val,clear,night,night
bef703f9-1b27304e.jpg,F:\xlw\bdd100k_final\images\100k\val\bef703f9-1b27304e.jpg,val,snowy,daytime,snow
bef766cb-e61b2168.jpg,F:\xlw\bdd100k_final\images\100k\val\bef766cb-e61b2168.jpg,val,clear,daytime,clear
bef766cb-f36b2dca.jpg,F:\xlw\bdd100k_final\images\100k\val\bef766cb-f36b2dca.jpg,val,overcast,daytime,clear
bef77538-a89b1dfa.jpg,F:\xlw\bdd100k_final\images\100k\val\bef77538-a89b1dfa.jpg,val,clear,night,night
bef7c739-8821d482.jpg,F:\xlw\bdd100k_final\images\100k\val\bef7c739-8821d482.jpg,val,snowy,night,night
bef7c739-c71a55d9.jpg,F:\xlw\bdd100k_final\images\100k\val\bef7c739-c71a55d9.jpg,val,snowy,night,night
bef7fb14-970e2929.jpg,F:\xlw\bdd100k_final\images\100k\val\bef7fb14-970e2929.jpg,val,partly cloudy,daytime,clear
bef8ae8b-17ae6029.jpg,F:\xlw\bdd100k_final\images\100k\val\bef8ae8b-17ae6029.jpg,val,clear,night,night
bef906fc-2f834e3d.jpg,F:\xlw\bdd100k_final\images\100k\val\bef906fc-2f834e3d.jpg,val,overcast,night,night
bef906fc-4922c33f.jpg,F:\xlw\bdd100k_final\images\100k\val\bef906fc-4922c33f.jpg,val,clear,night,night
bef906fc-b88eb3a5.jpg,F:\xlw\bdd100k_final\images\100k\val\bef906fc-b88eb3a5.jpg,val,clear,night,night
bef9fe55-0bba41cb.jpg,F:\xlw\bdd100k_final\images\100k\val\bef9fe55-0bba41cb.jpg,val,clear,daytime,clear
befbd710-6bf61d20.jpg,F:\xlw\bdd100k_final\images\100k\val\befbd710-6bf61d20.jpg,val,clear,night,night
befbf2cc-bec128ef.jpg,F:\xlw\bdd100k_final\images\100k\val\befbf2cc-bec128ef.jpg,val,rainy,daytime,rain
befce81b-f743c561.jpg,F:\xlw\bdd100k_final\images\100k\val\befce81b-f743c561.jpg,val,overcast,daytime,clear
befd675c-ead3969d.jpg,F:\xlw\bdd100k_final\images\100k\val\befd675c-ead3969d.jpg,val,clear,daytime,clear
befd706d-2e1fe6e1.jpg,F:\xlw\bdd100k_final\images\100k\val\befd706d-2e1fe6e1.jpg,val,snowy,daytime,snow
befd706d-40c8471f.jpg,F:\xlw\bdd100k_final\images\100k\val\befd706d-40c8471f.jpg,val,snowy,daytime,snow
befe15d9-e3db8d6b.jpg,F:\xlw\bdd100k_final\images\100k\val\befe15d9-e3db8d6b.jpg,val,snowy,daytime,snow
befee345-01dae796.jpg,F:\xlw\bdd100k_final\images\100k\val\befee345-01dae796.jpg,val,clear,night,night
befee345-19b86489.jpg,F:\xlw\bdd100k_final\images\100k\val\befee345-19b86489.jpg,val,clear,night,night
befee345-1efe9c0a.jpg,F:\xlw\bdd100k_final\images\100k\val\befee345-1efe9c0a.jpg,val,clear,night,night
beff1d1c-567ec742.jpg,F:\xlw\bdd100k_final\images\100k\val\beff1d1c-567ec742.jpg,val,clear,night,night
beff1d1c-61ba43ef.jpg,F:\xlw\bdd100k_final\images\100k\val\beff1d1c-61ba43ef.jpg,val,clear,night,night
beff1d1c-c6d92f51.jpg,F:\xlw\bdd100k_final\images\100k\val\beff1d1c-c6d92f51.jpg,val,clear,night,night
beff1d1c-cd927d17.jpg,F:\xlw\bdd100k_final\images\100k\val\beff1d1c-cd927d17.jpg,val,clear,night,night
beff1d1c-f80d0deb.jpg,F:\xlw\bdd100k_final\images\100k\val\beff1d1c-f80d0deb.jpg,val,clear,night,night
beffe676-8c0d1028.jpg,F:\xlw\bdd100k_final\images\100k\val\beffe676-8c0d1028.jpg,val,clear,daytime,clear
bf0038bc-5446bb48.jpg,F:\xlw\bdd100k_final\images\100k\val\bf0038bc-5446bb48.jpg,val,clear,night,night
bf0038bc-5512f257.jpg,F:\xlw\bdd100k_final\images\100k\val\bf0038bc-5512f257.jpg,val,clear,night,night
bf02cf02-6168f0d6.jpg,F:\xlw\bdd100k_final\images\100k\val\bf02cf02-6168f0d6.jpg,val,clear,night,night
bf03e478-3ead0cb8.jpg,F:\xlw\bdd100k_final\images\100k\val\bf03e478-3ead0cb8.jpg,val,overcast,daytime,clear
bf03faea-d6b6f567.jpg,F:\xlw\bdd100k_final\images\100k\val\bf03faea-d6b6f567.jpg,val,snowy,daytime,snow
bf04b038-341ec0e5.jpg,F:\xlw\bdd100k_final\images\100k\val\bf04b038-341ec0e5.jpg,val,clear,daytime,clear
bf052c3b-5c1b4e94.jpg,F:\xlw\bdd100k_final\images\100k\val\bf052c3b-5c1b4e94.jpg,val,clear,night,night
bf052c3b-a0f32e60.jpg,F:\xlw\bdd100k_final\images\100k\val\bf052c3b-a0f32e60.jpg,val,rainy,night,night
bf054de4-025bb1c3.jpg,F:\xlw\bdd100k_final\images\100k\val\bf054de4-025bb1c3.jpg,val,clear,daytime,clear
bf05a6c1-e2ce238f.jpg,F:\xlw\bdd100k_final\images\100k\val\bf05a6c1-e2ce238f.jpg,val,overcast,daytime,clear
bf05e3be-6a2103bc.jpg,F:\xlw\bdd100k_final\images\100k\val\bf05e3be-6a2103bc.jpg,val,clear,night,night
bf05e3be-96b558db.jpg,F:\xlw\bdd100k_final\images\100k\val\bf05e3be-96b558db.jpg,val,clear,night,night
bf0b285b-46b928cd.jpg,F:\xlw\bdd100k_final\images\100k\val\bf0b285b-46b928cd.jpg,val,clear,daytime,clear
bf0b285b-afa81125.jpg,F:\xlw\bdd100k_final\images\100k\val\bf0b285b-afa81125.jpg,val,clear,daytime,clear
bf0b4238-302c2ca1.jpg,F:\xlw\bdd100k_final\images\100k\val\bf0b4238-302c2ca1.jpg,val,clear,night,night
bf0e0d24-ab9a3039.jpg,F:\xlw\bdd100k_final\images\100k\val\bf0e0d24-ab9a3039.jpg,val,clear,daytime,clear
bf0eda09-d1773b85.jpg,F:\xlw\bdd100k_final\images\100k\val\bf0eda09-d1773b85.jpg,val,rainy,night,night
bf0fa6b5-1388ed76.jpg,F:\xlw\bdd100k_final\images\100k\val\bf0fa6b5-1388ed76.jpg,val,clear,night,night
bf0fa6b5-d2d998ed.jpg,F:\xlw\bdd100k_final\images\100k\val\bf0fa6b5-d2d998ed.jpg,val,clear,night,night
bf0fd4de-7db956ab.jpg,F:\xlw\bdd100k_final\images\100k\val\bf0fd4de-7db956ab.jpg,val,clear,daytime,clear
bf10e8c4-9122dd20.jpg,F:\xlw\bdd100k_final\images\100k\val\bf10e8c4-9122dd20.jpg,val,overcast,daytime,clear
bf12003f-2a0d3f5f.jpg,F:\xlw\bdd100k_final\images\100k\val\bf12003f-2a0d3f5f.jpg,val,clear,night,night
bf144b6a-99b46408.jpg,F:\xlw\bdd100k_final\images\100k\val\bf144b6a-99b46408.jpg,val,clear,daytime,clear
bf144b6a-c204b7ad.jpg,F:\xlw\bdd100k_final\images\100k\val\bf144b6a-c204b7ad.jpg,val,clear,daytime,clear
bf15b5bf-01ddf8ac.jpg,F:\xlw\bdd100k_final\images\100k\val\bf15b5bf-01ddf8ac.jpg,val,overcast,daytime,clear
bf15b5bf-1416d166.jpg,F:\xlw\bdd100k_final\images\100k\val\bf15b5bf-1416d166.jpg,val,overcast,daytime,clear
bf15c7b5-99d19019.jpg,F:\xlw\bdd100k_final\images\100k\val\bf15c7b5-99d19019.jpg,val,overcast,daytime,clear
bf1787f3-3073f6c0.jpg,F:\xlw\bdd100k_final\images\100k\val\bf1787f3-3073f6c0.jpg,val,rainy,night,night
bf183e49-9965b6a6.jpg,F:\xlw\bdd100k_final\images\100k\val\bf183e49-9965b6a6.jpg,val,clear,night,night
bf183e49-ba9bf999.jpg,F:\xlw\bdd100k_final\images\100k\val\bf183e49-ba9bf999.jpg,val,overcast,daytime,clear
bf196891-1bf4eedc.jpg,F:\xlw\bdd100k_final\images\100k\val\bf196891-1bf4eedc.jpg,val,overcast,daytime,clear
bf1a30f8-29c812b9.jpg,F:\xlw\bdd100k_final\images\100k\val\bf1a30f8-29c812b9.jpg,val,clear,night,night
bf1a30f8-59a115d8.jpg,F:\xlw\bdd100k_final\images\100k\val\bf1a30f8-59a115d8.jpg,val,clear,night,night
bf1a30f8-9e0a449f.jpg,F:\xlw\bdd100k_final\images\100k\val\bf1a30f8-9e0a449f.jpg,val,clear,night,night
bf1af4ce-dcf62242.jpg,F:\xlw\bdd100k_final\images\100k\val\bf1af4ce-dcf62242.jpg,val,rainy,night,night
bf1af616-188d7e2a.jpg,F:\xlw\bdd100k_final\images\100k\val\bf1af616-188d7e2a.jpg,val,clear,night,night
bf1af616-5a57545f.jpg,F:\xlw\bdd100k_final\images\100k\val\bf1af616-5a57545f.jpg,val,clear,night,night
bf1e5669-0beb1b4a.jpg,F:\xlw\bdd100k_final\images\100k\val\bf1e5669-0beb1b4a.jpg,val,clear,night,night
bf1e5669-69f07222.jpg,F:\xlw\bdd100k_final\images\100k\val\bf1e5669-69f07222.jpg,val,clear,night,night
bf1e5669-860f46d0.jpg,F:\xlw\bdd100k_final\images\100k\val\bf1e5669-860f46d0.jpg,val,clear,night,night
bf1e5669-bbaafa89.jpg,F:\xlw\bdd100k_final\images\100k\val\bf1e5669-bbaafa89.jpg,val,clear,night,night
bf1e5669-e6da49f2.jpg,F:\xlw\bdd100k_final\images\100k\val\bf1e5669-e6da49f2.jpg,val,undefined,night,night
bf1f4d74-22e5dedf.jpg,F:\xlw\bdd100k_final\images\100k\val\bf1f4d74-22e5dedf.jpg,val,clear,night,night
bf1f6e6e-3e47c0f7.jpg,F:\xlw\bdd100k_final\images\100k\val\bf1f6e6e-3e47c0f7.jpg,val,clear,night,night
bf1f6e6e-56f03a2b.jpg,F:\xlw\bdd100k_final\images\100k\val\bf1f6e6e-56f03a2b.jpg,val,clear,night,night
bf213ac1-1665b81a.jpg,F:\xlw\bdd100k_final\images\100k\val\bf213ac1-1665b81a.jpg,val,clear,daytime,clear
bf213ac1-62a8536b.jpg,F:\xlw\bdd100k_final\images\100k\val\bf213ac1-62a8536b.jpg,val,clear,daytime,clear
bf213ac1-760849cf.jpg,F:\xlw\bdd100k_final\images\100k\val\bf213ac1-760849cf.jpg,val,clear,night,night
bf214d1e-13344ae4.jpg,F:\xlw\bdd100k_final\images\100k\val\bf214d1e-13344ae4.jpg,val,overcast,daytime,clear
bf234dae-307f8179.jpg,F:\xlw\bdd100k_final\images\100k\val\bf234dae-307f8179.jpg,val,clear,night,night
bf234dae-5e550365.jpg,F:\xlw\bdd100k_final\images\100k\val\bf234dae-5e550365.jpg,val,rainy,night,night
bf234dae-f65aaae7.jpg,F:\xlw\bdd100k_final\images\100k\val\bf234dae-f65aaae7.jpg,val,clear,night,night
bf245ae0-5e89fbec.jpg,F:\xlw\bdd100k_final\images\100k\val\bf245ae0-5e89fbec.jpg,val,clear,night,night
bf245ae0-7630688e.jpg,F:\xlw\bdd100k_final\images\100k\val\bf245ae0-7630688e.jpg,val,clear,night,night
bf253792-58f60cfd.jpg,F:\xlw\bdd100k_final\images\100k\val\bf253792-58f60cfd.jpg,val,clear,night,night
bf253792-ee5c325c.jpg,F:\xlw\bdd100k_final\images\100k\val\bf253792-ee5c325c.jpg,val,clear,night,night
bf261d80-f339c048.jpg,F:\xlw\bdd100k_final\images\100k\val\bf261d80-f339c048.jpg,val,clear,daytime,clear
bf293835-27fe9270.jpg,F:\xlw\bdd100k_final\images\100k\val\bf293835-27fe9270.jpg,val,overcast,daytime,clear
bf2cc385-11d88c56.jpg,F:\xlw\bdd100k_final\images\100k\val\bf2cc385-11d88c56.jpg,val,snowy,daytime,snow
bf2e0bca-0e06c1e6.jpg,F:\xlw\bdd100k_final\images\100k\val\bf2e0bca-0e06c1e6.jpg,val,clear,night,night
bf2e0bca-37a0f62f.jpg,F:\xlw\bdd100k_final\images\100k\val\bf2e0bca-37a0f62f.jpg,val,clear,night,night
bf2e0bca-9689bbb7.jpg,F:\xlw\bdd100k_final\images\100k\val\bf2e0bca-9689bbb7.jpg,val,rainy,night,night
bf2fa820-e9e1f3a9.jpg,F:\xlw\bdd100k_final\images\100k\val\bf2fa820-e9e1f3a9.jpg,val,rainy,night,night
bf2fa820-f92b9073.jpg,F:\xlw\bdd100k_final\images\100k\val\bf2fa820-f92b9073.jpg,val,snowy,night,night
bf31a320-4f8a93b3.jpg,F:\xlw\bdd100k_final\images\100k\val\bf31a320-4f8a93b3.jpg,val,partly cloudy,daytime,clear
bf343a92-8db05f89.jpg,F:\xlw\bdd100k_final\images\100k\val\bf343a92-8db05f89.jpg,val,snowy,daytime,snow
bf35c34e-a6721934.jpg,F:\xlw\bdd100k_final\images\100k\val\bf35c34e-a6721934.jpg,val,snowy,night,night
bf383078-27a885cb.jpg,F:\xlw\bdd100k_final\images\100k\val\bf383078-27a885cb.jpg,val,overcast,daytime,clear
bf3ce441-1f58c6c7.jpg,F:\xlw\bdd100k_final\images\100k\val\bf3ce441-1f58c6c7.jpg,val,partly cloudy,daytime,clear
bf3d49bf-b543e245.jpg,F:\xlw\bdd100k_final\images\100k\val\bf3d49bf-b543e245.jpg,val,rainy,daytime,rain
bf3f6680-1b77d211.jpg,F:\xlw\bdd100k_final\images\100k\val\bf3f6680-1b77d211.jpg,val,clear,night,night
bf42f468-f2b3301f.jpg,F:\xlw\bdd100k_final\images\100k\val\bf42f468-f2b3301f.jpg,val,overcast,daytime,clear
bf44f0b6-7e6ad409.jpg,F:\xlw\bdd100k_final\images\100k\val\bf44f0b6-7e6ad409.jpg,val,clear,night,night
bf44f0b6-9339bf70.jpg,F:\xlw\bdd100k_final\images\100k\val\bf44f0b6-9339bf70.jpg,val,clear,night,night
bf44f0b6-9e06f79f.jpg,F:\xlw\bdd100k_final\images\100k\val\bf44f0b6-9e06f79f.jpg,val,clear,night,night
bf44f0b6-b0ca7b49.jpg,F:\xlw\bdd100k_final\images\100k\val\bf44f0b6-b0ca7b49.jpg,val,clear,night,night
bf44f0b6-f574a2e3.jpg,F:\xlw\bdd100k_final\images\100k\val\bf44f0b6-f574a2e3.jpg,val,clear,night,night
bf474631-7bf7833c.jpg,F:\xlw\bdd100k_final\images\100k\val\bf474631-7bf7833c.jpg,val,overcast,daytime,clear
bf474631-c3a76c7d.jpg,F:\xlw\bdd100k_final\images\100k\val\bf474631-c3a76c7d.jpg,val,overcast,daytime,clear
bf476255-3d67b267.jpg,F:\xlw\bdd100k_final\images\100k\val\bf476255-3d67b267.jpg,val,overcast,daytime,clear
bf4784eb-172d9e7a.jpg,F:\xlw\bdd100k_final\images\100k\val\bf4784eb-172d9e7a.jpg,val,overcast,daytime,clear
bf480c09-1ca4a92f.jpg,F:\xlw\bdd100k_final\images\100k\val\bf480c09-1ca4a92f.jpg,val,clear,night,night
bf482378-7f39ea1d.jpg,F:\xlw\bdd100k_final\images\100k\val\bf482378-7f39ea1d.jpg,val,clear,night,night
bf482378-d236a3a7.jpg,F:\xlw\bdd100k_final\images\100k\val\bf482378-d236a3a7.jpg,val,clear,night,night
bf482378-efc17f31.jpg,F:\xlw\bdd100k_final\images\100k\val\bf482378-efc17f31.jpg,val,clear,night,night
bf4906e0-73ed04de.jpg,F:\xlw\bdd100k_final\images\100k\val\bf4906e0-73ed04de.jpg,val,clear,daytime,clear
bf4af26f-12121f1d.jpg,F:\xlw\bdd100k_final\images\100k\val\bf4af26f-12121f1d.jpg,val,snowy,daytime,snow
bf4af26f-3304199e.jpg,F:\xlw\bdd100k_final\images\100k\val\bf4af26f-3304199e.jpg,val,snowy,daytime,snow
bf4af26f-44beba25.jpg,F:\xlw\bdd100k_final\images\100k\val\bf4af26f-44beba25.jpg,val,snowy,daytime,snow
bf4b0c94-a416bc37.jpg,F:\xlw\bdd100k_final\images\100k\val\bf4b0c94-a416bc37.jpg,val,rainy,night,night
bf527384-71f7e998.jpg,F:\xlw\bdd100k_final\images\100k\val\bf527384-71f7e998.jpg,val,undefined,night,night
bf527384-894c88c6.jpg,F:\xlw\bdd100k_final\images\100k\val\bf527384-894c88c6.jpg,val,clear,night,night
bf538a51-8782f04d.jpg,F:\xlw\bdd100k_final\images\100k\val\bf538a51-8782f04d.jpg,val,overcast,daytime,clear
bf53cf41-5f1eb5f7.jpg,F:\xlw\bdd100k_final\images\100k\val\bf53cf41-5f1eb5f7.jpg,val,overcast,daytime,clear
bf568d39-2bac1d09.jpg,F:\xlw\bdd100k_final\images\100k\val\bf568d39-2bac1d09.jpg,val,clear,daytime,clear
bf57ea07-3e2c4a5c.jpg,F:\xlw\bdd100k_final\images\100k\val\bf57ea07-3e2c4a5c.jpg,val,overcast,daytime,clear
bf585795-7312cfb9.jpg,F:\xlw\bdd100k_final\images\100k\val\bf585795-7312cfb9.jpg,val,clear,night,night
bf5ae456-be2897e1.jpg,F:\xlw\bdd100k_final\images\100k\val\bf5ae456-be2897e1.jpg,val,partly cloudy,daytime,clear
bf5b423c-eb2447d8.jpg,F:\xlw\bdd100k_final\images\100k\val\bf5b423c-eb2447d8.jpg,val,clear,daytime,clear
bf5b7ee3-18a07bcb.jpg,F:\xlw\bdd100k_final\images\100k\val\bf5b7ee3-18a07bcb.jpg,val,snowy,daytime,snow
bf5b7ee3-c2fbdc46.jpg,F:\xlw\bdd100k_final\images\100k\val\bf5b7ee3-c2fbdc46.jpg,val,rainy,daytime,rain
bf5c77a9-13452168.jpg,F:\xlw\bdd100k_final\images\100k\val\bf5c77a9-13452168.jpg,val,clear,night,night
bf5cbf56-68ea71b1.jpg,F:\xlw\bdd100k_final\images\100k\val\bf5cbf56-68ea71b1.jpg,val,partly cloudy,daytime,clear
bf5d49a3-e2779858.jpg,F:\xlw\bdd100k_final\images\100k\val\bf5d49a3-e2779858.jpg,val,snowy,night,night
bf5e662c-0c0afa60.jpg,F:\xlw\bdd100k_final\images\100k\val\bf5e662c-0c0afa60.jpg,val,clear,daytime,clear
bf5e662c-dba716fd.jpg,F:\xlw\bdd100k_final\images\100k\val\bf5e662c-dba716fd.jpg,val,partly cloudy,daytime,clear
bf5ea8d2-108ab9c6.jpg,F:\xlw\bdd100k_final\images\100k\val\bf5ea8d2-108ab9c6.jpg,val,clear,daytime,clear
bf601884-354b9229.jpg,F:\xlw\bdd100k_final\images\100k\val\bf601884-354b9229.jpg,val,rainy,night,night
bf601884-af1b43e3.jpg,F:\xlw\bdd100k_final\images\100k\val\bf601884-af1b43e3.jpg,val,clear,night,night
bf601f23-a680411c.jpg,F:\xlw\bdd100k_final\images\100k\val\bf601f23-a680411c.jpg,val,partly cloudy,daytime,clear
bf60c0eb-310cd7ca.jpg,F:\xlw\bdd100k_final\images\100k\val\bf60c0eb-310cd7ca.jpg,val,clear,night,night
bf61730d-6e8eedcc.jpg,F:\xlw\bdd100k_final\images\100k\val\bf61730d-6e8eedcc.jpg,val,clear,night,night
bf61730d-ee3b8d16.jpg,F:\xlw\bdd100k_final\images\100k\val\bf61730d-ee3b8d16.jpg,val,clear,night,night
bf62df05-4bf9402e.jpg,F:\xlw\bdd100k_final\images\100k\val\bf62df05-4bf9402e.jpg,val,clear,night,night
bf62df05-874604fe.jpg,F:\xlw\bdd100k_final\images\100k\val\bf62df05-874604fe.jpg,val,clear,night,night
bf62df05-98d03652.jpg,F:\xlw\bdd100k_final\images\100k\val\bf62df05-98d03652.jpg,val,clear,night,night
bf62e180-b6240b12.jpg,F:\xlw\bdd100k_final\images\100k\val\bf62e180-b6240b12.jpg,val,clear,daytime,clear
bf62fab5-912af759.jpg,F:\xlw\bdd100k_final\images\100k\val\bf62fab5-912af759.jpg,val,clear,night,night
bf62fab5-bb2d9b65.jpg,F:\xlw\bdd100k_final\images\100k\val\bf62fab5-bb2d9b65.jpg,val,clear,night,night
bf6315ee-a77e1bb2.jpg,F:\xlw\bdd100k_final\images\100k\val\bf6315ee-a77e1bb2.jpg,val,snowy,night,night
bf6315ee-ab762696.jpg,F:\xlw\bdd100k_final\images\100k\val\bf6315ee-ab762696.jpg,val,undefined,night,night
bf65bf11-942ce158.jpg,F:\xlw\bdd100k_final\images\100k\val\bf65bf11-942ce158.jpg,val,snowy,daytime,snow
bf668f9e-a12cb035.jpg,F:\xlw\bdd100k_final\images\100k\val\bf668f9e-a12cb035.jpg,val,clear,daytime,clear
bf66b0b2-63bcf4a9.jpg,F:\xlw\bdd100k_final\images\100k\val\bf66b0b2-63bcf4a9.jpg,val,clear,daytime,clear
bf6711ef-76e408aa.jpg,F:\xlw\bdd100k_final\images\100k\val\bf6711ef-76e408aa.jpg,val,clear,night,night
bf688d4d-54210a91.jpg,F:\xlw\bdd100k_final\images\100k\val\bf688d4d-54210a91.jpg,val,clear,night,night
bf688d4d-e96a15d5.jpg,F:\xlw\bdd100k_final\images\100k\val\bf688d4d-e96a15d5.jpg,val,clear,night,night
bf6b680e-c959640f.jpg,F:\xlw\bdd100k_final\images\100k\val\bf6b680e-c959640f.jpg,val,clear,night,night
bf6b680e-fe68c5f5.jpg,F:\xlw\bdd100k_final\images\100k\val\bf6b680e-fe68c5f5.jpg,val,clear,night,night
bf6e127b-7d039d6b.jpg,F:\xlw\bdd100k_final\images\100k\val\bf6e127b-7d039d6b.jpg,val,clear,night,night
bf6e127b-cc8a310b.jpg,F:\xlw\bdd100k_final\images\100k\val\bf6e127b-cc8a310b.jpg,val,clear,night,night
bf6fda4e-0a49960f.jpg,F:\xlw\bdd100k_final\images\100k\val\bf6fda4e-0a49960f.jpg,val,clear,night,night
bf70a9e2-55b26931.jpg,F:\xlw\bdd100k_final\images\100k\val\bf70a9e2-55b26931.jpg,val,clear,daytime,clear
bf70d850-0abbeea2.jpg,F:\xlw\bdd100k_final\images\100k\val\bf70d850-0abbeea2.jpg,val,clear,night,night
bf721457-715b4856.jpg,F:\xlw\bdd100k_final\images\100k\val\bf721457-715b4856.jpg,val,rainy,night,night
bf7355b8-f5de162f.jpg,F:\xlw\bdd100k_final\images\100k\val\bf7355b8-f5de162f.jpg,val,clear,night,night
bf761516-f03a434a.jpg,F:\xlw\bdd100k_final\images\100k\val\bf761516-f03a434a.jpg,val,clear,night,night
bf76fa8e-889c317d.jpg,F:\xlw\bdd100k_final\images\100k\val\bf76fa8e-889c317d.jpg,val,overcast,daytime,clear
bf77e9b1-33a1b81e.jpg,F:\xlw\bdd100k_final\images\100k\val\bf77e9b1-33a1b81e.jpg,val,overcast,daytime,clear
bf77e9b1-717cbd2c.jpg,F:\xlw\bdd100k_final\images\100k\val\bf77e9b1-717cbd2c.jpg,val,clear,night,night
bf77e9b1-b862e178.jpg,F:\xlw\bdd100k_final\images\100k\val\bf77e9b1-b862e178.jpg,val,clear,night,night
bf77e9b1-cd3a731c.jpg,F:\xlw\bdd100k_final\images\100k\val\bf77e9b1-cd3a731c.jpg,val,clear,night,night
bf77e9b1-f693c2f5.jpg,F:\xlw\bdd100k_final\images\100k\val\bf77e9b1-f693c2f5.jpg,val,clear,night,night
bf78f601-1003f3da.jpg,F:\xlw\bdd100k_final\images\100k\val\bf78f601-1003f3da.jpg,val,clear,daytime,clear
bf7b93b6-de7552a6.jpg,F:\xlw\bdd100k_final\images\100k\val\bf7b93b6-de7552a6.jpg,val,overcast,daytime,clear
bf7cb2a4-685faa7f.jpg,F:\xlw\bdd100k_final\images\100k\val\bf7cb2a4-685faa7f.jpg,val,clear,night,night
bf7e1159-d2bcc563.jpg,F:\xlw\bdd100k_final\images\100k\val\bf7e1159-d2bcc563.jpg,val,overcast,daytime,clear
bf7f097a-2fcff02a.jpg,F:\xlw\bdd100k_final\images\100k\val\bf7f097a-2fcff02a.jpg,val,clear,daytime,clear
bf80599d-c04f3cbb.jpg,F:\xlw\bdd100k_final\images\100k\val\bf80599d-c04f3cbb.jpg,val,clear,daytime,clear
bf80a27d-159d64f6.jpg,F:\xlw\bdd100k_final\images\100k\val\bf80a27d-159d64f6.jpg,val,clear,night,night
bf80a27d-2933a89a.jpg,F:\xlw\bdd100k_final\images\100k\val\bf80a27d-2933a89a.jpg,val,clear,night,night
bf80a27d-38c70fee.jpg,F:\xlw\bdd100k_final\images\100k\val\bf80a27d-38c70fee.jpg,val,clear,night,night
bf8220b9-086e9e29.jpg,F:\xlw\bdd100k_final\images\100k\val\bf8220b9-086e9e29.jpg,val,rainy,night,night
bf8332bd-2f11c278.jpg,F:\xlw\bdd100k_final\images\100k\val\bf8332bd-2f11c278.jpg,val,overcast,daytime,clear
bf838e9d-08f6fb44.jpg,F:\xlw\bdd100k_final\images\100k\val\bf838e9d-08f6fb44.jpg,val,clear,daytime,clear
bf838e9d-d8d5be4d.jpg,F:\xlw\bdd100k_final\images\100k\val\bf838e9d-d8d5be4d.jpg,val,clear,daytime,clear
bf8463c9-7f1810d4.jpg,F:\xlw\bdd100k_final\images\100k\val\bf8463c9-7f1810d4.jpg,val,partly cloudy,daytime,clear
bf86bb70-2699b8b6.jpg,F:\xlw\bdd100k_final\images\100k\val\bf86bb70-2699b8b6.jpg,val,partly cloudy,daytime,clear
bf8ec5b7-66439a9c.jpg,F:\xlw\bdd100k_final\images\100k\val\bf8ec5b7-66439a9c.jpg,val,overcast,daytime,clear
bf8ec5b7-72e1f37c.jpg,F:\xlw\bdd100k_final\images\100k\val\bf8ec5b7-72e1f37c.jpg,val,partly cloudy,daytime,clear
bf8feaf5-cf2b6195.jpg,F:\xlw\bdd100k_final\images\100k\val\bf8feaf5-cf2b6195.jpg,val,clear,daytime,clear
bf8ff5f5-1133a840.jpg,F:\xlw\bdd100k_final\images\100k\val\bf8ff5f5-1133a840.jpg,val,clear,night,night
bf8ff5f5-877edaa0.jpg,F:\xlw\bdd100k_final\images\100k\val\bf8ff5f5-877edaa0.jpg,val,rainy,night,night
bf8ff5f5-916b50d0.jpg,F:\xlw\bdd100k_final\images\100k\val\bf8ff5f5-916b50d0.jpg,val,rainy,daytime,rain
bf8ff5f5-9ae0cea2.jpg,F:\xlw\bdd100k_final\images\100k\val\bf8ff5f5-9ae0cea2.jpg,val,clear,night,night
bf90176a-c0b94917.jpg,F:\xlw\bdd100k_final\images\100k\val\bf90176a-c0b94917.jpg,val,clear,daytime,clear
bf928096-25eb02e7.jpg,F:\xlw\bdd100k_final\images\100k\val\bf928096-25eb02e7.jpg,val,clear,night,night
bf928096-34a8405b.jpg,F:\xlw\bdd100k_final\images\100k\val\bf928096-34a8405b.jpg,val,clear,night,night
bf928096-9b96d95f.jpg,F:\xlw\bdd100k_final\images\100k\val\bf928096-9b96d95f.jpg,val,clear,night,night
bf9460c0-65fea53a.jpg,F:\xlw\bdd100k_final\images\100k\val\bf9460c0-65fea53a.jpg,val,snowy,daytime,snow
bf96ae83-7705add3.jpg,F:\xlw\bdd100k_final\images\100k\val\bf96ae83-7705add3.jpg,val,partly cloudy,daytime,clear
bf96f64f-283c7376.jpg,F:\xlw\bdd100k_final\images\100k\val\bf96f64f-283c7376.jpg,val,undefined,night,night
bf97082f-6527ff5e.jpg,F:\xlw\bdd100k_final\images\100k\val\bf97082f-6527ff5e.jpg,val,overcast,daytime,clear
bf97082f-7b5ec66c.jpg,F:\xlw\bdd100k_final\images\100k\val\bf97082f-7b5ec66c.jpg,val,overcast,daytime,clear
bf971590-0308762e.jpg,F:\xlw\bdd100k_final\images\100k\val\bf971590-0308762e.jpg,val,rainy,night,night
bf972758-b963f153.jpg,F:\xlw\bdd100k_final\images\100k\val\bf972758-b963f153.jpg,val,snowy,daytime,snow
bf9881e4-9f1bb471.jpg,F:\xlw\bdd100k_final\images\100k\val\bf9881e4-9f1bb471.jpg,val,overcast,daytime,clear
bf9a1430-3640a531.jpg,F:\xlw\bdd100k_final\images\100k\val\bf9a1430-3640a531.jpg,val,clear,night,night
bf9a1430-d4650520.jpg,F:\xlw\bdd100k_final\images\100k\val\bf9a1430-d4650520.jpg,val,clear,night,night
bf9ba5a3-22398dcc.jpg,F:\xlw\bdd100k_final\images\100k\val\bf9ba5a3-22398dcc.jpg,val,clear,daytime,clear
bf9cab66-816b6d5f.jpg,F:\xlw\bdd100k_final\images\100k\val\bf9cab66-816b6d5f.jpg,val,clear,night,night
bf9d1ca5-2ff62aeb.jpg,F:\xlw\bdd100k_final\images\100k\val\bf9d1ca5-2ff62aeb.jpg,val,clear,daytime,clear
bf9e2172-8a10c663.jpg,F:\xlw\bdd100k_final\images\100k\val\bf9e2172-8a10c663.jpg,val,partly cloudy,daytime,clear
bf9e2172-8feb4817.jpg,F:\xlw\bdd100k_final\images\100k\val\bf9e2172-8feb4817.jpg,val,overcast,daytime,clear
bf9e3b67-49c1ef1c.jpg,F:\xlw\bdd100k_final\images\100k\val\bf9e3b67-49c1ef1c.jpg,val,clear,daytime,clear
bf9e5f64-da8a4c40.jpg,F:\xlw\bdd100k_final\images\100k\val\bf9e5f64-da8a4c40.jpg,val,overcast,daytime,clear
bfa05832-d5061cc3.jpg,F:\xlw\bdd100k_final\images\100k\val\bfa05832-d5061cc3.jpg,val,clear,daytime,clear
bfa087f5-1913ced9.jpg,F:\xlw\bdd100k_final\images\100k\val\bfa087f5-1913ced9.jpg,val,clear,night,night
bfa5fc6e-d45ac06d.jpg,F:\xlw\bdd100k_final\images\100k\val\bfa5fc6e-d45ac06d.jpg,val,overcast,daytime,clear
bfa5fc6e-e4c87cf7.jpg,F:\xlw\bdd100k_final\images\100k\val\bfa5fc6e-e4c87cf7.jpg,val,overcast,daytime,clear
bfa89962-310ad204.jpg,F:\xlw\bdd100k_final\images\100k\val\bfa89962-310ad204.jpg,val,clear,night,night
bfa89962-637b5ce3.jpg,F:\xlw\bdd100k_final\images\100k\val\bfa89962-637b5ce3.jpg,val,clear,night,night
bfa89962-9698bc68.jpg,F:\xlw\bdd100k_final\images\100k\val\bfa89962-9698bc68.jpg,val,clear,night,night
bfa89962-a4546438.jpg,F:\xlw\bdd100k_final\images\100k\val\bfa89962-a4546438.jpg,val,clear,night,night
bfa8c531-7831c864.jpg,F:\xlw\bdd100k_final\images\100k\val\bfa8c531-7831c864.jpg,val,partly cloudy,daytime,clear
bfa8c531-e3fed04f.jpg,F:\xlw\bdd100k_final\images\100k\val\bfa8c531-e3fed04f.jpg,val,clear,daytime,clear
bfa92b30-41f9894f.jpg,F:\xlw\bdd100k_final\images\100k\val\bfa92b30-41f9894f.jpg,val,clear,daytime,clear
bfa92b30-f12f3535.jpg,F:\xlw\bdd100k_final\images\100k\val\bfa92b30-f12f3535.jpg,val,clear,daytime,clear
bfaa2229-ae426591.jpg,F:\xlw\bdd100k_final\images\100k\val\bfaa2229-ae426591.jpg,val,clear,night,night
bfaa2229-c1b190bb.jpg,F:\xlw\bdd100k_final\images\100k\val\bfaa2229-c1b190bb.jpg,val,clear,night,night
bfaa6e54-0aeb77a6.jpg,F:\xlw\bdd100k_final\images\100k\val\bfaa6e54-0aeb77a6.jpg,val,rainy,daytime,rain
bfaa6e54-147a080d.jpg,F:\xlw\bdd100k_final\images\100k\val\bfaa6e54-147a080d.jpg,val,rainy,daytime,rain
bfaa6e54-86f831bf.jpg,F:\xlw\bdd100k_final\images\100k\val\bfaa6e54-86f831bf.jpg,val,clear,night,night
bfaa6e54-d6a20a93.jpg,F:\xlw\bdd100k_final\images\100k\val\bfaa6e54-d6a20a93.jpg,val,clear,night,night
bfaa6e54-f82c8c56.jpg,F:\xlw\bdd100k_final\images\100k\val\bfaa6e54-f82c8c56.jpg,val,rainy,night,night
bfaa6e54-fafa90f6.jpg,F:\xlw\bdd100k_final\images\100k\val\bfaa6e54-fafa90f6.jpg,val,clear,night,night
bfaca2bb-30af2110.jpg,F:\xlw\bdd100k_final\images\100k\val\bfaca2bb-30af2110.jpg,val,clear,daytime,clear
bfaca2bb-98dfee43.jpg,F:\xlw\bdd100k_final\images\100k\val\bfaca2bb-98dfee43.jpg,val,clear,daytime,clear
bfaca2bb-f1c305a8.jpg,F:\xlw\bdd100k_final\images\100k\val\bfaca2bb-f1c305a8.jpg,val,clear,daytime,clear
bfacd805-eb6140c4.jpg,F:\xlw\bdd100k_final\images\100k\val\bfacd805-eb6140c4.jpg,val,clear,night,night
bfb0e8d5-bd35f625.jpg,F:\xlw\bdd100k_final\images\100k\val\bfb0e8d5-bd35f625.jpg,val,snowy,daytime,snow
bfb11474-87040800.jpg,F:\xlw\bdd100k_final\images\100k\val\bfb11474-87040800.jpg,val,clear,night,night
bfb23820-94babfba.jpg,F:\xlw\bdd100k_final\images\100k\val\bfb23820-94babfba.jpg,val,overcast,daytime,clear
bfb2803b-16154aab.jpg,F:\xlw\bdd100k_final\images\100k\val\bfb2803b-16154aab.jpg,val,clear,night,night
bfb3cabc-90e4418a.jpg,F:\xlw\bdd100k_final\images\100k\val\bfb3cabc-90e4418a.jpg,val,clear,night,night
bfb3e0e3-6767a552.jpg,F:\xlw\bdd100k_final\images\100k\val\bfb3e0e3-6767a552.jpg,val,partly cloudy,daytime,clear
bfb3e0e3-9844c8ca.jpg,F:\xlw\bdd100k_final\images\100k\val\bfb3e0e3-9844c8ca.jpg,val,partly cloudy,daytime,clear
bfb41e9f-48952c95.jpg,F:\xlw\bdd100k_final\images\100k\val\bfb41e9f-48952c95.jpg,val,clear,daytime,clear
bfb41e9f-e4f81437.jpg,F:\xlw\bdd100k_final\images\100k\val\bfb41e9f-e4f81437.jpg,val,clear,daytime,clear
bfb4dfcd-2f987f2b.jpg,F:\xlw\bdd100k_final\images\100k\val\bfb4dfcd-2f987f2b.jpg,val,clear,daytime,clear
bfb5e668-6cddf5eb.jpg,F:\xlw\bdd100k_final\images\100k\val\bfb5e668-6cddf5eb.jpg,val,overcast,daytime,clear
bfb60a50-6a338fe9.jpg,F:\xlw\bdd100k_final\images\100k\val\bfb60a50-6a338fe9.jpg,val,clear,night,night
bfb6d7c1-d607f837.jpg,F:\xlw\bdd100k_final\images\100k\val\bfb6d7c1-d607f837.jpg,val,clear,night,night
bfb72242-2b84934e.jpg,F:\xlw\bdd100k_final\images\100k\val\bfb72242-2b84934e.jpg,val,overcast,daytime,clear
bfb72242-c9cffb08.jpg,F:\xlw\bdd100k_final\images\100k\val\bfb72242-c9cffb08.jpg,val,overcast,daytime,clear
bfb97ec2-23a5c362.jpg,F:\xlw\bdd100k_final\images\100k\val\bfb97ec2-23a5c362.jpg,val,overcast,daytime,clear
bfb9cf70-29fd574e.jpg,F:\xlw\bdd100k_final\images\100k\val\bfb9cf70-29fd574e.jpg,val,clear,daytime,clear
bfba9eb5-3f0a9a5b.jpg,F:\xlw\bdd100k_final\images\100k\val\bfba9eb5-3f0a9a5b.jpg,val,clear,night,night
bfba9eb5-64a87010.jpg,F:\xlw\bdd100k_final\images\100k\val\bfba9eb5-64a87010.jpg,val,clear,night,night
bfba9eb5-efe572ee.jpg,F:\xlw\bdd100k_final\images\100k\val\bfba9eb5-efe572ee.jpg,val,clear,night,night
bfbc2f14-6fb10366.jpg,F:\xlw\bdd100k_final\images\100k\val\bfbc2f14-6fb10366.jpg,val,clear,daytime,clear
bfbe2ad2-03a46467.jpg,F:\xlw\bdd100k_final\images\100k\val\bfbe2ad2-03a46467.jpg,val,rainy,night,night
bfbe2ad2-303c3576.jpg,F:\xlw\bdd100k_final\images\100k\val\bfbe2ad2-303c3576.jpg,val,snowy,night,night
bfbe2ad2-a1ac1610.jpg,F:\xlw\bdd100k_final\images\100k\val\bfbe2ad2-a1ac1610.jpg,val,clear,night,night
bfbe2ad2-eaedd133.jpg,F:\xlw\bdd100k_final\images\100k\val\bfbe2ad2-eaedd133.jpg,val,snowy,night,night
bfbe2ad2-ec5dea9d.jpg,F:\xlw\bdd100k_final\images\100k\val\bfbe2ad2-ec5dea9d.jpg,val,snowy,night,night
bfc0402e-23a0568c.jpg,F:\xlw\bdd100k_final\images\100k\val\bfc0402e-23a0568c.jpg,val,clear,night,night
bfc06497-fc2b4581.jpg,F:\xlw\bdd100k_final\images\100k\val\bfc06497-fc2b4581.jpg,val,clear,daytime,clear
bfc43556-5db6add1.jpg,F:\xlw\bdd100k_final\images\100k\val\bfc43556-5db6add1.jpg,val,partly cloudy,daytime,clear
bfc5dbe7-792c876f.jpg,F:\xlw\bdd100k_final\images\100k\val\bfc5dbe7-792c876f.jpg,val,snowy,daytime,snow
bfc62f16-5ecb9627.jpg,F:\xlw\bdd100k_final\images\100k\val\bfc62f16-5ecb9627.jpg,val,snowy,daytime,snow
bfc62f16-845d051b.jpg,F:\xlw\bdd100k_final\images\100k\val\bfc62f16-845d051b.jpg,val,snowy,daytime,snow
bfc62f16-f0cc96d9.jpg,F:\xlw\bdd100k_final\images\100k\val\bfc62f16-f0cc96d9.jpg,val,snowy,night,night
bfc62f16-f4f6adfa.jpg,F:\xlw\bdd100k_final\images\100k\val\bfc62f16-f4f6adfa.jpg,val,snowy,daytime,snow
bfc62f16-f88f822c.jpg,F:\xlw\bdd100k_final\images\100k\val\bfc62f16-f88f822c.jpg,val,snowy,daytime,snow
bfc62f16-fabea717.jpg,F:\xlw\bdd100k_final\images\100k\val\bfc62f16-fabea717.jpg,val,snowy,daytime,snow
bfc8dd24-b7264c9d.jpg,F:\xlw\bdd100k_final\images\100k\val\bfc8dd24-b7264c9d.jpg,val,overcast,daytime,clear
bfc8dd24-e8506ffa.jpg,F:\xlw\bdd100k_final\images\100k\val\bfc8dd24-e8506ffa.jpg,val,overcast,daytime,clear
bfc99518-547e6e69.jpg,F:\xlw\bdd100k_final\images\100k\val\bfc99518-547e6e69.jpg,val,clear,night,night
bfcd1873-fbd35796.jpg,F:\xlw\bdd100k_final\images\100k\val\bfcd1873-fbd35796.jpg,val,clear,night,night
bfcd4491-8f55e55d.jpg,F:\xlw\bdd100k_final\images\100k\val\bfcd4491-8f55e55d.jpg,val,clear,night,night
bfd08f2c-b67851d1.jpg,F:\xlw\bdd100k_final\images\100k\val\bfd08f2c-b67851d1.jpg,val,clear,daytime,clear
bfd29575-767314a3.jpg,F:\xlw\bdd100k_final\images\100k\val\bfd29575-767314a3.jpg,val,clear,daytime,clear
bfd32194-f4ea20e9.jpg,F:\xlw\bdd100k_final\images\100k\val\bfd32194-f4ea20e9.jpg,val,rainy,night,night
bfd64d5f-172c9bb5.jpg,F:\xlw\bdd100k_final\images\100k\val\bfd64d5f-172c9bb5.jpg,val,overcast,daytime,clear
bfd64d5f-a12327b4.jpg,F:\xlw\bdd100k_final\images\100k\val\bfd64d5f-a12327b4.jpg,val,clear,daytime,clear
bfd64d5f-d141be33.jpg,F:\xlw\bdd100k_final\images\100k\val\bfd64d5f-d141be33.jpg,val,clear,daytime,clear
bfd64d5f-ec05de8b.jpg,F:\xlw\bdd100k_final\images\100k\val\bfd64d5f-ec05de8b.jpg,val,overcast,daytime,clear
bfd64d5f-f98204af.jpg,F:\xlw\bdd100k_final\images\100k\val\bfd64d5f-f98204af.jpg,val,partly cloudy,daytime,clear
bfdb9d69-9beabbd2.jpg,F:\xlw\bdd100k_final\images\100k\val\bfdb9d69-9beabbd2.jpg,val,clear,daytime,clear
bfdd9ffd-3943106e.jpg,F:\xlw\bdd100k_final\images\100k\val\bfdd9ffd-3943106e.jpg,val,rainy,daytime,rain
bfdd9ffd-82f78be7.jpg,F:\xlw\bdd100k_final\images\100k\val\bfdd9ffd-82f78be7.jpg,val,rainy,daytime,rain
bfe0801e-20388316.jpg,F:\xlw\bdd100k_final\images\100k\val\bfe0801e-20388316.jpg,val,clear,daytime,clear
bfe133fb-db319b45.jpg,F:\xlw\bdd100k_final\images\100k\val\bfe133fb-db319b45.jpg,val,snowy,daytime,snow
bfe2b817-505676ef.jpg,F:\xlw\bdd100k_final\images\100k\val\bfe2b817-505676ef.jpg,val,overcast,daytime,clear
bfe2b817-628f0621.jpg,F:\xlw\bdd100k_final\images\100k\val\bfe2b817-628f0621.jpg,val,clear,night,night
bfe2b817-8501bdbe.jpg,F:\xlw\bdd100k_final\images\100k\val\bfe2b817-8501bdbe.jpg,val,clear,daytime,clear
bfe2b817-f79474a3.jpg,F:\xlw\bdd100k_final\images\100k\val\bfe2b817-f79474a3.jpg,val,partly cloudy,daytime,clear
bfe587eb-11d07974.jpg,F:\xlw\bdd100k_final\images\100k\val\bfe587eb-11d07974.jpg,val,partly cloudy,daytime,clear
bfe587eb-d21baba4.jpg,F:\xlw\bdd100k_final\images\100k\val\bfe587eb-d21baba4.jpg,val,overcast,daytime,clear
bfe75427-6cd46203.jpg,F:\xlw\bdd100k_final\images\100k\val\bfe75427-6cd46203.jpg,val,clear,night,night
bfe7b25a-08e67541.jpg,F:\xlw\bdd100k_final\images\100k\val\bfe7b25a-08e67541.jpg,val,clear,night,night
bfe8b400-4d8c8141.jpg,F:\xlw\bdd100k_final\images\100k\val\bfe8b400-4d8c8141.jpg,val,clear,night,night
bfe8b400-4f8084c2.jpg,F:\xlw\bdd100k_final\images\100k\val\bfe8b400-4f8084c2.jpg,val,clear,night,night
bfe8b400-befb1a30.jpg,F:\xlw\bdd100k_final\images\100k\val\bfe8b400-befb1a30.jpg,val,clear,night,night
bfe976fd-62a13503.jpg,F:\xlw\bdd100k_final\images\100k\val\bfe976fd-62a13503.jpg,val,partly cloudy,daytime,clear
bfe98b68-6e23d74e.jpg,F:\xlw\bdd100k_final\images\100k\val\bfe98b68-6e23d74e.jpg,val,clear,daytime,clear
bfe98b68-afa168ac.jpg,F:\xlw\bdd100k_final\images\100k\val\bfe98b68-afa168ac.jpg,val,clear,daytime,clear
bfe98b68-b1125889.jpg,F:\xlw\bdd100k_final\images\100k\val\bfe98b68-b1125889.jpg,val,partly cloudy,daytime,clear
bfea6630-09edb925.jpg,F:\xlw\bdd100k_final\images\100k\val\bfea6630-09edb925.jpg,val,snowy,daytime,snow
bfea6630-1ddff719.jpg,F:\xlw\bdd100k_final\images\100k\val\bfea6630-1ddff719.jpg,val,snowy,daytime,snow
bfee349b-7f157350.jpg,F:\xlw\bdd100k_final\images\100k\val\bfee349b-7f157350.jpg,val,clear,daytime,clear
bfee82ef-f5aad313.jpg,F:\xlw\bdd100k_final\images\100k\val\bfee82ef-f5aad313.jpg,val,rainy,daytime,rain
bfef4a55-a91bccc2.jpg,F:\xlw\bdd100k_final\images\100k\val\bfef4a55-a91bccc2.jpg,val,overcast,daytime,clear
bfef4a55-c2edf3fa.jpg,F:\xlw\bdd100k_final\images\100k\val\bfef4a55-c2edf3fa.jpg,val,overcast,daytime,clear
bfef4a55-cb6a5afa.jpg,F:\xlw\bdd100k_final\images\100k\val\bfef4a55-cb6a5afa.jpg,val,rainy,daytime,rain
bff1a1d0-56aa4453.jpg,F:\xlw\bdd100k_final\images\100k\val\bff1a1d0-56aa4453.jpg,val,partly cloudy,daytime,clear
bff1a1d0-5a57063a.jpg,F:\xlw\bdd100k_final\images\100k\val\bff1a1d0-5a57063a.jpg,val,partly cloudy,daytime,clear
bff35990-58723dd3.jpg,F:\xlw\bdd100k_final\images\100k\val\bff35990-58723dd3.jpg,val,overcast,daytime,clear
bff4b8c8-1713b132.jpg,F:\xlw\bdd100k_final\images\100k\val\bff4b8c8-1713b132.jpg,val,snowy,daytime,snow
bff4bb8b-08eee3f5.jpg,F:\xlw\bdd100k_final\images\100k\val\bff4bb8b-08eee3f5.jpg,val,clear,daytime,clear
bff4bb8b-152c6105.jpg,F:\xlw\bdd100k_final\images\100k\val\bff4bb8b-152c6105.jpg,val,clear,daytime,clear
bff7091d-346e6f58.jpg,F:\xlw\bdd100k_final\images\100k\val\bff7091d-346e6f58.jpg,val,clear,daytime,clear
bff7091d-4ea5eb2a.jpg,F:\xlw\bdd100k_final\images\100k\val\bff7091d-4ea5eb2a.jpg,val,clear,daytime,clear
bff76a29-d83cd75e.jpg,F:\xlw\bdd100k_final\images\100k\val\bff76a29-d83cd75e.jpg,val,partly cloudy,daytime,clear
bff7ed18-63d4857d.jpg,F:\xlw\bdd100k_final\images\100k\val\bff7ed18-63d4857d.jpg,val,clear,night,night
bff7ed18-b5f7d2e1.jpg,F:\xlw\bdd100k_final\images\100k\val\bff7ed18-b5f7d2e1.jpg,val,overcast,daytime,clear
bffa2c3f-5f909b3f.jpg,F:\xlw\bdd100k_final\images\100k\val\bffa2c3f-5f909b3f.jpg,val,clear,night,night
bffa2c3f-ac75497e.jpg,F:\xlw\bdd100k_final\images\100k\val\bffa2c3f-ac75497e.jpg,val,clear,night,night
bffa2c3f-b28b13ed.jpg,F:\xlw\bdd100k_final\images\100k\val\bffa2c3f-b28b13ed.jpg,val,clear,night,night
bffa98fc-bfb566ff.jpg,F:\xlw\bdd100k_final\images\100k\val\bffa98fc-bfb566ff.jpg,val,clear,night,night
bffbaf67-67882851.jpg,F:\xlw\bdd100k_final\images\100k\val\bffbaf67-67882851.jpg,val,rainy,daytime,rain
bffc4ac6-08b91b4d.jpg,F:\xlw\bdd100k_final\images\100k\val\bffc4ac6-08b91b4d.jpg,val,clear,night,night
bffc4ac6-436c938b.jpg,F:\xlw\bdd100k_final\images\100k\val\bffc4ac6-436c938b.jpg,val,clear,night,night
bffc4ac6-583caa9e.jpg,F:\xlw\bdd100k_final\images\100k\val\bffc4ac6-583caa9e.jpg,val,clear,night,night
bffd135f-e011f9b8.jpg,F:\xlw\bdd100k_final\images\100k\val\bffd135f-e011f9b8.jpg,val,clear,night,night
bffd135f-e90ce8f8.jpg,F:\xlw\bdd100k_final\images\100k\val\bffd135f-e90ce8f8.jpg,val,clear,night,night
bffe6c38-2cd2565f.jpg,F:\xlw\bdd100k_final\images\100k\val\bffe6c38-2cd2565f.jpg,val,partly cloudy,daytime,clear
bffe8c14-18cf493f.jpg,F:\xlw\bdd100k_final\images\100k\val\bffe8c14-18cf493f.jpg,val,clear,daytime,clear
c000dedd-0352a12a.jpg,F:\xlw\bdd100k_final\images\100k\val\c000dedd-0352a12a.jpg,val,clear,night,night
c000dedd-db6c37a3.jpg,F:\xlw\bdd100k_final\images\100k\val\c000dedd-db6c37a3.jpg,val,clear,night,night
c001c58f-86eaaa56.jpg,F:\xlw\bdd100k_final\images\100k\val\c001c58f-86eaaa56.jpg,val,clear,night,night
c0020346-d539abe5.jpg,F:\xlw\bdd100k_final\images\100k\val\c0020346-d539abe5.jpg,val,clear,daytime,clear
c0035eda-6e1b34d6.jpg,F:\xlw\bdd100k_final\images\100k\val\c0035eda-6e1b34d6.jpg,val,overcast,daytime,clear
c003e0c6-ed98cc51.jpg,F:\xlw\bdd100k_final\images\100k\val\c003e0c6-ed98cc51.jpg,val,clear,night,night
c0071cbb-02fb08c6.jpg,F:\xlw\bdd100k_final\images\100k\val\c0071cbb-02fb08c6.jpg,val,clear,daytime,clear
c007ae4f-1529fac2.jpg,F:\xlw\bdd100k_final\images\100k\val\c007ae4f-1529fac2.jpg,val,clear,night,night
c0082590-c1533b81.jpg,F:\xlw\bdd100k_final\images\100k\val\c0082590-c1533b81.jpg,val,partly cloudy,daytime,clear
c0082590-e325cff4.jpg,F:\xlw\bdd100k_final\images\100k\val\c0082590-e325cff4.jpg,val,clear,daytime,clear
c009571d-dec7e775.jpg,F:\xlw\bdd100k_final\images\100k\val\c009571d-dec7e775.jpg,val,clear,night,night
c009fbf7-93fa77b1.jpg,F:\xlw\bdd100k_final\images\100k\val\c009fbf7-93fa77b1.jpg,val,clear,night,night
c00a8f2a-d84a9895.jpg,F:\xlw\bdd100k_final\images\100k\val\c00a8f2a-d84a9895.jpg,val,clear,night,night
c00c9631-ae7bd0ad.jpg,F:\xlw\bdd100k_final\images\100k\val\c00c9631-ae7bd0ad.jpg,val,overcast,daytime,clear
c00d02a5-01e36f95.jpg,F:\xlw\bdd100k_final\images\100k\val\c00d02a5-01e36f95.jpg,val,partly cloudy,daytime,clear
c00d02a5-6d49812c.jpg,F:\xlw\bdd100k_final\images\100k\val\c00d02a5-6d49812c.jpg,val,partly cloudy,daytime,clear
c00d0859-8e02615e.jpg,F:\xlw\bdd100k_final\images\100k\val\c00d0859-8e02615e.jpg,val,clear,daytime,clear
c00dd69e-cee6e38e.jpg,F:\xlw\bdd100k_final\images\100k\val\c00dd69e-cee6e38e.jpg,val,clear,night,night
c00ec632-8bf1e59e.jpg,F:\xlw\bdd100k_final\images\100k\val\c00ec632-8bf1e59e.jpg,val,clear,daytime,clear
c00f8f83-5c4bc3eb.jpg,F:\xlw\bdd100k_final\images\100k\val\c00f8f83-5c4bc3eb.jpg,val,overcast,daytime,clear
c00f8f83-bdd9f783.jpg,F:\xlw\bdd100k_final\images\100k\val\c00f8f83-bdd9f783.jpg,val,clear,daytime,clear
c00fffc0-bd41df0c.jpg,F:\xlw\bdd100k_final\images\100k\val\c00fffc0-bd41df0c.jpg,val,clear,night,night
c011d5e2-d4732967.jpg,F:\xlw\bdd100k_final\images\100k\val\c011d5e2-d4732967.jpg,val,rainy,night,night
c012c422-cfa24c39.jpg,F:\xlw\bdd100k_final\images\100k\val\c012c422-cfa24c39.jpg,val,clear,night,night
c013472b-6f3cec0b.jpg,F:\xlw\bdd100k_final\images\100k\val\c013472b-6f3cec0b.jpg,val,clear,night,night
c013a15f-06edbffd.jpg,F:\xlw\bdd100k_final\images\100k\val\c013a15f-06edbffd.jpg,val,partly cloudy,daytime,clear
c01c313b-e0b15fa2.jpg,F:\xlw\bdd100k_final\images\100k\val\c01c313b-e0b15fa2.jpg,val,snowy,night,night
c01c4d85-3381ebcd.jpg,F:\xlw\bdd100k_final\images\100k\val\c01c4d85-3381ebcd.jpg,val,rainy,night,night
c01c4d85-36b417ee.jpg,F:\xlw\bdd100k_final\images\100k\val\c01c4d85-36b417ee.jpg,val,clear,night,night
c01c4d85-745a5a22.jpg,F:\xlw\bdd100k_final\images\100k\val\c01c4d85-745a5a22.jpg,val,clear,night,night
c01c4d85-a68b0ac8.jpg,F:\xlw\bdd100k_final\images\100k\val\c01c4d85-a68b0ac8.jpg,val,clear,night,night
c01c4d85-e0e6780a.jpg,F:\xlw\bdd100k_final\images\100k\val\c01c4d85-e0e6780a.jpg,val,clear,night,night
c01cec8c-897f1dfc.jpg,F:\xlw\bdd100k_final\images\100k\val\c01cec8c-897f1dfc.jpg,val,clear,daytime,clear
c01feca6-4fe11029.jpg,F:\xlw\bdd100k_final\images\100k\val\c01feca6-4fe11029.jpg,val,clear,night,night
c0200910-8ac0f85d.jpg,F:\xlw\bdd100k_final\images\100k\val\c0200910-8ac0f85d.jpg,val,clear,night,night
c0200910-93adc390.jpg,F:\xlw\bdd100k_final\images\100k\val\c0200910-93adc390.jpg,val,clear,night,night
c0200910-e470c541.jpg,F:\xlw\bdd100k_final\images\100k\val\c0200910-e470c541.jpg,val,clear,night,night
c0208527-089e044f.jpg,F:\xlw\bdd100k_final\images\100k\val\c0208527-089e044f.jpg,val,clear,night,night
c0209255-980acc6a.jpg,F:\xlw\bdd100k_final\images\100k\val\c0209255-980acc6a.jpg,val,rainy,night,night
c0217f91-3ec314e4.jpg,F:\xlw\bdd100k_final\images\100k\val\c0217f91-3ec314e4.jpg,val,rainy,daytime,rain
c02184c3-43f2bd7d.jpg,F:\xlw\bdd100k_final\images\100k\val\c02184c3-43f2bd7d.jpg,val,clear,night,night
c022e075-40907eff.jpg,F:\xlw\bdd100k_final\images\100k\val\c022e075-40907eff.jpg,val,partly cloudy,daytime,clear
c022e075-de13593a.jpg,F:\xlw\bdd100k_final\images\100k\val\c022e075-de13593a.jpg,val,clear,daytime,clear
c022f361-3ffdbe53.jpg,F:\xlw\bdd100k_final\images\100k\val\c022f361-3ffdbe53.jpg,val,clear,night,night
c024c31c-9ec7869f.jpg,F:\xlw\bdd100k_final\images\100k\val\c024c31c-9ec7869f.jpg,val,rainy,daytime,rain
c025f721-84478bc5.jpg,F:\xlw\bdd100k_final\images\100k\val\c025f721-84478bc5.jpg,val,rainy,night,night
c0276bce-0683c19d.jpg,F:\xlw\bdd100k_final\images\100k\val\c0276bce-0683c19d.jpg,val,clear,night,night
c02cb208-81964a07.jpg,F:\xlw\bdd100k_final\images\100k\val\c02cb208-81964a07.jpg,val,overcast,daytime,clear
c02d0ae3-bce5af86.jpg,F:\xlw\bdd100k_final\images\100k\val\c02d0ae3-bce5af86.jpg,val,overcast,daytime,clear
c02d18db-023c1955.jpg,F:\xlw\bdd100k_final\images\100k\val\c02d18db-023c1955.jpg,val,clear,daytime,clear
c02d18db-f5278de0.jpg,F:\xlw\bdd100k_final\images\100k\val\c02d18db-f5278de0.jpg,val,overcast,daytime,clear
c02ee64a-3178b7fa.jpg,F:\xlw\bdd100k_final\images\100k\val\c02ee64a-3178b7fa.jpg,val,clear,night,night
c02ee64a-64c0a49a.jpg,F:\xlw\bdd100k_final\images\100k\val\c02ee64a-64c0a49a.jpg,val,clear,daytime,clear
c02ee64a-ec68fa8e.jpg,F:\xlw\bdd100k_final\images\100k\val\c02ee64a-ec68fa8e.jpg,val,clear,daytime,clear
c030d423-3c82226c.jpg,F:\xlw\bdd100k_final\images\100k\val\c030d423-3c82226c.jpg,val,clear,night,night
c030d423-7f21731a.jpg,F:\xlw\bdd100k_final\images\100k\val\c030d423-7f21731a.jpg,val,clear,night,night
c030d423-d10bec89.jpg,F:\xlw\bdd100k_final\images\100k\val\c030d423-d10bec89.jpg,val,clear,night,night
c030d423-f3c1f768.jpg,F:\xlw\bdd100k_final\images\100k\val\c030d423-f3c1f768.jpg,val,clear,night,night
c030d423-f82b1a39.jpg,F:\xlw\bdd100k_final\images\100k\val\c030d423-f82b1a39.jpg,val,rainy,night,night
c0336a86-50bbf914.jpg,F:\xlw\bdd100k_final\images\100k\val\c0336a86-50bbf914.jpg,val,clear,night,night
c0350481-340b9ea4.jpg,F:\xlw\bdd100k_final\images\100k\val\c0350481-340b9ea4.jpg,val,partly cloudy,daytime,clear
c036f281-0fcdc2ee.jpg,F:\xlw\bdd100k_final\images\100k\val\c036f281-0fcdc2ee.jpg,val,clear,daytime,clear
c036f281-1d7ac9df.jpg,F:\xlw\bdd100k_final\images\100k\val\c036f281-1d7ac9df.jpg,val,clear,daytime,clear
c036f281-831b21ba.jpg,F:\xlw\bdd100k_final\images\100k\val\c036f281-831b21ba.jpg,val,clear,daytime,clear
c036f281-a0c90e9a.jpg,F:\xlw\bdd100k_final\images\100k\val\c036f281-a0c90e9a.jpg,val,clear,daytime,clear
c038cdca-4df5e979.jpg,F:\xlw\bdd100k_final\images\100k\val\c038cdca-4df5e979.jpg,val,rainy,daytime,rain
c038f7df-82eb7666.jpg,F:\xlw\bdd100k_final\images\100k\val\c038f7df-82eb7666.jpg,val,rainy,daytime,rain
c03d48c2-869f09b4.jpg,F:\xlw\bdd100k_final\images\100k\val\c03d48c2-869f09b4.jpg,val,clear,daytime,clear
c03d7f81-5f0aafb9.jpg,F:\xlw\bdd100k_final\images\100k\val\c03d7f81-5f0aafb9.jpg,val,snowy,daytime,snow
c03f8f84-a2f668ce.jpg,F:\xlw\bdd100k_final\images\100k\val\c03f8f84-a2f668ce.jpg,val,partly cloudy,daytime,clear
c04192a3-8f5b4646.jpg,F:\xlw\bdd100k_final\images\100k\val\c04192a3-8f5b4646.jpg,val,undefined,night,night
c041ef14-a9bb6a98.jpg,F:\xlw\bdd100k_final\images\100k\val\c041ef14-a9bb6a98.jpg,val,clear,night,night
c041f204-6b0c3778.jpg,F:\xlw\bdd100k_final\images\100k\val\c041f204-6b0c3778.jpg,val,partly cloudy,daytime,clear
c04246b7-5386e803.jpg,F:\xlw\bdd100k_final\images\100k\val\c04246b7-5386e803.jpg,val,clear,night,night
c04246b7-d3f8084d.jpg,F:\xlw\bdd100k_final\images\100k\val\c04246b7-d3f8084d.jpg,val,clear,night,night
c0458999-18bb1ce3.jpg,F:\xlw\bdd100k_final\images\100k\val\c0458999-18bb1ce3.jpg,val,clear,daytime,clear
c046b4c6-420f75ad.jpg,F:\xlw\bdd100k_final\images\100k\val\c046b4c6-420f75ad.jpg,val,clear,night,night
c047f07b-d0d11ec9.jpg,F:\xlw\bdd100k_final\images\100k\val\c047f07b-d0d11ec9.jpg,val,clear,daytime,clear
c04ad8f3-05b8c75c.jpg,F:\xlw\bdd100k_final\images\100k\val\c04ad8f3-05b8c75c.jpg,val,clear,night,night
c04eb80c-520a8f79.jpg,F:\xlw\bdd100k_final\images\100k\val\c04eb80c-520a8f79.jpg,val,rainy,night,night
c050ecbc-968adb56.jpg,F:\xlw\bdd100k_final\images\100k\val\c050ecbc-968adb56.jpg,val,snowy,night,night
c051661b-c3b862eb.jpg,F:\xlw\bdd100k_final\images\100k\val\c051661b-c3b862eb.jpg,val,snowy,daytime,snow
c051bcee-e5c6ad9f.jpg,F:\xlw\bdd100k_final\images\100k\val\c051bcee-e5c6ad9f.jpg,val,clear,daytime,clear
c054d340-311be93f.jpg,F:\xlw\bdd100k_final\images\100k\val\c054d340-311be93f.jpg,val,clear,night,night
c055cef2-01665d65.jpg,F:\xlw\bdd100k_final\images\100k\val\c055cef2-01665d65.jpg,val,clear,daytime,clear
c055ff34-c10a74d4.jpg,F:\xlw\bdd100k_final\images\100k\val\c055ff34-c10a74d4.jpg,val,rainy,daytime,rain
c0568203-456be7fe.jpg,F:\xlw\bdd100k_final\images\100k\val\c0568203-456be7fe.jpg,val,clear,night,night
c05703f8-d4391e9d.jpg,F:\xlw\bdd100k_final\images\100k\val\c05703f8-d4391e9d.jpg,val,overcast,daytime,clear
c0576688-a5a81042.jpg,F:\xlw\bdd100k_final\images\100k\val\c0576688-a5a81042.jpg,val,rainy,daytime,rain
c05767da-e6197c97.jpg,F:\xlw\bdd100k_final\images\100k\val\c05767da-e6197c97.jpg,val,partly cloudy,daytime,clear
c05767da-e6e016b5.jpg,F:\xlw\bdd100k_final\images\100k\val\c05767da-e6e016b5.jpg,val,clear,daytime,clear
c057f689-dde1e141.jpg,F:\xlw\bdd100k_final\images\100k\val\c057f689-dde1e141.jpg,val,rainy,night,night
c0591ae4-6214d10f.jpg,F:\xlw\bdd100k_final\images\100k\val\c0591ae4-6214d10f.jpg,val,clear,night,night
c05e4d3b-3edaadc6.jpg,F:\xlw\bdd100k_final\images\100k\val\c05e4d3b-3edaadc6.jpg,val,clear,night,night
c05e4d3b-4512f1aa.jpg,F:\xlw\bdd100k_final\images\100k\val\c05e4d3b-4512f1aa.jpg,val,clear,night,night
c05ef84a-2a2e27b2.jpg,F:\xlw\bdd100k_final\images\100k\val\c05ef84a-2a2e27b2.jpg,val,overcast,daytime,clear
c05f6683-01c5215b.jpg,F:\xlw\bdd100k_final\images\100k\val\c05f6683-01c5215b.jpg,val,clear,night,night
c0625a26-2d4fc27d.jpg,F:\xlw\bdd100k_final\images\100k\val\c0625a26-2d4fc27d.jpg,val,clear,night,night
c0625a26-bbc13047.jpg,F:\xlw\bdd100k_final\images\100k\val\c0625a26-bbc13047.jpg,val,clear,night,night
c0625a26-cd00b6b6.jpg,F:\xlw\bdd100k_final\images\100k\val\c0625a26-cd00b6b6.jpg,val,clear,night,night
c0625a26-ef2bcca4.jpg,F:\xlw\bdd100k_final\images\100k\val\c0625a26-ef2bcca4.jpg,val,clear,night,night
c0625a26-fc1f04b9.jpg,F:\xlw\bdd100k_final\images\100k\val\c0625a26-fc1f04b9.jpg,val,clear,night,night
c0625a26-fd1b7885.jpg,F:\xlw\bdd100k_final\images\100k\val\c0625a26-fd1b7885.jpg,val,clear,night,night
c0639f50-9ecb84f1.jpg,F:\xlw\bdd100k_final\images\100k\val\c0639f50-9ecb84f1.jpg,val,clear,night,night
c063c188-26f08957.jpg,F:\xlw\bdd100k_final\images\100k\val\c063c188-26f08957.jpg,val,clear,daytime,clear
c064e44f-6f76921d.jpg,F:\xlw\bdd100k_final\images\100k\val\c064e44f-6f76921d.jpg,val,clear,night,night
c064e44f-ccbd9a2f.jpg,F:\xlw\bdd100k_final\images\100k\val\c064e44f-ccbd9a2f.jpg,val,clear,night,night
c06733f8-1fe942b9.jpg,F:\xlw\bdd100k_final\images\100k\val\c06733f8-1fe942b9.jpg,val,partly cloudy,daytime,clear
c0677163-39c6f234.jpg,F:\xlw\bdd100k_final\images\100k\val\c0677163-39c6f234.jpg,val,overcast,daytime,clear
c0677163-69842abb.jpg,F:\xlw\bdd100k_final\images\100k\val\c0677163-69842abb.jpg,val,overcast,daytime,clear
c0677163-8371743a.jpg,F:\xlw\bdd100k_final\images\100k\val\c0677163-8371743a.jpg,val,clear,daytime,clear
c0677163-89d37846.jpg,F:\xlw\bdd100k_final\images\100k\val\c0677163-89d37846.jpg,val,clear,daytime,clear
c0677163-b0154931.jpg,F:\xlw\bdd100k_final\images\100k\val\c0677163-b0154931.jpg,val,overcast,daytime,clear
c0677163-c094cd72.jpg,F:\xlw\bdd100k_final\images\100k\val\c0677163-c094cd72.jpg,val,overcast,daytime,clear
c068a67b-03b6e200.jpg,F:\xlw\bdd100k_final\images\100k\val\c068a67b-03b6e200.jpg,val,partly cloudy,daytime,clear
c0697e71-428e14b1.jpg,F:\xlw\bdd100k_final\images\100k\val\c0697e71-428e14b1.jpg,val,rainy,night,night
c0697e71-84867efa.jpg,F:\xlw\bdd100k_final\images\100k\val\c0697e71-84867efa.jpg,val,rainy,night,night
c0697e71-b05bc4b3.jpg,F:\xlw\bdd100k_final\images\100k\val\c0697e71-b05bc4b3.jpg,val,overcast,daytime,clear
c06aa107-6d6d0938.jpg,F:\xlw\bdd100k_final\images\100k\val\c06aa107-6d6d0938.jpg,val,rainy,daytime,rain
c06b00b3-b8b5c0d7.jpg,F:\xlw\bdd100k_final\images\100k\val\c06b00b3-b8b5c0d7.jpg,val,partly cloudy,daytime,clear
c06be53b-be47b965.jpg,F:\xlw\bdd100k_final\images\100k\val\c06be53b-be47b965.jpg,val,snowy,daytime,snow
c06d23aa-28bc6026.jpg,F:\xlw\bdd100k_final\images\100k\val\c06d23aa-28bc6026.jpg,val,clear,night,night
c06d23aa-8a03f2c0.jpg,F:\xlw\bdd100k_final\images\100k\val\c06d23aa-8a03f2c0.jpg,val,clear,night,night
c06d23aa-c38fa368.jpg,F:\xlw\bdd100k_final\images\100k\val\c06d23aa-c38fa368.jpg,val,snowy,night,night
c06d23aa-cb9ae751.jpg,F:\xlw\bdd100k_final\images\100k\val\c06d23aa-cb9ae751.jpg,val,clear,night,night
c06defbe-c0034220.jpg,F:\xlw\bdd100k_final\images\100k\val\c06defbe-c0034220.jpg,val,clear,night,night
c06defbe-d63aaecb.jpg,F:\xlw\bdd100k_final\images\100k\val\c06defbe-d63aaecb.jpg,val,rainy,night,night
c06defbe-fff19cfc.jpg,F:\xlw\bdd100k_final\images\100k\val\c06defbe-fff19cfc.jpg,val,clear,night,night
c06e75f0-de0335ed.jpg,F:\xlw\bdd100k_final\images\100k\val\c06e75f0-de0335ed.jpg,val,clear,night,night
c06fd7ca-420dd696.jpg,F:\xlw\bdd100k_final\images\100k\val\c06fd7ca-420dd696.jpg,val,partly cloudy,daytime,clear
c0703477-b5138d5d.jpg,F:\xlw\bdd100k_final\images\100k\val\c0703477-b5138d5d.jpg,val,clear,night,night
c070f253-79cd771d.jpg,F:\xlw\bdd100k_final\images\100k\val\c070f253-79cd771d.jpg,val,overcast,daytime,clear
c0711468-991a6038.jpg,F:\xlw\bdd100k_final\images\100k\val\c0711468-991a6038.jpg,val,clear,night,night
c0726425-0b2f4892.jpg,F:\xlw\bdd100k_final\images\100k\val\c0726425-0b2f4892.jpg,val,clear,daytime,clear
c07365da-fe6ea473.jpg,F:\xlw\bdd100k_final\images\100k\val\c07365da-fe6ea473.jpg,val,clear,night,night
c0750fe1-50a37a79.jpg,F:\xlw\bdd100k_final\images\100k\val\c0750fe1-50a37a79.jpg,val,overcast,daytime,clear
c0750fe1-95210aca.jpg,F:\xlw\bdd100k_final\images\100k\val\c0750fe1-95210aca.jpg,val,rainy,daytime,rain
c0756468-c4fd9382.jpg,F:\xlw\bdd100k_final\images\100k\val\c0756468-c4fd9382.jpg,val,clear,night,night
c07733d0-6b75a5ee.jpg,F:\xlw\bdd100k_final\images\100k\val\c07733d0-6b75a5ee.jpg,val,partly cloudy,daytime,clear
c07733d0-7525eae7.jpg,F:\xlw\bdd100k_final\images\100k\val\c07733d0-7525eae7.jpg,val,clear,daytime,clear
c07733d0-79ec92e9.jpg,F:\xlw\bdd100k_final\images\100k\val\c07733d0-79ec92e9.jpg,val,partly cloudy,daytime,clear
c07733d0-8445e6b8.jpg,F:\xlw\bdd100k_final\images\100k\val\c07733d0-8445e6b8.jpg,val,partly cloudy,daytime,clear
c07733d0-9738eec9.jpg,F:\xlw\bdd100k_final\images\100k\val\c07733d0-9738eec9.jpg,val,overcast,daytime,clear
c07733d0-974d1334.jpg,F:\xlw\bdd100k_final\images\100k\val\c07733d0-974d1334.jpg,val,overcast,daytime,clear
c07733d0-aebb8786.jpg,F:\xlw\bdd100k_final\images\100k\val\c07733d0-aebb8786.jpg,val,overcast,daytime,clear
c0773447-b9d4a2fc.jpg,F:\xlw\bdd100k_final\images\100k\val\c0773447-b9d4a2fc.jpg,val,clear,night,night
c0773447-c1d1508b.jpg,F:\xlw\bdd100k_final\images\100k\val\c0773447-c1d1508b.jpg,val,clear,night,night
c0775b6f-d6afcd0e.jpg,F:\xlw\bdd100k_final\images\100k\val\c0775b6f-d6afcd0e.jpg,val,clear,night,night
c0775b6f-de6addd1.jpg,F:\xlw\bdd100k_final\images\100k\val\c0775b6f-de6addd1.jpg,val,clear,night,night
c0792259-e4b3dbbe.jpg,F:\xlw\bdd100k_final\images\100k\val\c0792259-e4b3dbbe.jpg,val,clear,daytime,clear
c07a05be-b5b2a3a4.jpg,F:\xlw\bdd100k_final\images\100k\val\c07a05be-b5b2a3a4.jpg,val,clear,night,night
c07e5e33-06443391.jpg,F:\xlw\bdd100k_final\images\100k\val\c07e5e33-06443391.jpg,val,partly cloudy,daytime,clear
c07e5e33-68d7a2fe.jpg,F:\xlw\bdd100k_final\images\100k\val\c07e5e33-68d7a2fe.jpg,val,overcast,daytime,clear
c080a244-0233bdce.jpg,F:\xlw\bdd100k_final\images\100k\val\c080a244-0233bdce.jpg,val,clear,night,night
c080a244-0d9e0842.jpg,F:\xlw\bdd100k_final\images\100k\val\c080a244-0d9e0842.jpg,val,clear,night,night
c080a244-30c4cf38.jpg,F:\xlw\bdd100k_final\images\100k\val\c080a244-30c4cf38.jpg,val,clear,night,night
c080a244-66dd9e1f.jpg,F:\xlw\bdd100k_final\images\100k\val\c080a244-66dd9e1f.jpg,val,clear,night,night
c080a244-73db7e97.jpg,F:\xlw\bdd100k_final\images\100k\val\c080a244-73db7e97.jpg,val,clear,night,night
c080a244-e915a4c2.jpg,F:\xlw\bdd100k_final\images\100k\val\c080a244-e915a4c2.jpg,val,clear,night,night
c0848dc2-3958b05d.jpg,F:\xlw\bdd100k_final\images\100k\val\c0848dc2-3958b05d.jpg,val,snowy,daytime,snow
c08493f0-0afee671.jpg,F:\xlw\bdd100k_final\images\100k\val\c08493f0-0afee671.jpg,val,clear,night,night
c08493f0-7e15983d.jpg,F:\xlw\bdd100k_final\images\100k\val\c08493f0-7e15983d.jpg,val,clear,night,night
c084d6cb-18c509b4.jpg,F:\xlw\bdd100k_final\images\100k\val\c084d6cb-18c509b4.jpg,val,clear,night,night
c084d6cb-9113f4ba.jpg,F:\xlw\bdd100k_final\images\100k\val\c084d6cb-9113f4ba.jpg,val,clear,night,night
c0885032-0317987c.jpg,F:\xlw\bdd100k_final\images\100k\val\c0885032-0317987c.jpg,val,clear,night,night
c0892575-b842e6c9.jpg,F:\xlw\bdd100k_final\images\100k\val\c0892575-b842e6c9.jpg,val,clear,night,night
c089e474-b795bcdc.jpg,F:\xlw\bdd100k_final\images\100k\val\c089e474-b795bcdc.jpg,val,clear,night,night
c08ac802-a61149ad.jpg,F:\xlw\bdd100k_final\images\100k\val\c08ac802-a61149ad.jpg,val,rainy,night,night
c08ac802-ada02f31.jpg,F:\xlw\bdd100k_final\images\100k\val\c08ac802-ada02f31.jpg,val,clear,night,night
c08b49d7-164707bb.jpg,F:\xlw\bdd100k_final\images\100k\val\c08b49d7-164707bb.jpg,val,clear,night,night
c08b49d7-6d6c4ad7.jpg,F:\xlw\bdd100k_final\images\100k\val\c08b49d7-6d6c4ad7.jpg,val,clear,night,night
c08b49d7-712e16b7.jpg,F:\xlw\bdd100k_final\images\100k\val\c08b49d7-712e16b7.jpg,val,clear,night,night
c08b49d7-83415596.jpg,F:\xlw\bdd100k_final\images\100k\val\c08b49d7-83415596.jpg,val,clear,night,night
c08b49d7-b1cea927.jpg,F:\xlw\bdd100k_final\images\100k\val\c08b49d7-b1cea927.jpg,val,clear,night,night
c08b49d7-bc52cd66.jpg,F:\xlw\bdd100k_final\images\100k\val\c08b49d7-bc52cd66.jpg,val,clear,night,night
c08bf392-3d39a1bc.jpg,F:\xlw\bdd100k_final\images\100k\val\c08bf392-3d39a1bc.jpg,val,clear,daytime,clear
c08c6940-0248e76d.jpg,F:\xlw\bdd100k_final\images\100k\val\c08c6940-0248e76d.jpg,val,rainy,daytime,rain
c08eacf9-8054501c.jpg,F:\xlw\bdd100k_final\images\100k\val\c08eacf9-8054501c.jpg,val,clear,night,night
c08eacf9-a819d218.jpg,F:\xlw\bdd100k_final\images\100k\val\c08eacf9-a819d218.jpg,val,clear,night,night
c0905216-425f59d3.jpg,F:\xlw\bdd100k_final\images\100k\val\c0905216-425f59d3.jpg,val,clear,night,night
c090895d-02949f2b.jpg,F:\xlw\bdd100k_final\images\100k\val\c090895d-02949f2b.jpg,val,clear,daytime,clear
c0924681-14dd2682.jpg,F:\xlw\bdd100k_final\images\100k\val\c0924681-14dd2682.jpg,val,partly cloudy,daytime,clear
c092eed0-3b36e79d.jpg,F:\xlw\bdd100k_final\images\100k\val\c092eed0-3b36e79d.jpg,val,overcast,daytime,clear
c093cec2-178d0616.jpg,F:\xlw\bdd100k_final\images\100k\val\c093cec2-178d0616.jpg,val,clear,night,night
c093f8be-262822a7.jpg,F:\xlw\bdd100k_final\images\100k\val\c093f8be-262822a7.jpg,val,clear,daytime,clear
c093f8be-45274361.jpg,F:\xlw\bdd100k_final\images\100k\val\c093f8be-45274361.jpg,val,clear,daytime,clear
c093f8be-b478e611.jpg,F:\xlw\bdd100k_final\images\100k\val\c093f8be-b478e611.jpg,val,clear,daytime,clear
c093f8be-ca74d5ff.jpg,F:\xlw\bdd100k_final\images\100k\val\c093f8be-ca74d5ff.jpg,val,partly cloudy,daytime,clear
c093f8be-f17f116a.jpg,F:\xlw\bdd100k_final\images\100k\val\c093f8be-f17f116a.jpg,val,clear,daytime,clear
c094413f-30199e1f.jpg,F:\xlw\bdd100k_final\images\100k\val\c094413f-30199e1f.jpg,val,partly cloudy,daytime,clear
c0945c0c-e16c694a.jpg,F:\xlw\bdd100k_final\images\100k\val\c0945c0c-e16c694a.jpg,val,overcast,daytime,clear
c0945c0c-f1d60d48.jpg,F:\xlw\bdd100k_final\images\100k\val\c0945c0c-f1d60d48.jpg,val,overcast,daytime,clear
c096103a-23e302b8.jpg,F:\xlw\bdd100k_final\images\100k\val\c096103a-23e302b8.jpg,val,overcast,daytime,clear
c096103a-665e307e.jpg,F:\xlw\bdd100k_final\images\100k\val\c096103a-665e307e.jpg,val,overcast,daytime,clear
c09af0c6-3c0b82a7.jpg,F:\xlw\bdd100k_final\images\100k\val\c09af0c6-3c0b82a7.jpg,val,overcast,daytime,clear
c09af0c6-61c87b58.jpg,F:\xlw\bdd100k_final\images\100k\val\c09af0c6-61c87b58.jpg,val,partly cloudy,daytime,clear
c09af0c6-d87bbf00.jpg,F:\xlw\bdd100k_final\images\100k\val\c09af0c6-d87bbf00.jpg,val,partly cloudy,daytime,clear
c09dfe6c-f23991eb.jpg,F:\xlw\bdd100k_final\images\100k\val\c09dfe6c-f23991eb.jpg,val,clear,daytime,clear
c09f3c10-25c675f4.jpg,F:\xlw\bdd100k_final\images\100k\val\c09f3c10-25c675f4.jpg,val,overcast,daytime,clear
c09ffc61-d494d8f0.jpg,F:\xlw\bdd100k_final\images\100k\val\c09ffc61-d494d8f0.jpg,val,clear,daytime,clear
c0a3b5cc-b6d07aae.jpg,F:\xlw\bdd100k_final\images\100k\val\c0a3b5cc-b6d07aae.jpg,val,clear,daytime,clear
c0a66d6a-607213d1.jpg,F:\xlw\bdd100k_final\images\100k\val\c0a66d6a-607213d1.jpg,val,clear,daytime,clear
c0a6cfd6-c22af944.jpg,F:\xlw\bdd100k_final\images\100k\val\c0a6cfd6-c22af944.jpg,val,clear,night,night
c0a6cfd6-e96fd466.jpg,F:\xlw\bdd100k_final\images\100k\val\c0a6cfd6-e96fd466.jpg,val,clear,night,night
c0a6cfd6-fa4e3a71.jpg,F:\xlw\bdd100k_final\images\100k\val\c0a6cfd6-fa4e3a71.jpg,val,overcast,daytime,clear
c0a6cfd6-fe9a5c77.jpg,F:\xlw\bdd100k_final\images\100k\val\c0a6cfd6-fe9a5c77.jpg,val,overcast,daytime,clear
c0a71f47-14439a44.jpg,F:\xlw\bdd100k_final\images\100k\val\c0a71f47-14439a44.jpg,val,clear,night,night
c0a71f47-5e5948c3.jpg,F:\xlw\bdd100k_final\images\100k\val\c0a71f47-5e5948c3.jpg,val,clear,night,night
c0a7fac6-3b412647.jpg,F:\xlw\bdd100k_final\images\100k\val\c0a7fac6-3b412647.jpg,val,rainy,daytime,rain
c0a8843f-878c626c.jpg,F:\xlw\bdd100k_final\images\100k\val\c0a8843f-878c626c.jpg,val,clear,daytime,clear
c0a8843f-b467b5b5.jpg,F:\xlw\bdd100k_final\images\100k\val\c0a8843f-b467b5b5.jpg,val,overcast,daytime,clear
c0aa83ea-5e7cbb16.jpg,F:\xlw\bdd100k_final\images\100k\val\c0aa83ea-5e7cbb16.jpg,val,clear,daytime,clear
c0aa979d-dd5c54d1.jpg,F:\xlw\bdd100k_final\images\100k\val\c0aa979d-dd5c54d1.jpg,val,clear,daytime,clear
c0b14bde-89e03259.jpg,F:\xlw\bdd100k_final\images\100k\val\c0b14bde-89e03259.jpg,val,clear,night,night
c0b279b6-134749d1.jpg,F:\xlw\bdd100k_final\images\100k\val\c0b279b6-134749d1.jpg,val,overcast,daytime,clear
c0b30dae-548c5972.jpg,F:\xlw\bdd100k_final\images\100k\val\c0b30dae-548c5972.jpg,val,overcast,daytime,clear
c0b358a3-fef47f1e.jpg,F:\xlw\bdd100k_final\images\100k\val\c0b358a3-fef47f1e.jpg,val,clear,night,night
c0b45bc6-df6c6ee7.jpg,F:\xlw\bdd100k_final\images\100k\val\c0b45bc6-df6c6ee7.jpg,val,clear,night,night
c0b4f0df-586ab062.jpg,F:\xlw\bdd100k_final\images\100k\val\c0b4f0df-586ab062.jpg,val,clear,night,night
c0b7212e-40f23e1e.jpg,F:\xlw\bdd100k_final\images\100k\val\c0b7212e-40f23e1e.jpg,val,rainy,daytime,rain
c0b731b5-01375e2e.jpg,F:\xlw\bdd100k_final\images\100k\val\c0b731b5-01375e2e.jpg,val,overcast,daytime,clear
c0b731b5-5f8f2b02.jpg,F:\xlw\bdd100k_final\images\100k\val\c0b731b5-5f8f2b02.jpg,val,partly cloudy,daytime,clear
c0b98a97-c7609d09.jpg,F:\xlw\bdd100k_final\images\100k\val\c0b98a97-c7609d09.jpg,val,rainy,daytime,rain
c0bbcd5e-d9c5d41e.jpg,F:\xlw\bdd100k_final\images\100k\val\c0bbcd5e-d9c5d41e.jpg,val,clear,night,night
c0bbcd5e-e207560d.jpg,F:\xlw\bdd100k_final\images\100k\val\c0bbcd5e-e207560d.jpg,val,clear,night,night
c0bbcd5e-f57df892.jpg,F:\xlw\bdd100k_final\images\100k\val\c0bbcd5e-f57df892.jpg,val,clear,night,night
c0bdac3c-56f7aff3.jpg,F:\xlw\bdd100k_final\images\100k\val\c0bdac3c-56f7aff3.jpg,val,clear,night,night
c0bdd2df-c6e1aa24.jpg,F:\xlw\bdd100k_final\images\100k\val\c0bdd2df-c6e1aa24.jpg,val,clear,daytime,clear
c0be0e03-0663efcf.jpg,F:\xlw\bdd100k_final\images\100k\val\c0be0e03-0663efcf.jpg,val,clear,daytime,clear
c0be0e03-3ab88509.jpg,F:\xlw\bdd100k_final\images\100k\val\c0be0e03-3ab88509.jpg,val,overcast,daytime,clear
c0c183ff-1b24f541.jpg,F:\xlw\bdd100k_final\images\100k\val\c0c183ff-1b24f541.jpg,val,clear,daytime,clear
c0c23a94-d914f7ec.jpg,F:\xlw\bdd100k_final\images\100k\val\c0c23a94-d914f7ec.jpg,val,clear,daytime,clear
c0c26539-f8761bd1.jpg,F:\xlw\bdd100k_final\images\100k\val\c0c26539-f8761bd1.jpg,val,clear,night,night
c0c27443-bf546b1f.jpg,F:\xlw\bdd100k_final\images\100k\val\c0c27443-bf546b1f.jpg,val,clear,night,night
c0c283d7-06fc47f0.jpg,F:\xlw\bdd100k_final\images\100k\val\c0c283d7-06fc47f0.jpg,val,rainy,night,night
c0c33c60-63c65011.jpg,F:\xlw\bdd100k_final\images\100k\val\c0c33c60-63c65011.jpg,val,clear,night,night
c0c33c60-bb2f7822.jpg,F:\xlw\bdd100k_final\images\100k\val\c0c33c60-bb2f7822.jpg,val,clear,night,night
c0c3d5f5-f17f878d.jpg,F:\xlw\bdd100k_final\images\100k\val\c0c3d5f5-f17f878d.jpg,val,clear,daytime,clear
c0c51509-cb8d3298.jpg,F:\xlw\bdd100k_final\images\100k\val\c0c51509-cb8d3298.jpg,val,clear,night,night
c0c63f02-77b9b06d.jpg,F:\xlw\bdd100k_final\images\100k\val\c0c63f02-77b9b06d.jpg,val,clear,night,night
c0c64a18-eed54540.jpg,F:\xlw\bdd100k_final\images\100k\val\c0c64a18-eed54540.jpg,val,clear,night,night
c0c6e74f-8f9f8ceb.jpg,F:\xlw\bdd100k_final\images\100k\val\c0c6e74f-8f9f8ceb.jpg,val,overcast,daytime,clear
c0c821a8-361cc57e.jpg,F:\xlw\bdd100k_final\images\100k\val\c0c821a8-361cc57e.jpg,val,rainy,daytime,rain
c0c8ee02-431b9781.jpg,F:\xlw\bdd100k_final\images\100k\val\c0c8ee02-431b9781.jpg,val,snowy,daytime,snow
c0c954a7-0c7fa0bb.jpg,F:\xlw\bdd100k_final\images\100k\val\c0c954a7-0c7fa0bb.jpg,val,clear,daytime,clear
c0c9ec9a-ce2ae421.jpg,F:\xlw\bdd100k_final\images\100k\val\c0c9ec9a-ce2ae421.jpg,val,clear,night,night
c0c9ec9a-d3638a82.jpg,F:\xlw\bdd100k_final\images\100k\val\c0c9ec9a-d3638a82.jpg,val,clear,daytime,clear
c0c9ec9a-dad1653f.jpg,F:\xlw\bdd100k_final\images\100k\val\c0c9ec9a-dad1653f.jpg,val,clear,night,night
c0ca0e6f-4236bfe6.jpg,F:\xlw\bdd100k_final\images\100k\val\c0ca0e6f-4236bfe6.jpg,val,clear,night,night
c0ca172c-5f15e9fb.jpg,F:\xlw\bdd100k_final\images\100k\val\c0ca172c-5f15e9fb.jpg,val,clear,night,night
c0cb2de6-501299c6.jpg,F:\xlw\bdd100k_final\images\100k\val\c0cb2de6-501299c6.jpg,val,overcast,daytime,clear
c0cce290-f5382dbd.jpg,F:\xlw\bdd100k_final\images\100k\val\c0cce290-f5382dbd.jpg,val,partly cloudy,daytime,clear
c0cf4efc-65b9d672.jpg,F:\xlw\bdd100k_final\images\100k\val\c0cf4efc-65b9d672.jpg,val,clear,daytime,clear
c0d12f7f-1e033ebf.jpg,F:\xlw\bdd100k_final\images\100k\val\c0d12f7f-1e033ebf.jpg,val,snowy,night,night
c0d12f7f-b672c821.jpg,F:\xlw\bdd100k_final\images\100k\val\c0d12f7f-b672c821.jpg,val,snowy,night,night
c0d1a6d9-54ae850d.jpg,F:\xlw\bdd100k_final\images\100k\val\c0d1a6d9-54ae850d.jpg,val,overcast,daytime,clear
c0d3128e-8adf0493.jpg,F:\xlw\bdd100k_final\images\100k\val\c0d3128e-8adf0493.jpg,val,clear,daytime,clear
c0d61d2b-a15012f3.jpg,F:\xlw\bdd100k_final\images\100k\val\c0d61d2b-a15012f3.jpg,val,clear,night,night
c0d678b8-de457e55.jpg,F:\xlw\bdd100k_final\images\100k\val\c0d678b8-de457e55.jpg,val,rainy,daytime,rain
c0d85a76-8187c669.jpg,F:\xlw\bdd100k_final\images\100k\val\c0d85a76-8187c669.jpg,val,clear,night,night
c0d85a76-c68c9ff0.jpg,F:\xlw\bdd100k_final\images\100k\val\c0d85a76-c68c9ff0.jpg,val,clear,night,night
c0d85a76-efa45769.jpg,F:\xlw\bdd100k_final\images\100k\val\c0d85a76-efa45769.jpg,val,clear,night,night
c0da08cc-444b48f0.jpg,F:\xlw\bdd100k_final\images\100k\val\c0da08cc-444b48f0.jpg,val,clear,night,night
c0da08cc-adbbb7b3.jpg,F:\xlw\bdd100k_final\images\100k\val\c0da08cc-adbbb7b3.jpg,val,clear,night,night
c0da399b-afffb28c.jpg,F:\xlw\bdd100k_final\images\100k\val\c0da399b-afffb28c.jpg,val,overcast,daytime,clear
c0db3bd8-17587381.jpg,F:\xlw\bdd100k_final\images\100k\val\c0db3bd8-17587381.jpg,val,clear,night,night
c0db3bd8-9bb194d2.jpg,F:\xlw\bdd100k_final\images\100k\val\c0db3bd8-9bb194d2.jpg,val,clear,night,night
c0dbd924-da3f8c08.jpg,F:\xlw\bdd100k_final\images\100k\val\c0dbd924-da3f8c08.jpg,val,clear,night,night
c0dc123c-25946136.jpg,F:\xlw\bdd100k_final\images\100k\val\c0dc123c-25946136.jpg,val,clear,daytime,clear
c0dc5a95-26ea2d7d.jpg,F:\xlw\bdd100k_final\images\100k\val\c0dc5a95-26ea2d7d.jpg,val,partly cloudy,daytime,clear
c0dc5a95-27a7b607.jpg,F:\xlw\bdd100k_final\images\100k\val\c0dc5a95-27a7b607.jpg,val,partly cloudy,daytime,clear
c0dc5a95-b4bfcb2c.jpg,F:\xlw\bdd100k_final\images\100k\val\c0dc5a95-b4bfcb2c.jpg,val,partly cloudy,daytime,clear
c0dc9cd3-ff30805f.jpg,F:\xlw\bdd100k_final\images\100k\val\c0dc9cd3-ff30805f.jpg,val,overcast,daytime,clear
c0dcabad-155ca5ee.jpg,F:\xlw\bdd100k_final\images\100k\val\c0dcabad-155ca5ee.jpg,val,clear,night,night
c0dcabad-418c9ebf.jpg,F:\xlw\bdd100k_final\images\100k\val\c0dcabad-418c9ebf.jpg,val,clear,night,night
c0ddc0e1-c0c70d00.jpg,F:\xlw\bdd100k_final\images\100k\val\c0ddc0e1-c0c70d00.jpg,val,partly cloudy,daytime,clear
c0de0a97-69386814.jpg,F:\xlw\bdd100k_final\images\100k\val\c0de0a97-69386814.jpg,val,rainy,night,night
c0de9100-1b2704ac.jpg,F:\xlw\bdd100k_final\images\100k\val\c0de9100-1b2704ac.jpg,val,clear,night,night
c0de9100-dba9e79d.jpg,F:\xlw\bdd100k_final\images\100k\val\c0de9100-dba9e79d.jpg,val,clear,night,night
c0dee1a9-19b5d7a5.jpg,F:\xlw\bdd100k_final\images\100k\val\c0dee1a9-19b5d7a5.jpg,val,clear,night,night
c0deebc1-ff77802c.jpg,F:\xlw\bdd100k_final\images\100k\val\c0deebc1-ff77802c.jpg,val,overcast,daytime,clear
c0df59b4-a549ef6e.jpg,F:\xlw\bdd100k_final\images\100k\val\c0df59b4-a549ef6e.jpg,val,clear,night,night
c0e05e70-6431cfed.jpg,F:\xlw\bdd100k_final\images\100k\val\c0e05e70-6431cfed.jpg,val,clear,daytime,clear
c0e13807-ca0635f0.jpg,F:\xlw\bdd100k_final\images\100k\val\c0e13807-ca0635f0.jpg,val,rainy,daytime,rain
c0e17fa8-a378411a.jpg,F:\xlw\bdd100k_final\images\100k\val\c0e17fa8-a378411a.jpg,val,clear,night,night
c0e1fd2a-45156dec.jpg,F:\xlw\bdd100k_final\images\100k\val\c0e1fd2a-45156dec.jpg,val,clear,daytime,clear
c0e24bac-16ba0eb9.jpg,F:\xlw\bdd100k_final\images\100k\val\c0e24bac-16ba0eb9.jpg,val,partly cloudy,daytime,clear
c0e24bac-d541b20d.jpg,F:\xlw\bdd100k_final\images\100k\val\c0e24bac-d541b20d.jpg,val,clear,daytime,clear
c0e24bac-f07076d1.jpg,F:\xlw\bdd100k_final\images\100k\val\c0e24bac-f07076d1.jpg,val,partly cloudy,daytime,clear
c0e3df1a-5ab511a6.jpg,F:\xlw\bdd100k_final\images\100k\val\c0e3df1a-5ab511a6.jpg,val,clear,daytime,clear
c0e5695d-8f784313.jpg,F:\xlw\bdd100k_final\images\100k\val\c0e5695d-8f784313.jpg,val,partly cloudy,daytime,clear
c0e631f4-cf85b543.jpg,F:\xlw\bdd100k_final\images\100k\val\c0e631f4-cf85b543.jpg,val,partly cloudy,daytime,clear
c0e6d0ec-17a4eb38.jpg,F:\xlw\bdd100k_final\images\100k\val\c0e6d0ec-17a4eb38.jpg,val,overcast,daytime,clear
c0e6d0ec-254d2aac.jpg,F:\xlw\bdd100k_final\images\100k\val\c0e6d0ec-254d2aac.jpg,val,clear,daytime,clear
c0e6d0ec-71f98edb.jpg,F:\xlw\bdd100k_final\images\100k\val\c0e6d0ec-71f98edb.jpg,val,partly cloudy,daytime,clear
c0e6d0ec-ec23e2d2.jpg,F:\xlw\bdd100k_final\images\100k\val\c0e6d0ec-ec23e2d2.jpg,val,clear,daytime,clear
c0e701ee-42f7323e.jpg,F:\xlw\bdd100k_final\images\100k\val\c0e701ee-42f7323e.jpg,val,clear,night,night
c0e701ee-58d60493.jpg,F:\xlw\bdd100k_final\images\100k\val\c0e701ee-58d60493.jpg,val,clear,night,night
c0e7271a-a3c8d55f.jpg,F:\xlw\bdd100k_final\images\100k\val\c0e7271a-a3c8d55f.jpg,val,clear,daytime,clear
c0e74e90-15e1888e.jpg,F:\xlw\bdd100k_final\images\100k\val\c0e74e90-15e1888e.jpg,val,clear,daytime,clear
c0e74e90-91053849.jpg,F:\xlw\bdd100k_final\images\100k\val\c0e74e90-91053849.jpg,val,clear,daytime,clear
c0e74e90-9684bfc2.jpg,F:\xlw\bdd100k_final\images\100k\val\c0e74e90-9684bfc2.jpg,val,clear,daytime,clear
c0e834fd-74036e84.jpg,F:\xlw\bdd100k_final\images\100k\val\c0e834fd-74036e84.jpg,val,overcast,daytime,clear
c0e834fd-b666a542.jpg,F:\xlw\bdd100k_final\images\100k\val\c0e834fd-b666a542.jpg,val,snowy,daytime,snow
c0e90884-ab3e26af.jpg,F:\xlw\bdd100k_final\images\100k\val\c0e90884-ab3e26af.jpg,val,clear,daytime,clear
c0e9b7c4-cd8b7249.jpg,F:\xlw\bdd100k_final\images\100k\val\c0e9b7c4-cd8b7249.jpg,val,rainy,daytime,rain
c0eb4a02-3b40262b.jpg,F:\xlw\bdd100k_final\images\100k\val\c0eb4a02-3b40262b.jpg,val,rainy,night,night
c0eba0ba-c73e128d.jpg,F:\xlw\bdd100k_final\images\100k\val\c0eba0ba-c73e128d.jpg,val,partly cloudy,daytime,clear
c0eba0ba-db5d7deb.jpg,F:\xlw\bdd100k_final\images\100k\val\c0eba0ba-db5d7deb.jpg,val,clear,daytime,clear
c0ec0d98-63733eb9.jpg,F:\xlw\bdd100k_final\images\100k\val\c0ec0d98-63733eb9.jpg,val,clear,night,night
c0edf06a-74008e93.jpg,F:\xlw\bdd100k_final\images\100k\val\c0edf06a-74008e93.jpg,val,partly cloudy,daytime,clear
c0efbe92-2ee3e529.jpg,F:\xlw\bdd100k_final\images\100k\val\c0efbe92-2ee3e529.jpg,val,clear,daytime,clear
c0efbe92-541cb3fa.jpg,F:\xlw\bdd100k_final\images\100k\val\c0efbe92-541cb3fa.jpg,val,overcast,daytime,clear
c0efbe92-d5be8958.jpg,F:\xlw\bdd100k_final\images\100k\val\c0efbe92-d5be8958.jpg,val,clear,daytime,clear
c0f1a2f9-1476c2ee.jpg,F:\xlw\bdd100k_final\images\100k\val\c0f1a2f9-1476c2ee.jpg,val,snowy,daytime,snow
c0f1a2f9-6b09c60a.jpg,F:\xlw\bdd100k_final\images\100k\val\c0f1a2f9-6b09c60a.jpg,val,clear,daytime,clear
c0f1a2f9-d0b67ce6.jpg,F:\xlw\bdd100k_final\images\100k\val\c0f1a2f9-d0b67ce6.jpg,val,snowy,daytime,snow
c0f35000-9401b8f3.jpg,F:\xlw\bdd100k_final\images\100k\val\c0f35000-9401b8f3.jpg,val,clear,daytime,clear
c0f4e96b-3fa1961a.jpg,F:\xlw\bdd100k_final\images\100k\val\c0f4e96b-3fa1961a.jpg,val,clear,daytime,clear
c0f5b0d0-17e0110c.jpg,F:\xlw\bdd100k_final\images\100k\val\c0f5b0d0-17e0110c.jpg,val,clear,night,night
c0f5b0d0-d088d6c1.jpg,F:\xlw\bdd100k_final\images\100k\val\c0f5b0d0-d088d6c1.jpg,val,clear,daytime,clear
c0f6ac18-37ce6bd5.jpg,F:\xlw\bdd100k_final\images\100k\val\c0f6ac18-37ce6bd5.jpg,val,rainy,night,night
c0f739d8-6ff93525.jpg,F:\xlw\bdd100k_final\images\100k\val\c0f739d8-6ff93525.jpg,val,partly cloudy,daytime,clear
c0f7c2d3-1abf98ec.jpg,F:\xlw\bdd100k_final\images\100k\val\c0f7c2d3-1abf98ec.jpg,val,clear,daytime,clear
c0f89882-542093a7.jpg,F:\xlw\bdd100k_final\images\100k\val\c0f89882-542093a7.jpg,val,clear,night,night
c0f89882-8961b4ed.jpg,F:\xlw\bdd100k_final\images\100k\val\c0f89882-8961b4ed.jpg,val,clear,night,night
c0f978fa-0651fdd0.jpg,F:\xlw\bdd100k_final\images\100k\val\c0f978fa-0651fdd0.jpg,val,clear,daytime,clear
c0f978fa-425cdcd6.jpg,F:\xlw\bdd100k_final\images\100k\val\c0f978fa-425cdcd6.jpg,val,clear,daytime,clear
c0f978fa-9b4e623f.jpg,F:\xlw\bdd100k_final\images\100k\val\c0f978fa-9b4e623f.jpg,val,clear,daytime,clear
c0faa237-5724019d.jpg,F:\xlw\bdd100k_final\images\100k\val\c0faa237-5724019d.jpg,val,overcast,daytime,clear
c0faf05b-b3cba171.jpg,F:\xlw\bdd100k_final\images\100k\val\c0faf05b-b3cba171.jpg,val,overcast,daytime,clear
c0fb59eb-895d806d.jpg,F:\xlw\bdd100k_final\images\100k\val\c0fb59eb-895d806d.jpg,val,clear,daytime,clear
c0fc4716-6f3d5d3d.jpg,F:\xlw\bdd100k_final\images\100k\val\c0fc4716-6f3d5d3d.jpg,val,snowy,night,night
c0fc4716-ee97c5a0.jpg,F:\xlw\bdd100k_final\images\100k\val\c0fc4716-ee97c5a0.jpg,val,snowy,night,night
c1006024-9713b693.jpg,F:\xlw\bdd100k_final\images\100k\val\c1006024-9713b693.jpg,val,clear,night,night
c100db13-6de74f3b.jpg,F:\xlw\bdd100k_final\images\100k\val\c100db13-6de74f3b.jpg,val,partly cloudy,daytime,clear
c100db13-71b423e5.jpg,F:\xlw\bdd100k_final\images\100k\val\c100db13-71b423e5.jpg,val,partly cloudy,daytime,clear
c100db13-878b2e5f.jpg,F:\xlw\bdd100k_final\images\100k\val\c100db13-878b2e5f.jpg,val,overcast,daytime,clear
c100db13-8af08790.jpg,F:\xlw\bdd100k_final\images\100k\val\c100db13-8af08790.jpg,val,overcast,night,night
c10163bb-7ad315ce.jpg,F:\xlw\bdd100k_final\images\100k\val\c10163bb-7ad315ce.jpg,val,overcast,daytime,clear
c1025fcf-69509758.jpg,F:\xlw\bdd100k_final\images\100k\val\c1025fcf-69509758.jpg,val,rainy,night,night
c10472c3-9c569d4f.jpg,F:\xlw\bdd100k_final\images\100k\val\c10472c3-9c569d4f.jpg,val,clear,daytime,clear
c1059f09-10ccdbd4.jpg,F:\xlw\bdd100k_final\images\100k\val\c1059f09-10ccdbd4.jpg,val,clear,night,night
c107c2f1-b2b8fff0.jpg,F:\xlw\bdd100k_final\images\100k\val\c107c2f1-b2b8fff0.jpg,val,clear,daytime,clear
c107ca7b-e60766f2.jpg,F:\xlw\bdd100k_final\images\100k\val\c107ca7b-e60766f2.jpg,val,clear,daytime,clear
c10838df-720662b5.jpg,F:\xlw\bdd100k_final\images\100k\val\c10838df-720662b5.jpg,val,clear,daytime,clear
c10aed37-ad2cda9b.jpg,F:\xlw\bdd100k_final\images\100k\val\c10aed37-ad2cda9b.jpg,val,clear,night,night
c10c78a2-583a8467.jpg,F:\xlw\bdd100k_final\images\100k\val\c10c78a2-583a8467.jpg,val,clear,night,night
c10e92bd-f6241f08.jpg,F:\xlw\bdd100k_final\images\100k\val\c10e92bd-f6241f08.jpg,val,clear,daytime,clear
c10f0578-c613c144.jpg,F:\xlw\bdd100k_final\images\100k\val\c10f0578-c613c144.jpg,val,overcast,daytime,clear
c111bb7d-c3aa5b7a.jpg,F:\xlw\bdd100k_final\images\100k\val\c111bb7d-c3aa5b7a.jpg,val,clear,night,night
c112ff03-1c0d5484.jpg,F:\xlw\bdd100k_final\images\100k\val\c112ff03-1c0d5484.jpg,val,overcast,daytime,clear
c119a2ea-f59c8486.jpg,F:\xlw\bdd100k_final\images\100k\val\c119a2ea-f59c8486.jpg,val,clear,daytime,clear
c11a0015-fa2086af.jpg,F:\xlw\bdd100k_final\images\100k\val\c11a0015-fa2086af.jpg,val,rainy,daytime,rain
c11a0015-fc7c0b35.jpg,F:\xlw\bdd100k_final\images\100k\val\c11a0015-fc7c0b35.jpg,val,rainy,daytime,rain
c11add12-bb59c2a1.jpg,F:\xlw\bdd100k_final\images\100k\val\c11add12-bb59c2a1.jpg,val,clear,daytime,clear
c11bcaaf-2213faec.jpg,F:\xlw\bdd100k_final\images\100k\val\c11bcaaf-2213faec.jpg,val,snowy,daytime,snow
c11f4171-18d042d3.jpg,F:\xlw\bdd100k_final\images\100k\val\c11f4171-18d042d3.jpg,val,clear,night,night
c11f4171-a712ce1d.jpg,F:\xlw\bdd100k_final\images\100k\val\c11f4171-a712ce1d.jpg,val,clear,night,night
c11f4171-fe3bf475.jpg,F:\xlw\bdd100k_final\images\100k\val\c11f4171-fe3bf475.jpg,val,clear,night,night
c11f9ba5-11a0dd0f.jpg,F:\xlw\bdd100k_final\images\100k\val\c11f9ba5-11a0dd0f.jpg,val,clear,night,night
c11fb0c4-16ba72ea.jpg,F:\xlw\bdd100k_final\images\100k\val\c11fb0c4-16ba72ea.jpg,val,clear,night,night
c11fb0c4-afc93e36.jpg,F:\xlw\bdd100k_final\images\100k\val\c11fb0c4-afc93e36.jpg,val,clear,night,night
c1211833-1ba939db.jpg,F:\xlw\bdd100k_final\images\100k\val\c1211833-1ba939db.jpg,val,clear,daytime,clear
c1211833-db271204.jpg,F:\xlw\bdd100k_final\images\100k\val\c1211833-db271204.jpg,val,clear,daytime,clear
c121b93f-93807706.jpg,F:\xlw\bdd100k_final\images\100k\val\c121b93f-93807706.jpg,val,partly cloudy,daytime,clear
c121b93f-b2ee73d4.jpg,F:\xlw\bdd100k_final\images\100k\val\c121b93f-b2ee73d4.jpg,val,overcast,daytime,clear
c121f402-2e25ddb9.jpg,F:\xlw\bdd100k_final\images\100k\val\c121f402-2e25ddb9.jpg,val,clear,night,night
c122b0dd-6aea2ae9.jpg,F:\xlw\bdd100k_final\images\100k\val\c122b0dd-6aea2ae9.jpg,val,clear,night,night
c122b0dd-9c06c62c.jpg,F:\xlw\bdd100k_final\images\100k\val\c122b0dd-9c06c62c.jpg,val,clear,night,night
c12378e1-e9b8f175.jpg,F:\xlw\bdd100k_final\images\100k\val\c12378e1-e9b8f175.jpg,val,clear,night,night
c1239aa1-10b91116.jpg,F:\xlw\bdd100k_final\images\100k\val\c1239aa1-10b91116.jpg,val,clear,night,night
c1243d2d-1a754959.jpg,F:\xlw\bdd100k_final\images\100k\val\c1243d2d-1a754959.jpg,val,clear,night,night
c1243d2d-ea0d84a3.jpg,F:\xlw\bdd100k_final\images\100k\val\c1243d2d-ea0d84a3.jpg,val,clear,night,night
c124e51c-31bb804d.jpg,F:\xlw\bdd100k_final\images\100k\val\c124e51c-31bb804d.jpg,val,rainy,daytime,rain
c124e51c-52e077cb.jpg,F:\xlw\bdd100k_final\images\100k\val\c124e51c-52e077cb.jpg,val,rainy,daytime,rain
c124e51c-b3b1db34.jpg,F:\xlw\bdd100k_final\images\100k\val\c124e51c-b3b1db34.jpg,val,rainy,daytime,rain
c1252547-1492d53d.jpg,F:\xlw\bdd100k_final\images\100k\val\c1252547-1492d53d.jpg,val,clear,night,night
c1252e1f-c0640ea4.jpg,F:\xlw\bdd100k_final\images\100k\val\c1252e1f-c0640ea4.jpg,val,clear,daytime,clear
c1252e1f-f45bb339.jpg,F:\xlw\bdd100k_final\images\100k\val\c1252e1f-f45bb339.jpg,val,partly cloudy,daytime,clear
c126dfe1-2a1c0ea8.jpg,F:\xlw\bdd100k_final\images\100k\val\c126dfe1-2a1c0ea8.jpg,val,partly cloudy,daytime,clear
c12b8a48-168db729.jpg,F:\xlw\bdd100k_final\images\100k\val\c12b8a48-168db729.jpg,val,snowy,daytime,snow
c12bfd38-4fe7afb2.jpg,F:\xlw\bdd100k_final\images\100k\val\c12bfd38-4fe7afb2.jpg,val,clear,daytime,clear
c12c6524-ee3ce336.jpg,F:\xlw\bdd100k_final\images\100k\val\c12c6524-ee3ce336.jpg,val,clear,night,night
c12ce21f-6f6ecfa7.jpg,F:\xlw\bdd100k_final\images\100k\val\c12ce21f-6f6ecfa7.jpg,val,clear,daytime,clear
c12dc478-0d43272d.jpg,F:\xlw\bdd100k_final\images\100k\val\c12dc478-0d43272d.jpg,val,clear,night,night
c12dc478-40a1a306.jpg,F:\xlw\bdd100k_final\images\100k\val\c12dc478-40a1a306.jpg,val,clear,daytime,clear
c12e6924-5860d30a.jpg,F:\xlw\bdd100k_final\images\100k\val\c12e6924-5860d30a.jpg,val,clear,daytime,clear
c12e6924-6d6ef77c.jpg,F:\xlw\bdd100k_final\images\100k\val\c12e6924-6d6ef77c.jpg,val,rainy,daytime,rain
c12ea027-2919c581.jpg,F:\xlw\bdd100k_final\images\100k\val\c12ea027-2919c581.jpg,val,overcast,daytime,clear
c132df41-a4dbc930.jpg,F:\xlw\bdd100k_final\images\100k\val\c132df41-a4dbc930.jpg,val,overcast,daytime,clear
c132ff8a-831eadbd.jpg,F:\xlw\bdd100k_final\images\100k\val\c132ff8a-831eadbd.jpg,val,snowy,daytime,snow
c1356a63-e9e5a5f2.jpg,F:\xlw\bdd100k_final\images\100k\val\c1356a63-e9e5a5f2.jpg,val,clear,night,night
c1362f73-1bdcf8a1.jpg,F:\xlw\bdd100k_final\images\100k\val\c1362f73-1bdcf8a1.jpg,val,clear,night,night
c1362f73-3bafc956.jpg,F:\xlw\bdd100k_final\images\100k\val\c1362f73-3bafc956.jpg,val,clear,night,night
c1362f73-42a66cea.jpg,F:\xlw\bdd100k_final\images\100k\val\c1362f73-42a66cea.jpg,val,clear,night,night
c1362f73-5aa8acd1.jpg,F:\xlw\bdd100k_final\images\100k\val\c1362f73-5aa8acd1.jpg,val,clear,night,night
c1362f73-654db2c3.jpg,F:\xlw\bdd100k_final\images\100k\val\c1362f73-654db2c3.jpg,val,clear,night,night
c1362f73-6abdd8c2.jpg,F:\xlw\bdd100k_final\images\100k\val\c1362f73-6abdd8c2.jpg,val,clear,night,night
c1362f73-93d3e230.jpg,F:\xlw\bdd100k_final\images\100k\val\c1362f73-93d3e230.jpg,val,clear,night,night
c1362f73-9538421f.jpg,F:\xlw\bdd100k_final\images\100k\val\c1362f73-9538421f.jpg,val,clear,night,night
c1362f73-bc544663.jpg,F:\xlw\bdd100k_final\images\100k\val\c1362f73-bc544663.jpg,val,clear,night,night
c1362f73-ddc9206a.jpg,F:\xlw\bdd100k_final\images\100k\val\c1362f73-ddc9206a.jpg,val,clear,night,night
c13829a7-6447cab7.jpg,F:\xlw\bdd100k_final\images\100k\val\c13829a7-6447cab7.jpg,val,clear,daytime,clear
c1384653-b2644b7e.jpg,F:\xlw\bdd100k_final\images\100k\val\c1384653-b2644b7e.jpg,val,clear,night,night
c1384653-f155dde5.jpg,F:\xlw\bdd100k_final\images\100k\val\c1384653-f155dde5.jpg,val,clear,night,night
c138a567-6a2dd99d.jpg,F:\xlw\bdd100k_final\images\100k\val\c138a567-6a2dd99d.jpg,val,clear,night,night
c138a567-c79aac4f.jpg,F:\xlw\bdd100k_final\images\100k\val\c138a567-c79aac4f.jpg,val,clear,night,night
c1392188-10227871.jpg,F:\xlw\bdd100k_final\images\100k\val\c1392188-10227871.jpg,val,clear,night,night
c1394b3c-a48bc983.jpg,F:\xlw\bdd100k_final\images\100k\val\c1394b3c-a48bc983.jpg,val,clear,night,night
c13ab9cd-88c99ae5.jpg,F:\xlw\bdd100k_final\images\100k\val\c13ab9cd-88c99ae5.jpg,val,rainy,night,night
c13b26a2-95a8d142.jpg,F:\xlw\bdd100k_final\images\100k\val\c13b26a2-95a8d142.jpg,val,clear,night,night
c13b9590-492e626a.jpg,F:\xlw\bdd100k_final\images\100k\val\c13b9590-492e626a.jpg,val,clear,night,night
c13b9590-500de09d.jpg,F:\xlw\bdd100k_final\images\100k\val\c13b9590-500de09d.jpg,val,clear,night,night
c13b9590-5105f7ad.jpg,F:\xlw\bdd100k_final\images\100k\val\c13b9590-5105f7ad.jpg,val,clear,night,night
c13b9590-54527388.jpg,F:\xlw\bdd100k_final\images\100k\val\c13b9590-54527388.jpg,val,clear,night,night
c13b9590-7e14e55c.jpg,F:\xlw\bdd100k_final\images\100k\val\c13b9590-7e14e55c.jpg,val,clear,night,night
c13b9590-a875ea73.jpg,F:\xlw\bdd100k_final\images\100k\val\c13b9590-a875ea73.jpg,val,clear,night,night
c13b9590-d6db1a86.jpg,F:\xlw\bdd100k_final\images\100k\val\c13b9590-d6db1a86.jpg,val,clear,night,night
c13b9590-fbc531ea.jpg,F:\xlw\bdd100k_final\images\100k\val\c13b9590-fbc531ea.jpg,val,clear,night,night
c13e6a36-6bb92c09.jpg,F:\xlw\bdd100k_final\images\100k\val\c13e6a36-6bb92c09.jpg,val,clear,night,night
c13ecaa8-69459760.jpg,F:\xlw\bdd100k_final\images\100k\val\c13ecaa8-69459760.jpg,val,clear,night,night
c13ef0e9-9cc08bb3.jpg,F:\xlw\bdd100k_final\images\100k\val\c13ef0e9-9cc08bb3.jpg,val,partly cloudy,daytime,clear
c1404de9-4f70883d.jpg,F:\xlw\bdd100k_final\images\100k\val\c1404de9-4f70883d.jpg,val,clear,night,night
c1404de9-ca7c53e4.jpg,F:\xlw\bdd100k_final\images\100k\val\c1404de9-ca7c53e4.jpg,val,clear,night,night
c143af06-2e9cba65.jpg,F:\xlw\bdd100k_final\images\100k\val\c143af06-2e9cba65.jpg,val,clear,daytime,clear
c143af06-b1635ba6.jpg,F:\xlw\bdd100k_final\images\100k\val\c143af06-b1635ba6.jpg,val,clear,daytime,clear
c143af06-f2b0a9d6.jpg,F:\xlw\bdd100k_final\images\100k\val\c143af06-f2b0a9d6.jpg,val,clear,daytime,clear
c14425b1-5fa20993.jpg,F:\xlw\bdd100k_final\images\100k\val\c14425b1-5fa20993.jpg,val,snowy,daytime,snow
c146708c-9119a8a3.jpg,F:\xlw\bdd100k_final\images\100k\val\c146708c-9119a8a3.jpg,val,clear,night,night
c146d100-4ee36f35.jpg,F:\xlw\bdd100k_final\images\100k\val\c146d100-4ee36f35.jpg,val,partly cloudy,daytime,clear
c146d100-64e024d1.jpg,F:\xlw\bdd100k_final\images\100k\val\c146d100-64e024d1.jpg,val,rainy,daytime,rain
c146d100-917008e9.jpg,F:\xlw\bdd100k_final\images\100k\val\c146d100-917008e9.jpg,val,clear,daytime,clear
c146d100-92fd1b9f.jpg,F:\xlw\bdd100k_final\images\100k\val\c146d100-92fd1b9f.jpg,val,partly cloudy,daytime,clear
c146d100-c0e4da58.jpg,F:\xlw\bdd100k_final\images\100k\val\c146d100-c0e4da58.jpg,val,partly cloudy,daytime,clear
c146d100-cb76d05b.jpg,F:\xlw\bdd100k_final\images\100k\val\c146d100-cb76d05b.jpg,val,partly cloudy,daytime,clear
c147e8f1-42dac06d.jpg,F:\xlw\bdd100k_final\images\100k\val\c147e8f1-42dac06d.jpg,val,rainy,night,night
c147e8f1-d78d168a.jpg,F:\xlw\bdd100k_final\images\100k\val\c147e8f1-d78d168a.jpg,val,rainy,night,night
c149583d-ba5e16cb.jpg,F:\xlw\bdd100k_final\images\100k\val\c149583d-ba5e16cb.jpg,val,clear,night,night
c1496e0d-45fb4823.jpg,F:\xlw\bdd100k_final\images\100k\val\c1496e0d-45fb4823.jpg,val,overcast,daytime,clear
c1496e0d-bb0887f7.jpg,F:\xlw\bdd100k_final\images\100k\val\c1496e0d-bb0887f7.jpg,val,overcast,daytime,clear
c14a28d6-1623e98d.jpg,F:\xlw\bdd100k_final\images\100k\val\c14a28d6-1623e98d.jpg,val,clear,night,night
c14c42e1-a83bad41.jpg,F:\xlw\bdd100k_final\images\100k\val\c14c42e1-a83bad41.jpg,val,partly cloudy,night,night
c14c42e1-bbb66a0a.jpg,F:\xlw\bdd100k_final\images\100k\val\c14c42e1-bbb66a0a.jpg,val,partly cloudy,daytime,clear
c14ccf5b-41faebd2.jpg,F:\xlw\bdd100k_final\images\100k\val\c14ccf5b-41faebd2.jpg,val,clear,daytime,clear
c14d8658-f91e67b2.jpg,F:\xlw\bdd100k_final\images\100k\val\c14d8658-f91e67b2.jpg,val,partly cloudy,daytime,clear
c14dc226-1d699f84.jpg,F:\xlw\bdd100k_final\images\100k\val\c14dc226-1d699f84.jpg,val,clear,daytime,clear
c14e8180-1445eb0a.jpg,F:\xlw\bdd100k_final\images\100k\val\c14e8180-1445eb0a.jpg,val,clear,daytime,clear
c14e8180-1968200f.jpg,F:\xlw\bdd100k_final\images\100k\val\c14e8180-1968200f.jpg,val,overcast,daytime,clear
c14e8180-ec624140.jpg,F:\xlw\bdd100k_final\images\100k\val\c14e8180-ec624140.jpg,val,clear,daytime,clear
c150197f-96adff4d.jpg,F:\xlw\bdd100k_final\images\100k\val\c150197f-96adff4d.jpg,val,snowy,daytime,snow
c1504278-565f9d8f.jpg,F:\xlw\bdd100k_final\images\100k\val\c1504278-565f9d8f.jpg,val,overcast,daytime,clear
c150584d-0c5c8f75.jpg,F:\xlw\bdd100k_final\images\100k\val\c150584d-0c5c8f75.jpg,val,clear,night,night
c152d738-646ba59f.jpg,F:\xlw\bdd100k_final\images\100k\val\c152d738-646ba59f.jpg,val,clear,daytime,clear
c153a7d6-902f591d.jpg,F:\xlw\bdd100k_final\images\100k\val\c153a7d6-902f591d.jpg,val,clear,daytime,clear
c154b889-31f9ae3e.jpg,F:\xlw\bdd100k_final\images\100k\val\c154b889-31f9ae3e.jpg,val,rainy,daytime,rain
c154b889-9f8ad734.jpg,F:\xlw\bdd100k_final\images\100k\val\c154b889-9f8ad734.jpg,val,rainy,daytime,rain
c1557ff7-0103f652.jpg,F:\xlw\bdd100k_final\images\100k\val\c1557ff7-0103f652.jpg,val,clear,night,night
c155b6d9-3f10e2e8.jpg,F:\xlw\bdd100k_final\images\100k\val\c155b6d9-3f10e2e8.jpg,val,clear,daytime,clear
c155b6d9-8938e3d3.jpg,F:\xlw\bdd100k_final\images\100k\val\c155b6d9-8938e3d3.jpg,val,clear,daytime,clear
c155b6d9-a803a8d9.jpg,F:\xlw\bdd100k_final\images\100k\val\c155b6d9-a803a8d9.jpg,val,clear,daytime,clear
c155b6d9-cfa6c733.jpg,F:\xlw\bdd100k_final\images\100k\val\c155b6d9-cfa6c733.jpg,val,clear,daytime,clear
c1562416-05f50759.jpg,F:\xlw\bdd100k_final\images\100k\val\c1562416-05f50759.jpg,val,clear,night,night
c1583ab8-1c0feef0.jpg,F:\xlw\bdd100k_final\images\100k\val\c1583ab8-1c0feef0.jpg,val,rainy,daytime,rain
c1589305-200e315b.jpg,F:\xlw\bdd100k_final\images\100k\val\c1589305-200e315b.jpg,val,partly cloudy,daytime,clear
c159a842-58ec61d9.jpg,F:\xlw\bdd100k_final\images\100k\val\c159a842-58ec61d9.jpg,val,rainy,night,night
c159a842-67c83740.jpg,F:\xlw\bdd100k_final\images\100k\val\c159a842-67c83740.jpg,val,clear,night,night
c159a842-7a45f3d9.jpg,F:\xlw\bdd100k_final\images\100k\val\c159a842-7a45f3d9.jpg,val,clear,night,night
c159a842-7fa65680.jpg,F:\xlw\bdd100k_final\images\100k\val\c159a842-7fa65680.jpg,val,snowy,night,night
c159a842-b245f317.jpg,F:\xlw\bdd100k_final\images\100k\val\c159a842-b245f317.jpg,val,snowy,night,night
c159a842-cdc7a8cd.jpg,F:\xlw\bdd100k_final\images\100k\val\c159a842-cdc7a8cd.jpg,val,snowy,night,night
c15c29a5-3a80f3b2.jpg,F:\xlw\bdd100k_final\images\100k\val\c15c29a5-3a80f3b2.jpg,val,partly cloudy,daytime,clear
c15c29a5-47a16c75.jpg,F:\xlw\bdd100k_final\images\100k\val\c15c29a5-47a16c75.jpg,val,partly cloudy,daytime,clear
c15c29a5-5be4dad3.jpg,F:\xlw\bdd100k_final\images\100k\val\c15c29a5-5be4dad3.jpg,val,clear,night,night
c15c29a5-6881956e.jpg,F:\xlw\bdd100k_final\images\100k\val\c15c29a5-6881956e.jpg,val,overcast,daytime,clear
c15c29a5-74788f46.jpg,F:\xlw\bdd100k_final\images\100k\val\c15c29a5-74788f46.jpg,val,clear,daytime,clear
c15c29a5-9af1055d.jpg,F:\xlw\bdd100k_final\images\100k\val\c15c29a5-9af1055d.jpg,val,partly cloudy,daytime,clear
c15c29a5-b3da941e.jpg,F:\xlw\bdd100k_final\images\100k\val\c15c29a5-b3da941e.jpg,val,overcast,daytime,clear
c15c29a5-eb30cb60.jpg,F:\xlw\bdd100k_final\images\100k\val\c15c29a5-eb30cb60.jpg,val,partly cloudy,daytime,clear
c15defff-3d0670f9.jpg,F:\xlw\bdd100k_final\images\100k\val\c15defff-3d0670f9.jpg,val,rainy,daytime,rain
c15e9dd6-955a897b.jpg,F:\xlw\bdd100k_final\images\100k\val\c15e9dd6-955a897b.jpg,val,clear,night,night
c1617c3b-c295ec43.jpg,F:\xlw\bdd100k_final\images\100k\val\c1617c3b-c295ec43.jpg,val,rainy,daytime,rain
c1627cd8-d8c10968.jpg,F:\xlw\bdd100k_final\images\100k\val\c1627cd8-d8c10968.jpg,val,clear,night,night
c16613ce-b065ed48.jpg,F:\xlw\bdd100k_final\images\100k\val\c16613ce-b065ed48.jpg,val,undefined,night,night
c1675e95-6e450bc4.jpg,F:\xlw\bdd100k_final\images\100k\val\c1675e95-6e450bc4.jpg,val,clear,night,night
c16766b6-205384e6.jpg,F:\xlw\bdd100k_final\images\100k\val\c16766b6-205384e6.jpg,val,clear,night,night
c167c2a8-3a6f62c1.jpg,F:\xlw\bdd100k_final\images\100k\val\c167c2a8-3a6f62c1.jpg,val,clear,daytime,clear
c168558d-9a3f4c8c.jpg,F:\xlw\bdd100k_final\images\100k\val\c168558d-9a3f4c8c.jpg,val,rainy,daytime,rain
c16a24ab-c8c540e1.jpg,F:\xlw\bdd100k_final\images\100k\val\c16a24ab-c8c540e1.jpg,val,clear,night,night
c16c2f49-366525d8.jpg,F:\xlw\bdd100k_final\images\100k\val\c16c2f49-366525d8.jpg,val,overcast,daytime,clear
c16d1626-a3df1547.jpg,F:\xlw\bdd100k_final\images\100k\val\c16d1626-a3df1547.jpg,val,clear,night,night
c16d3fdb-a3a8c912.jpg,F:\xlw\bdd100k_final\images\100k\val\c16d3fdb-a3a8c912.jpg,val,clear,daytime,clear
c16e5581-1b1317e2.jpg,F:\xlw\bdd100k_final\images\100k\val\c16e5581-1b1317e2.jpg,val,snowy,daytime,snow
c16e5581-3e798354.jpg,F:\xlw\bdd100k_final\images\100k\val\c16e5581-3e798354.jpg,val,snowy,night,night
c172eb28-aaf233b7.jpg,F:\xlw\bdd100k_final\images\100k\val\c172eb28-aaf233b7.jpg,val,overcast,daytime,clear
c172eb28-fbd07793.jpg,F:\xlw\bdd100k_final\images\100k\val\c172eb28-fbd07793.jpg,val,overcast,daytime,clear
c173438f-01b0b013.jpg,F:\xlw\bdd100k_final\images\100k\val\c173438f-01b0b013.jpg,val,clear,night,night
c174a2be-b32a8285.jpg,F:\xlw\bdd100k_final\images\100k\val\c174a2be-b32a8285.jpg,val,overcast,daytime,clear
c174b1bd-2a882560.jpg,F:\xlw\bdd100k_final\images\100k\val\c174b1bd-2a882560.jpg,val,clear,night,night
c174b1bd-4b33c65a.jpg,F:\xlw\bdd100k_final\images\100k\val\c174b1bd-4b33c65a.jpg,val,clear,daytime,clear
c174b1bd-e90c56a2.jpg,F:\xlw\bdd100k_final\images\100k\val\c174b1bd-e90c56a2.jpg,val,clear,night,night
c174c108-7bf5b863.jpg,F:\xlw\bdd100k_final\images\100k\val\c174c108-7bf5b863.jpg,val,clear,night,night
c1757757-140fa8b6.jpg,F:\xlw\bdd100k_final\images\100k\val\c1757757-140fa8b6.jpg,val,clear,daytime,clear
c1757757-601402ff.jpg,F:\xlw\bdd100k_final\images\100k\val\c1757757-601402ff.jpg,val,overcast,daytime,clear
c17752b1-1949c442.jpg,F:\xlw\bdd100k_final\images\100k\val\c17752b1-1949c442.jpg,val,clear,night,night
c177a543-86fc2f32.jpg,F:\xlw\bdd100k_final\images\100k\val\c177a543-86fc2f32.jpg,val,clear,night,night
c178a6d6-0f03f247.jpg,F:\xlw\bdd100k_final\images\100k\val\c178a6d6-0f03f247.jpg,val,clear,night,night
c17935d5-3978abec.jpg,F:\xlw\bdd100k_final\images\100k\val\c17935d5-3978abec.jpg,val,clear,night,night
c17935d5-6da1bc64.jpg,F:\xlw\bdd100k_final\images\100k\val\c17935d5-6da1bc64.jpg,val,clear,night,night
c1797ffb-1f4c2bc1.jpg,F:\xlw\bdd100k_final\images\100k\val\c1797ffb-1f4c2bc1.jpg,val,clear,night,night
c1797ffb-4afdb9c9.jpg,F:\xlw\bdd100k_final\images\100k\val\c1797ffb-4afdb9c9.jpg,val,clear,night,night
c1797ffb-50a40199.jpg,F:\xlw\bdd100k_final\images\100k\val\c1797ffb-50a40199.jpg,val,clear,night,night
c1797ffb-633a7ed8.jpg,F:\xlw\bdd100k_final\images\100k\val\c1797ffb-633a7ed8.jpg,val,snowy,night,night
c1797ffb-df92d709.jpg,F:\xlw\bdd100k_final\images\100k\val\c1797ffb-df92d709.jpg,val,clear,night,night
c1797ffb-e25c45e4.jpg,F:\xlw\bdd100k_final\images\100k\val\c1797ffb-e25c45e4.jpg,val,clear,night,night
c179d309-0e034578.jpg,F:\xlw\bdd100k_final\images\100k\val\c179d309-0e034578.jpg,val,rainy,daytime,rain
c179d309-59d431e7.jpg,F:\xlw\bdd100k_final\images\100k\val\c179d309-59d431e7.jpg,val,rainy,daytime,rain
c179d309-8939ab37.jpg,F:\xlw\bdd100k_final\images\100k\val\c179d309-8939ab37.jpg,val,rainy,daytime,rain
c179d309-b446fda3.jpg,F:\xlw\bdd100k_final\images\100k\val\c179d309-b446fda3.jpg,val,rainy,daytime,rain
c17a1579-23256ea7.jpg,F:\xlw\bdd100k_final\images\100k\val\c17a1579-23256ea7.jpg,val,clear,night,night
c17a1579-37f5c36f.jpg,F:\xlw\bdd100k_final\images\100k\val\c17a1579-37f5c36f.jpg,val,clear,night,night
c17a1579-afd4745a.jpg,F:\xlw\bdd100k_final\images\100k\val\c17a1579-afd4745a.jpg,val,clear,night,night
c17a1579-d4af565a.jpg,F:\xlw\bdd100k_final\images\100k\val\c17a1579-d4af565a.jpg,val,clear,night,night
c17a1579-edf3958f.jpg,F:\xlw\bdd100k_final\images\100k\val\c17a1579-edf3958f.jpg,val,clear,night,night
c17aa6cb-4966e0c9.jpg,F:\xlw\bdd100k_final\images\100k\val\c17aa6cb-4966e0c9.jpg,val,partly cloudy,daytime,clear
c17aa6cb-b8dbbf71.jpg,F:\xlw\bdd100k_final\images\100k\val\c17aa6cb-b8dbbf71.jpg,val,clear,daytime,clear
c17ac26d-a03ed133.jpg,F:\xlw\bdd100k_final\images\100k\val\c17ac26d-a03ed133.jpg,val,overcast,daytime,clear
c17b2387-acbe59ce.jpg,F:\xlw\bdd100k_final\images\100k\val\c17b2387-acbe59ce.jpg,val,clear,night,night
c17b2387-b53d9933.jpg,F:\xlw\bdd100k_final\images\100k\val\c17b2387-b53d9933.jpg,val,clear,night,night
c17b2387-d6a59eed.jpg,F:\xlw\bdd100k_final\images\100k\val\c17b2387-d6a59eed.jpg,val,clear,night,night
c17fd4de-d4f40b90.jpg,F:\xlw\bdd100k_final\images\100k\val\c17fd4de-d4f40b90.jpg,val,rainy,night,night
c1807c66-2813073f.jpg,F:\xlw\bdd100k_final\images\100k\val\c1807c66-2813073f.jpg,val,clear,night,night
c181581e-2cb8bbad.jpg,F:\xlw\bdd100k_final\images\100k\val\c181581e-2cb8bbad.jpg,val,clear,daytime,clear
c181581e-d2c1c633.jpg,F:\xlw\bdd100k_final\images\100k\val\c181581e-d2c1c633.jpg,val,clear,daytime,clear
c182828e-8ee6c4f8.jpg,F:\xlw\bdd100k_final\images\100k\val\c182828e-8ee6c4f8.jpg,val,clear,night,night
c186075f-85cc92e4.jpg,F:\xlw\bdd100k_final\images\100k\val\c186075f-85cc92e4.jpg,val,clear,daytime,clear
c1862df8-21ee7c12.jpg,F:\xlw\bdd100k_final\images\100k\val\c1862df8-21ee7c12.jpg,val,overcast,daytime,clear
c1862df8-a1c9702a.jpg,F:\xlw\bdd100k_final\images\100k\val\c1862df8-a1c9702a.jpg,val,overcast,daytime,clear
c187431f-7b6ad6d6.jpg,F:\xlw\bdd100k_final\images\100k\val\c187431f-7b6ad6d6.jpg,val,clear,night,night
c187a3b2-30716126.jpg,F:\xlw\bdd100k_final\images\100k\val\c187a3b2-30716126.jpg,val,clear,night,night
c189f62f-7cbbe028.jpg,F:\xlw\bdd100k_final\images\100k\val\c189f62f-7cbbe028.jpg,val,rainy,daytime,rain
c18b5a00-f7a987d8.jpg,F:\xlw\bdd100k_final\images\100k\val\c18b5a00-f7a987d8.jpg,val,clear,daytime,clear
c18c0928-a28a4f94.jpg,F:\xlw\bdd100k_final\images\100k\val\c18c0928-a28a4f94.jpg,val,partly cloudy,daytime,clear
c18c2720-3900ffa7.jpg,F:\xlw\bdd100k_final\images\100k\val\c18c2720-3900ffa7.jpg,val,snowy,daytime,snow
c18c4ccb-c32c02c7.jpg,F:\xlw\bdd100k_final\images\100k\val\c18c4ccb-c32c02c7.jpg,val,partly cloudy,daytime,clear
c18cdb0e-c6d8672a.jpg,F:\xlw\bdd100k_final\images\100k\val\c18cdb0e-c6d8672a.jpg,val,clear,daytime,clear
c18d3ffa-befc072e.jpg,F:\xlw\bdd100k_final\images\100k\val\c18d3ffa-befc072e.jpg,val,clear,daytime,clear
c1923ac1-242516f9.jpg,F:\xlw\bdd100k_final\images\100k\val\c1923ac1-242516f9.jpg,val,clear,daytime,clear
c1923ac1-5a311813.jpg,F:\xlw\bdd100k_final\images\100k\val\c1923ac1-5a311813.jpg,val,clear,daytime,clear
c1924b4e-09f3abc2.jpg,F:\xlw\bdd100k_final\images\100k\val\c1924b4e-09f3abc2.jpg,val,rainy,night,night
c1924b4e-cec324a7.jpg,F:\xlw\bdd100k_final\images\100k\val\c1924b4e-cec324a7.jpg,val,rainy,night,night
c1924b4e-d9f9aca2.jpg,F:\xlw\bdd100k_final\images\100k\val\c1924b4e-d9f9aca2.jpg,val,clear,night,night
c192dc69-59bbb54c.jpg,F:\xlw\bdd100k_final\images\100k\val\c192dc69-59bbb54c.jpg,val,partly cloudy,daytime,clear
c1947e09-4ec75b70.jpg,F:\xlw\bdd100k_final\images\100k\val\c1947e09-4ec75b70.jpg,val,rainy,night,night
c194891d-b4b5d072.jpg,F:\xlw\bdd100k_final\images\100k\val\c194891d-b4b5d072.jpg,val,partly cloudy,daytime,clear
c19681f6-26f7aa52.jpg,F:\xlw\bdd100k_final\images\100k\val\c19681f6-26f7aa52.jpg,val,clear,daytime,clear
c19681f6-c6258473.jpg,F:\xlw\bdd100k_final\images\100k\val\c19681f6-c6258473.jpg,val,clear,daytime,clear
c1978334-40dc8bd3.jpg,F:\xlw\bdd100k_final\images\100k\val\c1978334-40dc8bd3.jpg,val,clear,night,night
c1978334-ee0b01df.jpg,F:\xlw\bdd100k_final\images\100k\val\c1978334-ee0b01df.jpg,val,clear,night,night
c197a2a7-20f63536.jpg,F:\xlw\bdd100k_final\images\100k\val\c197a2a7-20f63536.jpg,val,clear,daytime,clear
c197a2a7-5b960a7f.jpg,F:\xlw\bdd100k_final\images\100k\val\c197a2a7-5b960a7f.jpg,val,clear,daytime,clear
c197a2a7-ea0bf42c.jpg,F:\xlw\bdd100k_final\images\100k\val\c197a2a7-ea0bf42c.jpg,val,clear,daytime,clear
c198d362-608f78ff.jpg,F:\xlw\bdd100k_final\images\100k\val\c198d362-608f78ff.jpg,val,overcast,daytime,clear
c19aa2da-25679033.jpg,F:\xlw\bdd100k_final\images\100k\val\c19aa2da-25679033.jpg,val,snowy,night,night
c19c6ce3-c8682f81.jpg,F:\xlw\bdd100k_final\images\100k\val\c19c6ce3-c8682f81.jpg,val,clear,daytime,clear
c19d66b8-46ba1ad6.jpg,F:\xlw\bdd100k_final\images\100k\val\c19d66b8-46ba1ad6.jpg,val,overcast,daytime,clear
c19d7224-503472e5.jpg,F:\xlw\bdd100k_final\images\100k\val\c19d7224-503472e5.jpg,val,partly cloudy,daytime,clear
c19e69b1-c22bb482.jpg,F:\xlw\bdd100k_final\images\100k\val\c19e69b1-c22bb482.jpg,val,clear,night,night
c19e69b1-d725a651.jpg,F:\xlw\bdd100k_final\images\100k\val\c19e69b1-d725a651.jpg,val,clear,night,night
c1a026fd-4cce52f5.jpg,F:\xlw\bdd100k_final\images\100k\val\c1a026fd-4cce52f5.jpg,val,clear,night,night
c1a026fd-6c19a089.jpg,F:\xlw\bdd100k_final\images\100k\val\c1a026fd-6c19a089.jpg,val,clear,night,night
c1a026fd-769c0a00.jpg,F:\xlw\bdd100k_final\images\100k\val\c1a026fd-769c0a00.jpg,val,clear,night,night
c1a026fd-7b8320ca.jpg,F:\xlw\bdd100k_final\images\100k\val\c1a026fd-7b8320ca.jpg,val,clear,night,night
c1a026fd-7fa757fd.jpg,F:\xlw\bdd100k_final\images\100k\val\c1a026fd-7fa757fd.jpg,val,clear,night,night
c1a026fd-88317021.jpg,F:\xlw\bdd100k_final\images\100k\val\c1a026fd-88317021.jpg,val,clear,night,night
c1a026fd-9f4909aa.jpg,F:\xlw\bdd100k_final\images\100k\val\c1a026fd-9f4909aa.jpg,val,clear,night,night
c1a026fd-f78b8860.jpg,F:\xlw\bdd100k_final\images\100k\val\c1a026fd-f78b8860.jpg,val,clear,night,night
c1a06160-7046d0fc.jpg,F:\xlw\bdd100k_final\images\100k\val\c1a06160-7046d0fc.jpg,val,clear,night,night
c1a06160-8c102212.jpg,F:\xlw\bdd100k_final\images\100k\val\c1a06160-8c102212.jpg,val,clear,night,night
c1a06160-fdbec44f.jpg,F:\xlw\bdd100k_final\images\100k\val\c1a06160-fdbec44f.jpg,val,clear,night,night
c1a07cae-0aaf3a16.jpg,F:\xlw\bdd100k_final\images\100k\val\c1a07cae-0aaf3a16.jpg,val,clear,daytime,clear
c1a07cae-269e1f30.jpg,F:\xlw\bdd100k_final\images\100k\val\c1a07cae-269e1f30.jpg,val,clear,daytime,clear
c1a07cae-73529cf4.jpg,F:\xlw\bdd100k_final\images\100k\val\c1a07cae-73529cf4.jpg,val,clear,daytime,clear
c1a1e343-52fde736.jpg,F:\xlw\bdd100k_final\images\100k\val\c1a1e343-52fde736.jpg,val,overcast,daytime,clear
c1a1e343-92f68005.jpg,F:\xlw\bdd100k_final\images\100k\val\c1a1e343-92f68005.jpg,val,overcast,daytime,clear
c1a1e343-a2aed5dc.jpg,F:\xlw\bdd100k_final\images\100k\val\c1a1e343-a2aed5dc.jpg,val,rainy,daytime,rain
c1a2ae3c-19fc5138.jpg,F:\xlw\bdd100k_final\images\100k\val\c1a2ae3c-19fc5138.jpg,val,clear,night,night
c1a2ae3c-2040a6cf.jpg,F:\xlw\bdd100k_final\images\100k\val\c1a2ae3c-2040a6cf.jpg,val,clear,night,night
c1a2ae3c-2325d797.jpg,F:\xlw\bdd100k_final\images\100k\val\c1a2ae3c-2325d797.jpg,val,clear,night,night
c1a2f331-c407620f.jpg,F:\xlw\bdd100k_final\images\100k\val\c1a2f331-c407620f.jpg,val,overcast,daytime,clear
c1a42d25-f69459ca.jpg,F:\xlw\bdd100k_final\images\100k\val\c1a42d25-f69459ca.jpg,val,clear,night,night
c1a479d9-0d218cf2.jpg,F:\xlw\bdd100k_final\images\100k\val\c1a479d9-0d218cf2.jpg,val,clear,night,night
c1a479d9-0f8f9f4f.jpg,F:\xlw\bdd100k_final\images\100k\val\c1a479d9-0f8f9f4f.jpg,val,clear,night,night
c1a479d9-e8ee7bae.jpg,F:\xlw\bdd100k_final\images\100k\val\c1a479d9-e8ee7bae.jpg,val,clear,night,night
c1a5825c-0ea22b59.jpg,F:\xlw\bdd100k_final\images\100k\val\c1a5825c-0ea22b59.jpg,val,snowy,night,night
c1a5825c-16222044.jpg,F:\xlw\bdd100k_final\images\100k\val\c1a5825c-16222044.jpg,val,rainy,night,night
c1a5825c-29536004.jpg,F:\xlw\bdd100k_final\images\100k\val\c1a5825c-29536004.jpg,val,snowy,night,night
c1a5825c-4aa34c73.jpg,F:\xlw\bdd100k_final\images\100k\val\c1a5825c-4aa34c73.jpg,val,snowy,daytime,snow
c1a5825c-4e25e6ef.jpg,F:\xlw\bdd100k_final\images\100k\val\c1a5825c-4e25e6ef.jpg,val,clear,night,night
c1a5825c-7b895437.jpg,F:\xlw\bdd100k_final\images\100k\val\c1a5825c-7b895437.jpg,val,snowy,night,night
c1a5825c-83d22fb5.jpg,F:\xlw\bdd100k_final\images\100k\val\c1a5825c-83d22fb5.jpg,val,snowy,night,night
c1a5825c-b8528fc1.jpg,F:\xlw\bdd100k_final\images\100k\val\c1a5825c-b8528fc1.jpg,val,snowy,night,night
c1a5825c-c2afbdde.jpg,F:\xlw\bdd100k_final\images\100k\val\c1a5825c-c2afbdde.jpg,val,snowy,daytime,snow
c1a5825c-f4d4e625.jpg,F:\xlw\bdd100k_final\images\100k\val\c1a5825c-f4d4e625.jpg,val,snowy,night,night
c1a8c10a-2c737293.jpg,F:\xlw\bdd100k_final\images\100k\val\c1a8c10a-2c737293.jpg,val,clear,night,night
c1a8c10a-85b7b1d9.jpg,F:\xlw\bdd100k_final\images\100k\val\c1a8c10a-85b7b1d9.jpg,val,clear,daytime,clear
c1a99e5b-9ff89172.jpg,F:\xlw\bdd100k_final\images\100k\val\c1a99e5b-9ff89172.jpg,val,clear,daytime,clear
c1a99e5b-c709000a.jpg,F:\xlw\bdd100k_final\images\100k\val\c1a99e5b-c709000a.jpg,val,clear,daytime,clear
c1ae330e-0543c8dc.jpg,F:\xlw\bdd100k_final\images\100k\val\c1ae330e-0543c8dc.jpg,val,partly cloudy,daytime,clear
c1aed008-b74dbb7e.jpg,F:\xlw\bdd100k_final\images\100k\val\c1aed008-b74dbb7e.jpg,val,partly cloudy,daytime,clear
c1aff52d-48e2c3f7.jpg,F:\xlw\bdd100k_final\images\100k\val\c1aff52d-48e2c3f7.jpg,val,clear,daytime,clear
c1b16eee-24ccb54b.jpg,F:\xlw\bdd100k_final\images\100k\val\c1b16eee-24ccb54b.jpg,val,rainy,daytime,rain
c1b16eee-4d40da01.jpg,F:\xlw\bdd100k_final\images\100k\val\c1b16eee-4d40da01.jpg,val,rainy,daytime,rain
c1b16eee-61bd970b.jpg,F:\xlw\bdd100k_final\images\100k\val\c1b16eee-61bd970b.jpg,val,rainy,daytime,rain
c1b16eee-7773662a.jpg,F:\xlw\bdd100k_final\images\100k\val\c1b16eee-7773662a.jpg,val,rainy,daytime,rain
c1b16eee-d45c1777.jpg,F:\xlw\bdd100k_final\images\100k\val\c1b16eee-d45c1777.jpg,val,rainy,daytime,rain
c1b26cc4-7a7cf86b.jpg,F:\xlw\bdd100k_final\images\100k\val\c1b26cc4-7a7cf86b.jpg,val,clear,daytime,clear
c1b3582d-31ed042c.jpg,F:\xlw\bdd100k_final\images\100k\val\c1b3582d-31ed042c.jpg,val,clear,daytime,clear
c1b3582d-3eb61cdc.jpg,F:\xlw\bdd100k_final\images\100k\val\c1b3582d-3eb61cdc.jpg,val,clear,daytime,clear
c1b3582d-7a6b9124.jpg,F:\xlw\bdd100k_final\images\100k\val\c1b3582d-7a6b9124.jpg,val,clear,daytime,clear
c1b3582d-b9c87c82.jpg,F:\xlw\bdd100k_final\images\100k\val\c1b3582d-b9c87c82.jpg,val,clear,daytime,clear
c1b4cd01-249d0c21.jpg,F:\xlw\bdd100k_final\images\100k\val\c1b4cd01-249d0c21.jpg,val,clear,daytime,clear
c1b5a91c-9e402e78.jpg,F:\xlw\bdd100k_final\images\100k\val\c1b5a91c-9e402e78.jpg,val,clear,daytime,clear
c1b5aaf7-f184ef82.jpg,F:\xlw\bdd100k_final\images\100k\val\c1b5aaf7-f184ef82.jpg,val,clear,daytime,clear
c1b64469-18575cd6.jpg,F:\xlw\bdd100k_final\images\100k\val\c1b64469-18575cd6.jpg,val,clear,daytime,clear
c1b7f449-2e7ddbce.jpg,F:\xlw\bdd100k_final\images\100k\val\c1b7f449-2e7ddbce.jpg,val,clear,daytime,clear
c1b8863d-5c238b87.jpg,F:\xlw\bdd100k_final\images\100k\val\c1b8863d-5c238b87.jpg,val,rainy,daytime,rain
c1b89289-81b3242f.jpg,F:\xlw\bdd100k_final\images\100k\val\c1b89289-81b3242f.jpg,val,clear,night,night
c1b93aa0-3f3c05a3.jpg,F:\xlw\bdd100k_final\images\100k\val\c1b93aa0-3f3c05a3.jpg,val,rainy,night,night
c1b93aa0-cba79a5f.jpg,F:\xlw\bdd100k_final\images\100k\val\c1b93aa0-cba79a5f.jpg,val,rainy,night,night
c1ba5ee6-1a00a269.jpg,F:\xlw\bdd100k_final\images\100k\val\c1ba5ee6-1a00a269.jpg,val,partly cloudy,daytime,clear
c1ba5ee6-1ac54091.jpg,F:\xlw\bdd100k_final\images\100k\val\c1ba5ee6-1ac54091.jpg,val,partly cloudy,daytime,clear
c1ba5ee6-81459f71.jpg,F:\xlw\bdd100k_final\images\100k\val\c1ba5ee6-81459f71.jpg,val,partly cloudy,daytime,clear
c1ba5ee6-a7916d65.jpg,F:\xlw\bdd100k_final\images\100k\val\c1ba5ee6-a7916d65.jpg,val,partly cloudy,daytime,clear
c1ba5ee6-b2cb1e51.jpg,F:\xlw\bdd100k_final\images\100k\val\c1ba5ee6-b2cb1e51.jpg,val,partly cloudy,daytime,clear
c1ba5ee6-c2c5967a.jpg,F:\xlw\bdd100k_final\images\100k\val\c1ba5ee6-c2c5967a.jpg,val,partly cloudy,daytime,clear
c1ba5ee6-d7c173ea.jpg,F:\xlw\bdd100k_final\images\100k\val\c1ba5ee6-d7c173ea.jpg,val,clear,daytime,clear
c1bbc01a-42a391bd.jpg,F:\xlw\bdd100k_final\images\100k\val\c1bbc01a-42a391bd.jpg,val,clear,daytime,clear
c1bbc01a-be613683.jpg,F:\xlw\bdd100k_final\images\100k\val\c1bbc01a-be613683.jpg,val,clear,daytime,clear
c1bbc01a-cd5108c4.jpg,F:\xlw\bdd100k_final\images\100k\val\c1bbc01a-cd5108c4.jpg,val,clear,daytime,clear
c1bc8490-bf1a47be.jpg,F:\xlw\bdd100k_final\images\100k\val\c1bc8490-bf1a47be.jpg,val,clear,night,night
c1bd17fc-fc404eba.jpg,F:\xlw\bdd100k_final\images\100k\val\c1bd17fc-fc404eba.jpg,val,rainy,daytime,rain
c1bd4140-1f2bd79e.jpg,F:\xlw\bdd100k_final\images\100k\val\c1bd4140-1f2bd79e.jpg,val,clear,daytime,clear
c1be4f15-060de5f9.jpg,F:\xlw\bdd100k_final\images\100k\val\c1be4f15-060de5f9.jpg,val,clear,night,night
c1bf3315-d2d3b34f.jpg,F:\xlw\bdd100k_final\images\100k\val\c1bf3315-d2d3b34f.jpg,val,snowy,night,night
c1c6903c-922c5fce.jpg,F:\xlw\bdd100k_final\images\100k\val\c1c6903c-922c5fce.jpg,val,clear,daytime,clear
c1c70561-e47b6c58.jpg,F:\xlw\bdd100k_final\images\100k\val\c1c70561-e47b6c58.jpg,val,clear,night,night
c1c778df-c9e106ab.jpg,F:\xlw\bdd100k_final\images\100k\val\c1c778df-c9e106ab.jpg,val,clear,night,night
c1c7a738-75bb5332.jpg,F:\xlw\bdd100k_final\images\100k\val\c1c7a738-75bb5332.jpg,val,overcast,daytime,clear
c1c811a6-523b402f.jpg,F:\xlw\bdd100k_final\images\100k\val\c1c811a6-523b402f.jpg,val,clear,night,night
c1c865f7-23381910.jpg,F:\xlw\bdd100k_final\images\100k\val\c1c865f7-23381910.jpg,val,clear,night,night
c1c8b782-bd19a1f1.jpg,F:\xlw\bdd100k_final\images\100k\val\c1c8b782-bd19a1f1.jpg,val,clear,night,night
c1c8b782-bece3215.jpg,F:\xlw\bdd100k_final\images\100k\val\c1c8b782-bece3215.jpg,val,clear,daytime,clear
c1ca33ef-2b3cedac.jpg,F:\xlw\bdd100k_final\images\100k\val\c1ca33ef-2b3cedac.jpg,val,overcast,daytime,clear
c1ca33ef-b36cc11b.jpg,F:\xlw\bdd100k_final\images\100k\val\c1ca33ef-b36cc11b.jpg,val,overcast,daytime,clear
c1d28a8a-6ce21619.jpg,F:\xlw\bdd100k_final\images\100k\val\c1d28a8a-6ce21619.jpg,val,overcast,daytime,clear
c1d2a1ff-3fe5e395.jpg,F:\xlw\bdd100k_final\images\100k\val\c1d2a1ff-3fe5e395.jpg,val,rainy,daytime,rain
c1d49e85-c8f5e1a5.jpg,F:\xlw\bdd100k_final\images\100k\val\c1d49e85-c8f5e1a5.jpg,val,clear,night,night
c1d4e142-4fedae95.jpg,F:\xlw\bdd100k_final\images\100k\val\c1d4e142-4fedae95.jpg,val,rainy,night,night
c1d63428-737aac1d.jpg,F:\xlw\bdd100k_final\images\100k\val\c1d63428-737aac1d.jpg,val,partly cloudy,daytime,clear
c1d7db26-99ee3075.jpg,F:\xlw\bdd100k_final\images\100k\val\c1d7db26-99ee3075.jpg,val,clear,night,night
c1d9b74d-19748e56.jpg,F:\xlw\bdd100k_final\images\100k\val\c1d9b74d-19748e56.jpg,val,clear,night,night
c1d9b74d-56311612.jpg,F:\xlw\bdd100k_final\images\100k\val\c1d9b74d-56311612.jpg,val,clear,night,night
c1d9b74d-57a10465.jpg,F:\xlw\bdd100k_final\images\100k\val\c1d9b74d-57a10465.jpg,val,clear,night,night
c1d9b74d-d3c2b059.jpg,F:\xlw\bdd100k_final\images\100k\val\c1d9b74d-d3c2b059.jpg,val,clear,night,night
c1d9b74d-f9ebe548.jpg,F:\xlw\bdd100k_final\images\100k\val\c1d9b74d-f9ebe548.jpg,val,clear,night,night
c1d9edc8-8986da55.jpg,F:\xlw\bdd100k_final\images\100k\val\c1d9edc8-8986da55.jpg,val,partly cloudy,daytime,clear
c1da4b69-9de1ea25.jpg,F:\xlw\bdd100k_final\images\100k\val\c1da4b69-9de1ea25.jpg,val,clear,daytime,clear
c1db01c0-566146b4.jpg,F:\xlw\bdd100k_final\images\100k\val\c1db01c0-566146b4.jpg,val,rainy,daytime,rain
c1dbf9f7-0090d73a.jpg,F:\xlw\bdd100k_final\images\100k\val\c1dbf9f7-0090d73a.jpg,val,overcast,daytime,clear
c1dc5cd2-0fd8be03.jpg,F:\xlw\bdd100k_final\images\100k\val\c1dc5cd2-0fd8be03.jpg,val,clear,night,night
c1dcd827-e36b0fd0.jpg,F:\xlw\bdd100k_final\images\100k\val\c1dcd827-e36b0fd0.jpg,val,rainy,night,night
c1de2ece-05370fe3.jpg,F:\xlw\bdd100k_final\images\100k\val\c1de2ece-05370fe3.jpg,val,clear,night,night
c1de2ece-26433e37.jpg,F:\xlw\bdd100k_final\images\100k\val\c1de2ece-26433e37.jpg,val,clear,night,night
c1de2ece-5e60449c.jpg,F:\xlw\bdd100k_final\images\100k\val\c1de2ece-5e60449c.jpg,val,clear,night,night
c1de2ece-fae99097.jpg,F:\xlw\bdd100k_final\images\100k\val\c1de2ece-fae99097.jpg,val,clear,night,night
c1ded192-65c5836c.jpg,F:\xlw\bdd100k_final\images\100k\val\c1ded192-65c5836c.jpg,val,clear,night,night
c1e10ddc-10a024c6.jpg,F:\xlw\bdd100k_final\images\100k\val\c1e10ddc-10a024c6.jpg,val,overcast,daytime,clear
c1e1ae56-7ac1bd33.jpg,F:\xlw\bdd100k_final\images\100k\val\c1e1ae56-7ac1bd33.jpg,val,clear,night,night
c1e1f0cb-ffa477f3.jpg,F:\xlw\bdd100k_final\images\100k\val\c1e1f0cb-ffa477f3.jpg,val,clear,daytime,clear
c1e1f7c0-9bbd3146.jpg,F:\xlw\bdd100k_final\images\100k\val\c1e1f7c0-9bbd3146.jpg,val,clear,daytime,clear
c1e1f7c0-b6466fae.jpg,F:\xlw\bdd100k_final\images\100k\val\c1e1f7c0-b6466fae.jpg,val,clear,daytime,clear
c1e404d7-4a3eedc5.jpg,F:\xlw\bdd100k_final\images\100k\val\c1e404d7-4a3eedc5.jpg,val,rainy,daytime,rain
c1e52d50-200c259b.jpg,F:\xlw\bdd100k_final\images\100k\val\c1e52d50-200c259b.jpg,val,clear,night,night
c1e52d50-62ec817f.jpg,F:\xlw\bdd100k_final\images\100k\val\c1e52d50-62ec817f.jpg,val,clear,night,night
c1e6340e-084ce27d.jpg,F:\xlw\bdd100k_final\images\100k\val\c1e6340e-084ce27d.jpg,val,clear,night,night
c1e9212e-dd32de40.jpg,F:\xlw\bdd100k_final\images\100k\val\c1e9212e-dd32de40.jpg,val,overcast,daytime,clear
c1ec4d78-1b59adc6.jpg,F:\xlw\bdd100k_final\images\100k\val\c1ec4d78-1b59adc6.jpg,val,clear,daytime,clear
c1ed2bc1-3d9c0425.jpg,F:\xlw\bdd100k_final\images\100k\val\c1ed2bc1-3d9c0425.jpg,val,snowy,night,night
c1ed2bc1-6a2e61c4.jpg,F:\xlw\bdd100k_final\images\100k\val\c1ed2bc1-6a2e61c4.jpg,val,clear,night,night
c1ed2bc1-883eb236.jpg,F:\xlw\bdd100k_final\images\100k\val\c1ed2bc1-883eb236.jpg,val,snowy,night,night
c1f279ae-5a52d338.jpg,F:\xlw\bdd100k_final\images\100k\val\c1f279ae-5a52d338.jpg,val,undefined,night,night
c1f279ae-67dfd217.jpg,F:\xlw\bdd100k_final\images\100k\val\c1f279ae-67dfd217.jpg,val,foggy,night,night
c1f35f18-1bf0a037.jpg,F:\xlw\bdd100k_final\images\100k\val\c1f35f18-1bf0a037.jpg,val,clear,night,night
c1f35f18-3c5f84a8.jpg,F:\xlw\bdd100k_final\images\100k\val\c1f35f18-3c5f84a8.jpg,val,clear,night,night
c1f35f18-3c7d204b.jpg,F:\xlw\bdd100k_final\images\100k\val\c1f35f18-3c7d204b.jpg,val,clear,night,night
c1f35f18-419afa5e.jpg,F:\xlw\bdd100k_final\images\100k\val\c1f35f18-419afa5e.jpg,val,clear,night,night
c1f35f18-546dd038.jpg,F:\xlw\bdd100k_final\images\100k\val\c1f35f18-546dd038.jpg,val,clear,night,night
c1f35f18-96ab408e.jpg,F:\xlw\bdd100k_final\images\100k\val\c1f35f18-96ab408e.jpg,val,clear,night,night
c1f35f18-a26ccd71.jpg,F:\xlw\bdd100k_final\images\100k\val\c1f35f18-a26ccd71.jpg,val,clear,night,night
c1f35f18-b78de93e.jpg,F:\xlw\bdd100k_final\images\100k\val\c1f35f18-b78de93e.jpg,val,clear,night,night
c1f35f18-cc6a82e9.jpg,F:\xlw\bdd100k_final\images\100k\val\c1f35f18-cc6a82e9.jpg,val,clear,night,night
c1f39934-4b7f4d35.jpg,F:\xlw\bdd100k_final\images\100k\val\c1f39934-4b7f4d35.jpg,val,clear,daytime,clear
c1f39934-59878ba6.jpg,F:\xlw\bdd100k_final\images\100k\val\c1f39934-59878ba6.jpg,val,overcast,daytime,clear
c1f39934-5ae83750.jpg,F:\xlw\bdd100k_final\images\100k\val\c1f39934-5ae83750.jpg,val,overcast,daytime,clear
c1f39934-7fc50bd1.jpg,F:\xlw\bdd100k_final\images\100k\val\c1f39934-7fc50bd1.jpg,val,overcast,daytime,clear
c1f39934-9942e4f7.jpg,F:\xlw\bdd100k_final\images\100k\val\c1f39934-9942e4f7.jpg,val,overcast,daytime,clear
c1f39934-d26d7dd2.jpg,F:\xlw\bdd100k_final\images\100k\val\c1f39934-d26d7dd2.jpg,val,overcast,daytime,clear
c1f47a2c-6ff02223.jpg,F:\xlw\bdd100k_final\images\100k\val\c1f47a2c-6ff02223.jpg,val,clear,night,night
c1f5ccf1-3db75c28.jpg,F:\xlw\bdd100k_final\images\100k\val\c1f5ccf1-3db75c28.jpg,val,clear,night,night
c1f65250-4bf4a042.jpg,F:\xlw\bdd100k_final\images\100k\val\c1f65250-4bf4a042.jpg,val,clear,daytime,clear
c1f65250-7a0e931b.jpg,F:\xlw\bdd100k_final\images\100k\val\c1f65250-7a0e931b.jpg,val,clear,daytime,clear
c1f7104e-b64ae3b2.jpg,F:\xlw\bdd100k_final\images\100k\val\c1f7104e-b64ae3b2.jpg,val,partly cloudy,daytime,clear
c1f74dbc-21fc10db.jpg,F:\xlw\bdd100k_final\images\100k\val\c1f74dbc-21fc10db.jpg,val,clear,night,night
c1f74dbc-457b1a3a.jpg,F:\xlw\bdd100k_final\images\100k\val\c1f74dbc-457b1a3a.jpg,val,clear,night,night
c1f74dbc-af3b1aa4.jpg,F:\xlw\bdd100k_final\images\100k\val\c1f74dbc-af3b1aa4.jpg,val,clear,night,night
c1f74dbc-c774031f.jpg,F:\xlw\bdd100k_final\images\100k\val\c1f74dbc-c774031f.jpg,val,clear,night,night
c1f7cec6-549a06ac.jpg,F:\xlw\bdd100k_final\images\100k\val\c1f7cec6-549a06ac.jpg,val,partly cloudy,daytime,clear
c1f8d9b3-06b1c09d.jpg,F:\xlw\bdd100k_final\images\100k\val\c1f8d9b3-06b1c09d.jpg,val,clear,night,night
c1f8d9b3-08345938.jpg,F:\xlw\bdd100k_final\images\100k\val\c1f8d9b3-08345938.jpg,val,clear,night,night
c1f8d9b3-2b52f21e.jpg,F:\xlw\bdd100k_final\images\100k\val\c1f8d9b3-2b52f21e.jpg,val,clear,night,night
c1f8d9b3-343f4798.jpg,F:\xlw\bdd100k_final\images\100k\val\c1f8d9b3-343f4798.jpg,val,clear,night,night
c1f8d9b3-438f46c3.jpg,F:\xlw\bdd100k_final\images\100k\val\c1f8d9b3-438f46c3.jpg,val,clear,night,night
c1f8d9b3-55f5ae24.jpg,F:\xlw\bdd100k_final\images\100k\val\c1f8d9b3-55f5ae24.jpg,val,clear,night,night
c1f8d9b3-683c824f.jpg,F:\xlw\bdd100k_final\images\100k\val\c1f8d9b3-683c824f.jpg,val,clear,night,night
c1f8d9b3-7cb2d56b.jpg,F:\xlw\bdd100k_final\images\100k\val\c1f8d9b3-7cb2d56b.jpg,val,clear,night,night
c1f8d9b3-81ee1c2d.jpg,F:\xlw\bdd100k_final\images\100k\val\c1f8d9b3-81ee1c2d.jpg,val,clear,night,night
c1f8d9b3-c550f84e.jpg,F:\xlw\bdd100k_final\images\100k\val\c1f8d9b3-c550f84e.jpg,val,clear,night,night
c1f8d9b3-c6dae792.jpg,F:\xlw\bdd100k_final\images\100k\val\c1f8d9b3-c6dae792.jpg,val,clear,night,night
c1f8d9b3-e7a69cc0.jpg,F:\xlw\bdd100k_final\images\100k\val\c1f8d9b3-e7a69cc0.jpg,val,clear,night,night
c1f917f7-49fe8032.jpg,F:\xlw\bdd100k_final\images\100k\val\c1f917f7-49fe8032.jpg,val,clear,night,night
c1f917f7-c3b86ce0.jpg,F:\xlw\bdd100k_final\images\100k\val\c1f917f7-c3b86ce0.jpg,val,clear,night,night
c1f9740a-41816cad.jpg,F:\xlw\bdd100k_final\images\100k\val\c1f9740a-41816cad.jpg,val,clear,daytime,clear
c1f9f357-ab0da339.jpg,F:\xlw\bdd100k_final\images\100k\val\c1f9f357-ab0da339.jpg,val,rainy,daytime,rain
c1fa7950-56a78519.jpg,F:\xlw\bdd100k_final\images\100k\val\c1fa7950-56a78519.jpg,val,overcast,daytime,clear
c1fa7950-fbc6ec93.jpg,F:\xlw\bdd100k_final\images\100k\val\c1fa7950-fbc6ec93.jpg,val,partly cloudy,daytime,clear
c1fa81f4-43a87286.jpg,F:\xlw\bdd100k_final\images\100k\val\c1fa81f4-43a87286.jpg,val,undefined,night,night
c1fb9b6e-39387962.jpg,F:\xlw\bdd100k_final\images\100k\val\c1fb9b6e-39387962.jpg,val,clear,night,night
c1fbed4d-18be096c.jpg,F:\xlw\bdd100k_final\images\100k\val\c1fbed4d-18be096c.jpg,val,partly cloudy,daytime,clear
c1fcbbba-82bed253.jpg,F:\xlw\bdd100k_final\images\100k\val\c1fcbbba-82bed253.jpg,val,snowy,daytime,snow
c1fd3aad-0fdb8c7c.jpg,F:\xlw\bdd100k_final\images\100k\val\c1fd3aad-0fdb8c7c.jpg,val,clear,daytime,clear
c1fd3aad-e12c3c56.jpg,F:\xlw\bdd100k_final\images\100k\val\c1fd3aad-e12c3c56.jpg,val,clear,daytime,clear
c1fdbab3-9f0f7dfd.jpg,F:\xlw\bdd100k_final\images\100k\val\c1fdbab3-9f0f7dfd.jpg,val,clear,daytime,clear
c1fdd182-0431866d.jpg,F:\xlw\bdd100k_final\images\100k\val\c1fdd182-0431866d.jpg,val,clear,daytime,clear
c1fdd182-1d547f9b.jpg,F:\xlw\bdd100k_final\images\100k\val\c1fdd182-1d547f9b.jpg,val,clear,daytime,clear
c1fdd182-28e0d6aa.jpg,F:\xlw\bdd100k_final\images\100k\val\c1fdd182-28e0d6aa.jpg,val,clear,daytime,clear
c1fdd182-c46e6435.jpg,F:\xlw\bdd100k_final\images\100k\val\c1fdd182-c46e6435.jpg,val,clear,daytime,clear
c1fdd182-ee635148.jpg,F:\xlw\bdd100k_final\images\100k\val\c1fdd182-ee635148.jpg,val,clear,daytime,clear
c2021f20-421a5da4.jpg,F:\xlw\bdd100k_final\images\100k\val\c2021f20-421a5da4.jpg,val,rainy,night,night
c2021f20-46a5823b.jpg,F:\xlw\bdd100k_final\images\100k\val\c2021f20-46a5823b.jpg,val,rainy,night,night
c2021f20-5b9772ba.jpg,F:\xlw\bdd100k_final\images\100k\val\c2021f20-5b9772ba.jpg,val,rainy,night,night
c2021f20-6c78f954.jpg,F:\xlw\bdd100k_final\images\100k\val\c2021f20-6c78f954.jpg,val,rainy,night,night
c2021f20-db3a51d7.jpg,F:\xlw\bdd100k_final\images\100k\val\c2021f20-db3a51d7.jpg,val,rainy,night,night
c202c860-fbf85ab9.jpg,F:\xlw\bdd100k_final\images\100k\val\c202c860-fbf85ab9.jpg,val,clear,daytime,clear
c2032247-86ea336e.jpg,F:\xlw\bdd100k_final\images\100k\val\c2032247-86ea336e.jpg,val,clear,daytime,clear
c2044e67-b5d63528.jpg,F:\xlw\bdd100k_final\images\100k\val\c2044e67-b5d63528.jpg,val,clear,night,night
c2050b3c-55dd8c44.jpg,F:\xlw\bdd100k_final\images\100k\val\c2050b3c-55dd8c44.jpg,val,clear,daytime,clear
c2054961-03b26a4f.jpg,F:\xlw\bdd100k_final\images\100k\val\c2054961-03b26a4f.jpg,val,rainy,night,night
c20685c6-10269c46.jpg,F:\xlw\bdd100k_final\images\100k\val\c20685c6-10269c46.jpg,val,clear,daytime,clear
c20aa83a-0646a7d3.jpg,F:\xlw\bdd100k_final\images\100k\val\c20aa83a-0646a7d3.jpg,val,clear,night,night
c20ae70f-0e43133b.jpg,F:\xlw\bdd100k_final\images\100k\val\c20ae70f-0e43133b.jpg,val,clear,night,night
c20ae70f-197a71ae.jpg,F:\xlw\bdd100k_final\images\100k\val\c20ae70f-197a71ae.jpg,val,clear,night,night
c20ae70f-1c40dc28.jpg,F:\xlw\bdd100k_final\images\100k\val\c20ae70f-1c40dc28.jpg,val,rainy,night,night
c20ae70f-3fee400d.jpg,F:\xlw\bdd100k_final\images\100k\val\c20ae70f-3fee400d.jpg,val,clear,night,night
c20ae70f-8d54d4cb.jpg,F:\xlw\bdd100k_final\images\100k\val\c20ae70f-8d54d4cb.jpg,val,clear,night,night
c20ae70f-a8207705.jpg,F:\xlw\bdd100k_final\images\100k\val\c20ae70f-a8207705.jpg,val,clear,night,night
c20ae70f-b0b530cf.jpg,F:\xlw\bdd100k_final\images\100k\val\c20ae70f-b0b530cf.jpg,val,clear,night,night
c20ae70f-bc706ea7.jpg,F:\xlw\bdd100k_final\images\100k\val\c20ae70f-bc706ea7.jpg,val,clear,night,night
c20ae70f-f5107b2c.jpg,F:\xlw\bdd100k_final\images\100k\val\c20ae70f-f5107b2c.jpg,val,clear,night,night
c20ae70f-fb4f0da6.jpg,F:\xlw\bdd100k_final\images\100k\val\c20ae70f-fb4f0da6.jpg,val,clear,night,night
c20b3a6a-c51292e2.jpg,F:\xlw\bdd100k_final\images\100k\val\c20b3a6a-c51292e2.jpg,val,clear,night,night
c20db6e7-6613883a.jpg,F:\xlw\bdd100k_final\images\100k\val\c20db6e7-6613883a.jpg,val,clear,night,night
c20e5778-cfbaabbf.jpg,F:\xlw\bdd100k_final\images\100k\val\c20e5778-cfbaabbf.jpg,val,clear,daytime,clear
c21334d5-57aa0da4.jpg,F:\xlw\bdd100k_final\images\100k\val\c21334d5-57aa0da4.jpg,val,clear,night,night
c21334d5-c0e77c4e.jpg,F:\xlw\bdd100k_final\images\100k\val\c21334d5-c0e77c4e.jpg,val,clear,night,night
c213a6ff-1ee61516.jpg,F:\xlw\bdd100k_final\images\100k\val\c213a6ff-1ee61516.jpg,val,clear,night,night
c213a6ff-386e0c8e.jpg,F:\xlw\bdd100k_final\images\100k\val\c213a6ff-386e0c8e.jpg,val,clear,night,night
c213a6ff-9de3bb98.jpg,F:\xlw\bdd100k_final\images\100k\val\c213a6ff-9de3bb98.jpg,val,clear,night,night
c2148d05-9f10097f.jpg,F:\xlw\bdd100k_final\images\100k\val\c2148d05-9f10097f.jpg,val,clear,night,night
c2148d05-b52ebea0.jpg,F:\xlw\bdd100k_final\images\100k\val\c2148d05-b52ebea0.jpg,val,snowy,daytime,snow
c214be24-661d4b88.jpg,F:\xlw\bdd100k_final\images\100k\val\c214be24-661d4b88.jpg,val,overcast,daytime,clear
c2179f35-d4666c72.jpg,F:\xlw\bdd100k_final\images\100k\val\c2179f35-d4666c72.jpg,val,clear,daytime,clear
c2186a76-5444a563.jpg,F:\xlw\bdd100k_final\images\100k\val\c2186a76-5444a563.jpg,val,clear,daytime,clear
c2186a76-6757a4be.jpg,F:\xlw\bdd100k_final\images\100k\val\c2186a76-6757a4be.jpg,val,overcast,daytime,clear
c219e30c-1f1796a7.jpg,F:\xlw\bdd100k_final\images\100k\val\c219e30c-1f1796a7.jpg,val,clear,night,night
c219f321-d15ce31b.jpg,F:\xlw\bdd100k_final\images\100k\val\c219f321-d15ce31b.jpg,val,clear,night,night
c21bf66e-42fff314.jpg,F:\xlw\bdd100k_final\images\100k\val\c21bf66e-42fff314.jpg,val,overcast,daytime,clear
c21e328e-0d19a282.jpg,F:\xlw\bdd100k_final\images\100k\val\c21e328e-0d19a282.jpg,val,clear,daytime,clear
c21ef8aa-0c751223.jpg,F:\xlw\bdd100k_final\images\100k\val\c21ef8aa-0c751223.jpg,val,clear,night,night
c21ef8aa-cabc5b7a.jpg,F:\xlw\bdd100k_final\images\100k\val\c21ef8aa-cabc5b7a.jpg,val,clear,night,night
c21f174e-57fbb4a3.jpg,F:\xlw\bdd100k_final\images\100k\val\c21f174e-57fbb4a3.jpg,val,snowy,daytime,snow
c21f174e-c4bbb429.jpg,F:\xlw\bdd100k_final\images\100k\val\c21f174e-c4bbb429.jpg,val,snowy,daytime,snow
c21fba09-38039a43.jpg,F:\xlw\bdd100k_final\images\100k\val\c21fba09-38039a43.jpg,val,snowy,night,night
c21fba09-53381e9a.jpg,F:\xlw\bdd100k_final\images\100k\val\c21fba09-53381e9a.jpg,val,snowy,night,night
c21fba09-8236eb51.jpg,F:\xlw\bdd100k_final\images\100k\val\c21fba09-8236eb51.jpg,val,snowy,night,night
c21fba09-f3c37fc9.jpg,F:\xlw\bdd100k_final\images\100k\val\c21fba09-f3c37fc9.jpg,val,clear,night,night
c21fba09-f4501c68.jpg,F:\xlw\bdd100k_final\images\100k\val\c21fba09-f4501c68.jpg,val,snowy,night,night
c2201fab-5d3df1a5.jpg,F:\xlw\bdd100k_final\images\100k\val\c2201fab-5d3df1a5.jpg,val,clear,night,night
c2201fab-cbe7ff17.jpg,F:\xlw\bdd100k_final\images\100k\val\c2201fab-cbe7ff17.jpg,val,clear,night,night
c2201fab-f8248caa.jpg,F:\xlw\bdd100k_final\images\100k\val\c2201fab-f8248caa.jpg,val,clear,night,night
c2216e26-f9faa96a.jpg,F:\xlw\bdd100k_final\images\100k\val\c2216e26-f9faa96a.jpg,val,clear,night,night
c2244286-08a1eebf.jpg,F:\xlw\bdd100k_final\images\100k\val\c2244286-08a1eebf.jpg,val,partly cloudy,daytime,clear
c2260f2c-787c095d.jpg,F:\xlw\bdd100k_final\images\100k\val\c2260f2c-787c095d.jpg,val,clear,night,night
c22c0422-2de1b215.jpg,F:\xlw\bdd100k_final\images\100k\val\c22c0422-2de1b215.jpg,val,clear,daytime,clear
c22f5c49-f16b772b.jpg,F:\xlw\bdd100k_final\images\100k\val\c22f5c49-f16b772b.jpg,val,clear,night,night
c22feff4-14505161.jpg,F:\xlw\bdd100k_final\images\100k\val\c22feff4-14505161.jpg,val,rainy,daytime,rain
c2302f7c-85b15ee2.jpg,F:\xlw\bdd100k_final\images\100k\val\c2302f7c-85b15ee2.jpg,val,overcast,daytime,clear
c2313d3a-69748e1a.jpg,F:\xlw\bdd100k_final\images\100k\val\c2313d3a-69748e1a.jpg,val,rainy,night,night
c231647c-229d2cac.jpg,F:\xlw\bdd100k_final\images\100k\val\c231647c-229d2cac.jpg,val,clear,daytime,clear
c233073e-4295b189.jpg,F:\xlw\bdd100k_final\images\100k\val\c233073e-4295b189.jpg,val,clear,night,night
c2341eec-293df47b.jpg,F:\xlw\bdd100k_final\images\100k\val\c2341eec-293df47b.jpg,val,snowy,daytime,snow
c23551ce-6007b75e.jpg,F:\xlw\bdd100k_final\images\100k\val\c23551ce-6007b75e.jpg,val,partly cloudy,daytime,clear
c23746ed-28a94ca8.jpg,F:\xlw\bdd100k_final\images\100k\val\c23746ed-28a94ca8.jpg,val,snowy,daytime,snow
c23770f3-1b29a7b7.jpg,F:\xlw\bdd100k_final\images\100k\val\c23770f3-1b29a7b7.jpg,val,clear,night,night
c237ce66-cf2860b7.jpg,F:\xlw\bdd100k_final\images\100k\val\c237ce66-cf2860b7.jpg,val,clear,night,night
c239dcd2-bbd38c33.jpg,F:\xlw\bdd100k_final\images\100k\val\c239dcd2-bbd38c33.jpg,val,overcast,daytime,clear
c239f9d5-92e82ab6.jpg,F:\xlw\bdd100k_final\images\100k\val\c239f9d5-92e82ab6.jpg,val,partly cloudy,daytime,clear
c239f9d5-ba69ae6a.jpg,F:\xlw\bdd100k_final\images\100k\val\c239f9d5-ba69ae6a.jpg,val,clear,daytime,clear
c2425dd9-c679e796.jpg,F:\xlw\bdd100k_final\images\100k\val\c2425dd9-c679e796.jpg,val,clear,night,night
c2425dd9-ca97c25b.jpg,F:\xlw\bdd100k_final\images\100k\val\c2425dd9-ca97c25b.jpg,val,clear,night,night
c242b4b8-0dab228f.jpg,F:\xlw\bdd100k_final\images\100k\val\c242b4b8-0dab228f.jpg,val,clear,daytime,clear
c242b4b8-6757e7b6.jpg,F:\xlw\bdd100k_final\images\100k\val\c242b4b8-6757e7b6.jpg,val,clear,daytime,clear
c242b4b8-7d73aa05.jpg,F:\xlw\bdd100k_final\images\100k\val\c242b4b8-7d73aa05.jpg,val,clear,daytime,clear
c242b4b8-f07bddfe.jpg,F:\xlw\bdd100k_final\images\100k\val\c242b4b8-f07bddfe.jpg,val,snowy,daytime,snow
c2437a91-3c23aba9.jpg,F:\xlw\bdd100k_final\images\100k\val\c2437a91-3c23aba9.jpg,val,rainy,night,night
c2461a5a-936bf379.jpg,F:\xlw\bdd100k_final\images\100k\val\c2461a5a-936bf379.jpg,val,snowy,night,night
c2461a5a-c6094472.jpg,F:\xlw\bdd100k_final\images\100k\val\c2461a5a-c6094472.jpg,val,rainy,night,night
c24838fd-2747849c.jpg,F:\xlw\bdd100k_final\images\100k\val\c24838fd-2747849c.jpg,val,clear,night,night
c24838fd-971abd46.jpg,F:\xlw\bdd100k_final\images\100k\val\c24838fd-971abd46.jpg,val,clear,daytime,clear
c24838fd-e77a2501.jpg,F:\xlw\bdd100k_final\images\100k\val\c24838fd-e77a2501.jpg,val,overcast,daytime,clear
c24a4e92-fe4e161a.jpg,F:\xlw\bdd100k_final\images\100k\val\c24a4e92-fe4e161a.jpg,val,clear,night,night
c24ab4b6-3f1b1b45.jpg,F:\xlw\bdd100k_final\images\100k\val\c24ab4b6-3f1b1b45.jpg,val,clear,night,night
c24aece5-9554f636.jpg,F:\xlw\bdd100k_final\images\100k\val\c24aece5-9554f636.jpg,val,clear,night,night
c24bae34-454a0416.jpg,F:\xlw\bdd100k_final\images\100k\val\c24bae34-454a0416.jpg,val,partly cloudy,daytime,clear
c24bae34-ecd0abe5.jpg,F:\xlw\bdd100k_final\images\100k\val\c24bae34-ecd0abe5.jpg,val,partly cloudy,daytime,clear
c24bfc75-858cdb28.jpg,F:\xlw\bdd100k_final\images\100k\val\c24bfc75-858cdb28.jpg,val,clear,night,night
c24da7c7-21c58e17.jpg,F:\xlw\bdd100k_final\images\100k\val\c24da7c7-21c58e17.jpg,val,clear,daytime,clear
c24e1c23-c639fa40.jpg,F:\xlw\bdd100k_final\images\100k\val\c24e1c23-c639fa40.jpg,val,clear,night,night
c24e5f86-035733db.jpg,F:\xlw\bdd100k_final\images\100k\val\c24e5f86-035733db.jpg,val,partly cloudy,night,night
c24e5f86-182d7a32.jpg,F:\xlw\bdd100k_final\images\100k\val\c24e5f86-182d7a32.jpg,val,clear,night,night
c24e5f86-317d18d5.jpg,F:\xlw\bdd100k_final\images\100k\val\c24e5f86-317d18d5.jpg,val,clear,night,night
c24e5f86-c7ad4eac.jpg,F:\xlw\bdd100k_final\images\100k\val\c24e5f86-c7ad4eac.jpg,val,clear,night,night
c24e7c72-2aefe7f1.jpg,F:\xlw\bdd100k_final\images\100k\val\c24e7c72-2aefe7f1.jpg,val,partly cloudy,daytime,clear
c24e7c72-be9fff6f.jpg,F:\xlw\bdd100k_final\images\100k\val\c24e7c72-be9fff6f.jpg,val,overcast,daytime,clear
c24e7c72-c2ea97f0.jpg,F:\xlw\bdd100k_final\images\100k\val\c24e7c72-c2ea97f0.jpg,val,snowy,daytime,snow
c24e7c72-ec7528ea.jpg,F:\xlw\bdd100k_final\images\100k\val\c24e7c72-ec7528ea.jpg,val,snowy,daytime,snow
c24e7c72-f53291ea.jpg,F:\xlw\bdd100k_final\images\100k\val\c24e7c72-f53291ea.jpg,val,overcast,daytime,clear
c2509294-f6bd70dc.jpg,F:\xlw\bdd100k_final\images\100k\val\c2509294-f6bd70dc.jpg,val,clear,daytime,clear
c2511583-9b7d39a0.jpg,F:\xlw\bdd100k_final\images\100k\val\c2511583-9b7d39a0.jpg,val,clear,night,night
c253aa39-477c3d0a.jpg,F:\xlw\bdd100k_final\images\100k\val\c253aa39-477c3d0a.jpg,val,clear,night,night
c253f19a-40117192.jpg,F:\xlw\bdd100k_final\images\100k\val\c253f19a-40117192.jpg,val,rainy,night,night
c2592033-48254ed4.jpg,F:\xlw\bdd100k_final\images\100k\val\c2592033-48254ed4.jpg,val,clear,daytime,clear
c2592033-8052ef77.jpg,F:\xlw\bdd100k_final\images\100k\val\c2592033-8052ef77.jpg,val,snowy,daytime,snow
c2592033-97240486.jpg,F:\xlw\bdd100k_final\images\100k\val\c2592033-97240486.jpg,val,snowy,daytime,snow
c25956aa-0dba6cc7.jpg,F:\xlw\bdd100k_final\images\100k\val\c25956aa-0dba6cc7.jpg,val,clear,night,night
c25a8eea-5c0d75f6.jpg,F:\xlw\bdd100k_final\images\100k\val\c25a8eea-5c0d75f6.jpg,val,overcast,daytime,clear
c25d979a-020521ba.jpg,F:\xlw\bdd100k_final\images\100k\val\c25d979a-020521ba.jpg,val,clear,night,night
c25d979a-8467d479.jpg,F:\xlw\bdd100k_final\images\100k\val\c25d979a-8467d479.jpg,val,clear,night,night
c25f97e6-1827a77f.jpg,F:\xlw\bdd100k_final\images\100k\val\c25f97e6-1827a77f.jpg,val,snowy,daytime,snow
c25f97e6-3fe484e6.jpg,F:\xlw\bdd100k_final\images\100k\val\c25f97e6-3fe484e6.jpg,val,snowy,daytime,snow
c261a365-e321c618.jpg,F:\xlw\bdd100k_final\images\100k\val\c261a365-e321c618.jpg,val,clear,daytime,clear
c262c510-15478ba1.jpg,F:\xlw\bdd100k_final\images\100k\val\c262c510-15478ba1.jpg,val,rainy,daytime,rain
c264943c-5e493c9f.jpg,F:\xlw\bdd100k_final\images\100k\val\c264943c-5e493c9f.jpg,val,overcast,daytime,clear
c265ca04-fe330cbb.jpg,F:\xlw\bdd100k_final\images\100k\val\c265ca04-fe330cbb.jpg,val,clear,daytime,clear
c26620df-69c25d46.jpg,F:\xlw\bdd100k_final\images\100k\val\c26620df-69c25d46.jpg,val,overcast,daytime,clear
c267da7f-006f108f.jpg,F:\xlw\bdd100k_final\images\100k\val\c267da7f-006f108f.jpg,val,snowy,daytime,snow
c267da7f-b62da311.jpg,F:\xlw\bdd100k_final\images\100k\val\c267da7f-b62da311.jpg,val,snowy,daytime,snow
c267da7f-d242db6c.jpg,F:\xlw\bdd100k_final\images\100k\val\c267da7f-d242db6c.jpg,val,snowy,daytime,snow
c2680d40-90d19d17.jpg,F:\xlw\bdd100k_final\images\100k\val\c2680d40-90d19d17.jpg,val,rainy,daytime,rain
c26b9b25-a8bbf0b5.jpg,F:\xlw\bdd100k_final\images\100k\val\c26b9b25-a8bbf0b5.jpg,val,clear,daytime,clear
c26c1352-5e1c2fe2.jpg,F:\xlw\bdd100k_final\images\100k\val\c26c1352-5e1c2fe2.jpg,val,snowy,daytime,snow
c26c1883-9c563aa8.jpg,F:\xlw\bdd100k_final\images\100k\val\c26c1883-9c563aa8.jpg,val,snowy,night,night
c26f2635-1d311675.jpg,F:\xlw\bdd100k_final\images\100k\val\c26f2635-1d311675.jpg,val,snowy,night,night
c26f2635-26462f90.jpg,F:\xlw\bdd100k_final\images\100k\val\c26f2635-26462f90.jpg,val,clear,night,night
c26f2635-f33e1d9f.jpg,F:\xlw\bdd100k_final\images\100k\val\c26f2635-f33e1d9f.jpg,val,snowy,daytime,snow
c27353a6-2b3a186d.jpg,F:\xlw\bdd100k_final\images\100k\val\c27353a6-2b3a186d.jpg,val,clear,daytime,clear
c273b0cc-4286333b.jpg,F:\xlw\bdd100k_final\images\100k\val\c273b0cc-4286333b.jpg,val,partly cloudy,daytime,clear
c273e0e3-050cf9b4.jpg,F:\xlw\bdd100k_final\images\100k\val\c273e0e3-050cf9b4.jpg,val,partly cloudy,daytime,clear
c273e0e3-27a4413f.jpg,F:\xlw\bdd100k_final\images\100k\val\c273e0e3-27a4413f.jpg,val,overcast,daytime,clear
c273e0e3-524fae66.jpg,F:\xlw\bdd100k_final\images\100k\val\c273e0e3-524fae66.jpg,val,clear,daytime,clear
c274ce4e-e2f8d81b.jpg,F:\xlw\bdd100k_final\images\100k\val\c274ce4e-e2f8d81b.jpg,val,partly cloudy,daytime,clear
c2753ce8-bef4b9d4.jpg,F:\xlw\bdd100k_final\images\100k\val\c2753ce8-bef4b9d4.jpg,val,clear,night,night
c2775fbb-12089565.jpg,F:\xlw\bdd100k_final\images\100k\val\c2775fbb-12089565.jpg,val,partly cloudy,daytime,clear
c2775fbb-7b8764dc.jpg,F:\xlw\bdd100k_final\images\100k\val\c2775fbb-7b8764dc.jpg,val,overcast,daytime,clear
c279d4e7-97fb3340.jpg,F:\xlw\bdd100k_final\images\100k\val\c279d4e7-97fb3340.jpg,val,rainy,night,night
c27e5a2b-ecd48437.jpg,F:\xlw\bdd100k_final\images\100k\val\c27e5a2b-ecd48437.jpg,val,rainy,daytime,rain
c281c4a6-21278370.jpg,F:\xlw\bdd100k_final\images\100k\val\c281c4a6-21278370.jpg,val,overcast,daytime,clear
c281c4a6-27abfe08.jpg,F:\xlw\bdd100k_final\images\100k\val\c281c4a6-27abfe08.jpg,val,overcast,daytime,clear
c281c4a6-40432e1d.jpg,F:\xlw\bdd100k_final\images\100k\val\c281c4a6-40432e1d.jpg,val,overcast,daytime,clear
c2841851-644a8cfe.jpg,F:\xlw\bdd100k_final\images\100k\val\c2841851-644a8cfe.jpg,val,overcast,daytime,clear
c2853fd5-304c554e.jpg,F:\xlw\bdd100k_final\images\100k\val\c2853fd5-304c554e.jpg,val,clear,night,night
c288c7a7-347f9b29.jpg,F:\xlw\bdd100k_final\images\100k\val\c288c7a7-347f9b29.jpg,val,clear,night,night
c288c7a7-785cdad5.jpg,F:\xlw\bdd100k_final\images\100k\val\c288c7a7-785cdad5.jpg,val,clear,night,night
c28b1cad-827d300e.jpg,F:\xlw\bdd100k_final\images\100k\val\c28b1cad-827d300e.jpg,val,clear,night,night
c28b60fb-a5e9b955.jpg,F:\xlw\bdd100k_final\images\100k\val\c28b60fb-a5e9b955.jpg,val,clear,daytime,clear
c28cecbb-11796cf6.jpg,F:\xlw\bdd100k_final\images\100k\val\c28cecbb-11796cf6.jpg,val,overcast,daytime,clear
c291c9ab-a9ccb89d.jpg,F:\xlw\bdd100k_final\images\100k\val\c291c9ab-a9ccb89d.jpg,val,snowy,daytime,snow
c292800e-4290dbb9.jpg,F:\xlw\bdd100k_final\images\100k\val\c292800e-4290dbb9.jpg,val,clear,daytime,clear
c292800e-fd3697ee.jpg,F:\xlw\bdd100k_final\images\100k\val\c292800e-fd3697ee.jpg,val,partly cloudy,daytime,clear
c2937a02-5e3132bb.jpg,F:\xlw\bdd100k_final\images\100k\val\c2937a02-5e3132bb.jpg,val,overcast,daytime,clear
c2937a02-db177509.jpg,F:\xlw\bdd100k_final\images\100k\val\c2937a02-db177509.jpg,val,clear,daytime,clear
c29829cf-9790141e.jpg,F:\xlw\bdd100k_final\images\100k\val\c29829cf-9790141e.jpg,val,clear,daytime,clear
c29829cf-a9e05937.jpg,F:\xlw\bdd100k_final\images\100k\val\c29829cf-a9e05937.jpg,val,partly cloudy,daytime,clear
c2987e05-cb9bfcee.jpg,F:\xlw\bdd100k_final\images\100k\val\c2987e05-cb9bfcee.jpg,val,clear,daytime,clear
c29976d5-c811d4fc.jpg,F:\xlw\bdd100k_final\images\100k\val\c29976d5-c811d4fc.jpg,val,clear,night,night
c29d13ba-67447c50.jpg,F:\xlw\bdd100k_final\images\100k\val\c29d13ba-67447c50.jpg,val,clear,daytime,clear
c29d13ba-ad7aee3f.jpg,F:\xlw\bdd100k_final\images\100k\val\c29d13ba-ad7aee3f.jpg,val,overcast,daytime,clear
c29d444d-06b31782.jpg,F:\xlw\bdd100k_final\images\100k\val\c29d444d-06b31782.jpg,val,clear,daytime,clear
c29d692d-ed6435ba.jpg,F:\xlw\bdd100k_final\images\100k\val\c29d692d-ed6435ba.jpg,val,clear,night,night
c29e8060-71ad061c.jpg,F:\xlw\bdd100k_final\images\100k\val\c29e8060-71ad061c.jpg,val,clear,night,night
c29eff38-fcac5247.jpg,F:\xlw\bdd100k_final\images\100k\val\c29eff38-fcac5247.jpg,val,clear,night,night
c2a0e52f-013aa867.jpg,F:\xlw\bdd100k_final\images\100k\val\c2a0e52f-013aa867.jpg,val,clear,night,night
c2a0e52f-024a2af0.jpg,F:\xlw\bdd100k_final\images\100k\val\c2a0e52f-024a2af0.jpg,val,clear,night,night
c2a0e52f-bed5a09e.jpg,F:\xlw\bdd100k_final\images\100k\val\c2a0e52f-bed5a09e.jpg,val,clear,night,night
c2a26f9b-634ed98f.jpg,F:\xlw\bdd100k_final\images\100k\val\c2a26f9b-634ed98f.jpg,val,clear,night,night
c2a26f9b-f5f43bb4.jpg,F:\xlw\bdd100k_final\images\100k\val\c2a26f9b-f5f43bb4.jpg,val,clear,night,night
c2a42061-fc4af0cd.jpg,F:\xlw\bdd100k_final\images\100k\val\c2a42061-fc4af0cd.jpg,val,overcast,daytime,clear
c2a4a88f-1a60e4a6.jpg,F:\xlw\bdd100k_final\images\100k\val\c2a4a88f-1a60e4a6.jpg,val,clear,daytime,clear
c2a6a273-553fcc3e.jpg,F:\xlw\bdd100k_final\images\100k\val\c2a6a273-553fcc3e.jpg,val,clear,daytime,clear
c2a6b1c9-c45dc6e2.jpg,F:\xlw\bdd100k_final\images\100k\val\c2a6b1c9-c45dc6e2.jpg,val,clear,daytime,clear
c2a6b1c9-ce009635.jpg,F:\xlw\bdd100k_final\images\100k\val\c2a6b1c9-ce009635.jpg,val,clear,daytime,clear
c2a6b1c9-dd645325.jpg,F:\xlw\bdd100k_final\images\100k\val\c2a6b1c9-dd645325.jpg,val,clear,daytime,clear
c2a76d08-8d6ecf47.jpg,F:\xlw\bdd100k_final\images\100k\val\c2a76d08-8d6ecf47.jpg,val,partly cloudy,daytime,clear
c2a76d08-bba28d34.jpg,F:\xlw\bdd100k_final\images\100k\val\c2a76d08-bba28d34.jpg,val,overcast,daytime,clear
c2a861df-c568afdf.jpg,F:\xlw\bdd100k_final\images\100k\val\c2a861df-c568afdf.jpg,val,partly cloudy,daytime,clear
c2a97407-8de8d65d.jpg,F:\xlw\bdd100k_final\images\100k\val\c2a97407-8de8d65d.jpg,val,clear,night,night
c2ac826b-a3056d98.jpg,F:\xlw\bdd100k_final\images\100k\val\c2ac826b-a3056d98.jpg,val,overcast,daytime,clear
c2ad6f21-713c330a.jpg,F:\xlw\bdd100k_final\images\100k\val\c2ad6f21-713c330a.jpg,val,overcast,daytime,clear
c2b0aeff-8116fb32.jpg,F:\xlw\bdd100k_final\images\100k\val\c2b0aeff-8116fb32.jpg,val,clear,daytime,clear
c2b457e5-1779ee7a.jpg,F:\xlw\bdd100k_final\images\100k\val\c2b457e5-1779ee7a.jpg,val,overcast,daytime,clear
c2b457e5-36e3ecee.jpg,F:\xlw\bdd100k_final\images\100k\val\c2b457e5-36e3ecee.jpg,val,clear,daytime,clear
c2b4e787-cb1903e2.jpg,F:\xlw\bdd100k_final\images\100k\val\c2b4e787-cb1903e2.jpg,val,snowy,daytime,snow
c2b665b0-204f2f52.jpg,F:\xlw\bdd100k_final\images\100k\val\c2b665b0-204f2f52.jpg,val,partly cloudy,daytime,clear
c2b673e4-93811ad0.jpg,F:\xlw\bdd100k_final\images\100k\val\c2b673e4-93811ad0.jpg,val,clear,night,night
c2b6ba94-2700b429.jpg,F:\xlw\bdd100k_final\images\100k\val\c2b6ba94-2700b429.jpg,val,overcast,daytime,clear
c2bc5a4c-714081e9.jpg,F:\xlw\bdd100k_final\images\100k\val\c2bc5a4c-714081e9.jpg,val,clear,night,night
c2bc5a4c-b2bc828b.jpg,F:\xlw\bdd100k_final\images\100k\val\c2bc5a4c-b2bc828b.jpg,val,clear,daytime,clear
c2bc5a4c-c4864ac1.jpg,F:\xlw\bdd100k_final\images\100k\val\c2bc5a4c-c4864ac1.jpg,val,clear,daytime,clear
c2bcd344-ee1fa1cf.jpg,F:\xlw\bdd100k_final\images\100k\val\c2bcd344-ee1fa1cf.jpg,val,clear,daytime,clear
c2bd6e37-f28f3332.jpg,F:\xlw\bdd100k_final\images\100k\val\c2bd6e37-f28f3332.jpg,val,clear,night,night
c2bd70f5-d811bd56.jpg,F:\xlw\bdd100k_final\images\100k\val\c2bd70f5-d811bd56.jpg,val,clear,daytime,clear
c2c2b345-0bd03595.jpg,F:\xlw\bdd100k_final\images\100k\val\c2c2b345-0bd03595.jpg,val,clear,night,night
c2c32a23-8636a7e4.jpg,F:\xlw\bdd100k_final\images\100k\val\c2c32a23-8636a7e4.jpg,val,partly cloudy,daytime,clear
c2c38d09-ac9ea6ea.jpg,F:\xlw\bdd100k_final\images\100k\val\c2c38d09-ac9ea6ea.jpg,val,overcast,daytime,clear
c2c46944-e4ca174b.jpg,F:\xlw\bdd100k_final\images\100k\val\c2c46944-e4ca174b.jpg,val,overcast,daytime,clear
c2c5fee5-f8ce1342.jpg,F:\xlw\bdd100k_final\images\100k\val\c2c5fee5-f8ce1342.jpg,val,partly cloudy,daytime,clear
c2c6e56c-253eb798.jpg,F:\xlw\bdd100k_final\images\100k\val\c2c6e56c-253eb798.jpg,val,clear,daytime,clear
c2c78435-b075e841.jpg,F:\xlw\bdd100k_final\images\100k\val\c2c78435-b075e841.jpg,val,clear,night,night
c2c78435-e0e98f96.jpg,F:\xlw\bdd100k_final\images\100k\val\c2c78435-e0e98f96.jpg,val,clear,night,night
c2c8b275-6341d9ae.jpg,F:\xlw\bdd100k_final\images\100k\val\c2c8b275-6341d9ae.jpg,val,clear,night,night
c2c8b275-a29bbc9b.jpg,F:\xlw\bdd100k_final\images\100k\val\c2c8b275-a29bbc9b.jpg,val,clear,night,night
c2c8b275-bd783d7f.jpg,F:\xlw\bdd100k_final\images\100k\val\c2c8b275-bd783d7f.jpg,val,clear,night,night
c2c8b275-cd37b639.jpg,F:\xlw\bdd100k_final\images\100k\val\c2c8b275-cd37b639.jpg,val,clear,night,night
c2c8b275-ce362dfc.jpg,F:\xlw\bdd100k_final\images\100k\val\c2c8b275-ce362dfc.jpg,val,clear,night,night
c2c8b275-e923a396.jpg,F:\xlw\bdd100k_final\images\100k\val\c2c8b275-e923a396.jpg,val,clear,night,night
c2ca5977-11073d54.jpg,F:\xlw\bdd100k_final\images\100k\val\c2ca5977-11073d54.jpg,val,partly cloudy,daytime,clear
c2ca6fc5-20262bf2.jpg,F:\xlw\bdd100k_final\images\100k\val\c2ca6fc5-20262bf2.jpg,val,clear,night,night
c2ccdd66-06c44d2f.jpg,F:\xlw\bdd100k_final\images\100k\val\c2ccdd66-06c44d2f.jpg,val,clear,night,night
c2ccdd66-3ad4767a.jpg,F:\xlw\bdd100k_final\images\100k\val\c2ccdd66-3ad4767a.jpg,val,clear,night,night
c2ccdd66-47e6d7cd.jpg,F:\xlw\bdd100k_final\images\100k\val\c2ccdd66-47e6d7cd.jpg,val,clear,night,night
c2ccdd66-66b6b14f.jpg,F:\xlw\bdd100k_final\images\100k\val\c2ccdd66-66b6b14f.jpg,val,clear,night,night
c2ccdd66-8cf38323.jpg,F:\xlw\bdd100k_final\images\100k\val\c2ccdd66-8cf38323.jpg,val,clear,night,night
c2ccdd66-f578a841.jpg,F:\xlw\bdd100k_final\images\100k\val\c2ccdd66-f578a841.jpg,val,clear,night,night
c2cce0a4-9e2fccd0.jpg,F:\xlw\bdd100k_final\images\100k\val\c2cce0a4-9e2fccd0.jpg,val,clear,night,night
c2cf05b9-112623fd.jpg,F:\xlw\bdd100k_final\images\100k\val\c2cf05b9-112623fd.jpg,val,overcast,daytime,clear
c2d051a0-007fa10e.jpg,F:\xlw\bdd100k_final\images\100k\val\c2d051a0-007fa10e.jpg,val,clear,daytime,clear
c2d051a0-31c90f75.jpg,F:\xlw\bdd100k_final\images\100k\val\c2d051a0-31c90f75.jpg,val,clear,daytime,clear
c2d051a0-33d3efce.jpg,F:\xlw\bdd100k_final\images\100k\val\c2d051a0-33d3efce.jpg,val,undefined,night,night
c2d051a0-a1590f05.jpg,F:\xlw\bdd100k_final\images\100k\val\c2d051a0-a1590f05.jpg,val,clear,daytime,clear
c2d33423-0f14ffaa.jpg,F:\xlw\bdd100k_final\images\100k\val\c2d33423-0f14ffaa.jpg,val,overcast,daytime,clear
c2d33423-8f1d3d05.jpg,F:\xlw\bdd100k_final\images\100k\val\c2d33423-8f1d3d05.jpg,val,overcast,daytime,clear
c2d5a01a-a0821dcd.jpg,F:\xlw\bdd100k_final\images\100k\val\c2d5a01a-a0821dcd.jpg,val,snowy,night,night
c2d5a01a-c58b92d1.jpg,F:\xlw\bdd100k_final\images\100k\val\c2d5a01a-c58b92d1.jpg,val,snowy,night,night
c2d5a01a-e636934d.jpg,F:\xlw\bdd100k_final\images\100k\val\c2d5a01a-e636934d.jpg,val,clear,night,night
c2d84b6d-36aacbc8.jpg,F:\xlw\bdd100k_final\images\100k\val\c2d84b6d-36aacbc8.jpg,val,rainy,night,night
c2d84b6d-5b9fc9f6.jpg,F:\xlw\bdd100k_final\images\100k\val\c2d84b6d-5b9fc9f6.jpg,val,rainy,night,night
c2d921c8-2d2a2c9b.jpg,F:\xlw\bdd100k_final\images\100k\val\c2d921c8-2d2a2c9b.jpg,val,partly cloudy,daytime,clear
c2e04d81-cb5871d8.jpg,F:\xlw\bdd100k_final\images\100k\val\c2e04d81-cb5871d8.jpg,val,rainy,daytime,rain
c2e068f4-1ba33b01.jpg,F:\xlw\bdd100k_final\images\100k\val\c2e068f4-1ba33b01.jpg,val,clear,daytime,clear
c2e294a9-07a2a060.jpg,F:\xlw\bdd100k_final\images\100k\val\c2e294a9-07a2a060.jpg,val,rainy,daytime,rain
c2e294a9-8b108774.jpg,F:\xlw\bdd100k_final\images\100k\val\c2e294a9-8b108774.jpg,val,overcast,daytime,clear
c2e294a9-93e364f0.jpg,F:\xlw\bdd100k_final\images\100k\val\c2e294a9-93e364f0.jpg,val,overcast,daytime,clear
c2e294a9-cd5c3b02.jpg,F:\xlw\bdd100k_final\images\100k\val\c2e294a9-cd5c3b02.jpg,val,overcast,daytime,clear
c2e3cd3c-27871334.jpg,F:\xlw\bdd100k_final\images\100k\val\c2e3cd3c-27871334.jpg,val,clear,daytime,clear
c2e3cd3c-d9fd1bfd.jpg,F:\xlw\bdd100k_final\images\100k\val\c2e3cd3c-d9fd1bfd.jpg,val,clear,daytime,clear
c2e3cd3c-fc972e2e.jpg,F:\xlw\bdd100k_final\images\100k\val\c2e3cd3c-fc972e2e.jpg,val,clear,daytime,clear
c2e3fe05-6c12de55.jpg,F:\xlw\bdd100k_final\images\100k\val\c2e3fe05-6c12de55.jpg,val,snowy,night,night
c2e3fe05-7a8ce431.jpg,F:\xlw\bdd100k_final\images\100k\val\c2e3fe05-7a8ce431.jpg,val,undefined,night,night
c2e3fe05-fa312f4d.jpg,F:\xlw\bdd100k_final\images\100k\val\c2e3fe05-fa312f4d.jpg,val,snowy,night,night
c2e50057-06f8a09f.jpg,F:\xlw\bdd100k_final\images\100k\val\c2e50057-06f8a09f.jpg,val,clear,night,night
c2e50057-24acc02d.jpg,F:\xlw\bdd100k_final\images\100k\val\c2e50057-24acc02d.jpg,val,clear,night,night
c2e9a1b8-c9299c7a.jpg,F:\xlw\bdd100k_final\images\100k\val\c2e9a1b8-c9299c7a.jpg,val,clear,night,night
c2e9a1b8-e631ecd9.jpg,F:\xlw\bdd100k_final\images\100k\val\c2e9a1b8-e631ecd9.jpg,val,clear,night,night
c2eb1910-39269c22.jpg,F:\xlw\bdd100k_final\images\100k\val\c2eb1910-39269c22.jpg,val,clear,night,night
c2eb2ca4-fc64114e.jpg,F:\xlw\bdd100k_final\images\100k\val\c2eb2ca4-fc64114e.jpg,val,overcast,daytime,clear
c2ecefdc-3722313c.jpg,F:\xlw\bdd100k_final\images\100k\val\c2ecefdc-3722313c.jpg,val,rainy,daytime,rain
c2ecf02b-bc9b4eb7.jpg,F:\xlw\bdd100k_final\images\100k\val\c2ecf02b-bc9b4eb7.jpg,val,clear,night,night
c2edec5a-66ae2e42.jpg,F:\xlw\bdd100k_final\images\100k\val\c2edec5a-66ae2e42.jpg,val,clear,night,night
c2edec5a-cb5f109b.jpg,F:\xlw\bdd100k_final\images\100k\val\c2edec5a-cb5f109b.jpg,val,clear,night,night
c2edfde8-ed5a96ad.jpg,F:\xlw\bdd100k_final\images\100k\val\c2edfde8-ed5a96ad.jpg,val,partly cloudy,daytime,clear
c2ee74ff-63374b3e.jpg,F:\xlw\bdd100k_final\images\100k\val\c2ee74ff-63374b3e.jpg,val,clear,night,night
c2ef33b3-561067be.jpg,F:\xlw\bdd100k_final\images\100k\val\c2ef33b3-561067be.jpg,val,clear,night,night
c2f06deb-e3f1630a.jpg,F:\xlw\bdd100k_final\images\100k\val\c2f06deb-e3f1630a.jpg,val,overcast,daytime,clear
c2f0c529-238574c7.jpg,F:\xlw\bdd100k_final\images\100k\val\c2f0c529-238574c7.jpg,val,overcast,daytime,clear
c2f0d1f5-0fe37fc4.jpg,F:\xlw\bdd100k_final\images\100k\val\c2f0d1f5-0fe37fc4.jpg,val,clear,daytime,clear
c2f149f0-1074361e.jpg,F:\xlw\bdd100k_final\images\100k\val\c2f149f0-1074361e.jpg,val,overcast,daytime,clear
c2f16364-2fbd9f8d.jpg,F:\xlw\bdd100k_final\images\100k\val\c2f16364-2fbd9f8d.jpg,val,clear,night,night
c2f25682-16a2fc3f.jpg,F:\xlw\bdd100k_final\images\100k\val\c2f25682-16a2fc3f.jpg,val,partly cloudy,daytime,clear
c2f25682-59bb9423.jpg,F:\xlw\bdd100k_final\images\100k\val\c2f25682-59bb9423.jpg,val,overcast,daytime,clear
c2f25682-d1334b0c.jpg,F:\xlw\bdd100k_final\images\100k\val\c2f25682-d1334b0c.jpg,val,partly cloudy,daytime,clear
c2f2f742-59d1b7ac.jpg,F:\xlw\bdd100k_final\images\100k\val\c2f2f742-59d1b7ac.jpg,val,clear,night,night
c2f2f742-e24a5d3d.jpg,F:\xlw\bdd100k_final\images\100k\val\c2f2f742-e24a5d3d.jpg,val,snowy,night,night
c2f3e924-031246d8.jpg,F:\xlw\bdd100k_final\images\100k\val\c2f3e924-031246d8.jpg,val,overcast,daytime,clear
c2f57401-4dbd1948.jpg,F:\xlw\bdd100k_final\images\100k\val\c2f57401-4dbd1948.jpg,val,clear,night,night
c2f5e5c4-35640746.jpg,F:\xlw\bdd100k_final\images\100k\val\c2f5e5c4-35640746.jpg,val,clear,daytime,clear
c2f5e5c4-7e0e3665.jpg,F:\xlw\bdd100k_final\images\100k\val\c2f5e5c4-7e0e3665.jpg,val,partly cloudy,daytime,clear
c2f7d6e4-2e5ac55c.jpg,F:\xlw\bdd100k_final\images\100k\val\c2f7d6e4-2e5ac55c.jpg,val,clear,night,night
c2f88368-4292c1a0.jpg,F:\xlw\bdd100k_final\images\100k\val\c2f88368-4292c1a0.jpg,val,clear,daytime,clear
c2f8b141-5ef7d661.jpg,F:\xlw\bdd100k_final\images\100k\val\c2f8b141-5ef7d661.jpg,val,clear,daytime,clear
c2f92f94-43481d10.jpg,F:\xlw\bdd100k_final\images\100k\val\c2f92f94-43481d10.jpg,val,clear,night,night
c2fb790e-4cd5a630.jpg,F:\xlw\bdd100k_final\images\100k\val\c2fb790e-4cd5a630.jpg,val,clear,daytime,clear
c2fd4d4f-220a401d.jpg,F:\xlw\bdd100k_final\images\100k\val\c2fd4d4f-220a401d.jpg,val,snowy,daytime,snow
c2fd4d4f-3bb5c0cc.jpg,F:\xlw\bdd100k_final\images\100k\val\c2fd4d4f-3bb5c0cc.jpg,val,partly cloudy,daytime,clear
c3009124-01540ddb.jpg,F:\xlw\bdd100k_final\images\100k\val\c3009124-01540ddb.jpg,val,overcast,daytime,clear
c3009124-b8d0d1ea.jpg,F:\xlw\bdd100k_final\images\100k\val\c3009124-b8d0d1ea.jpg,val,clear,daytime,clear
c300fd4b-8ff92c2d.jpg,F:\xlw\bdd100k_final\images\100k\val\c300fd4b-8ff92c2d.jpg,val,clear,daytime,clear
c301c86c-1acdbecb.jpg,F:\xlw\bdd100k_final\images\100k\val\c301c86c-1acdbecb.jpg,val,overcast,daytime,clear
c30226a9-f882478c.jpg,F:\xlw\bdd100k_final\images\100k\val\c30226a9-f882478c.jpg,val,clear,daytime,clear
c3026ac7-8105e9a9.jpg,F:\xlw\bdd100k_final\images\100k\val\c3026ac7-8105e9a9.jpg,val,overcast,daytime,clear
c3061560-56ac649f.jpg,F:\xlw\bdd100k_final\images\100k\val\c3061560-56ac649f.jpg,val,clear,night,night
c3061560-cb940839.jpg,F:\xlw\bdd100k_final\images\100k\val\c3061560-cb940839.jpg,val,snowy,night,night
c3061560-df40e898.jpg,F:\xlw\bdd100k_final\images\100k\val\c3061560-df40e898.jpg,val,clear,night,night
c3061560-e5d3971d.jpg,F:\xlw\bdd100k_final\images\100k\val\c3061560-e5d3971d.jpg,val,snowy,night,night
c306625b-dfc8a05f.jpg,F:\xlw\bdd100k_final\images\100k\val\c306625b-dfc8a05f.jpg,val,clear,night,night
c306771b-67b9007f.jpg,F:\xlw\bdd100k_final\images\100k\val\c306771b-67b9007f.jpg,val,partly cloudy,daytime,clear
c308561a-0b199e0a.jpg,F:\xlw\bdd100k_final\images\100k\val\c308561a-0b199e0a.jpg,val,overcast,daytime,clear
c308561a-1b698bb4.jpg,F:\xlw\bdd100k_final\images\100k\val\c308561a-1b698bb4.jpg,val,partly cloudy,daytime,clear
c308561a-448168db.jpg,F:\xlw\bdd100k_final\images\100k\val\c308561a-448168db.jpg,val,overcast,daytime,clear
c308561a-7b825f0b.jpg,F:\xlw\bdd100k_final\images\100k\val\c308561a-7b825f0b.jpg,val,partly cloudy,daytime,clear
c308724a-56daf08b.jpg,F:\xlw\bdd100k_final\images\100k\val\c308724a-56daf08b.jpg,val,clear,night,night
c30be28e-bc8fd997.jpg,F:\xlw\bdd100k_final\images\100k\val\c30be28e-bc8fd997.jpg,val,rainy,night,night
c30f013a-9e9fe3ce.jpg,F:\xlw\bdd100k_final\images\100k\val\c30f013a-9e9fe3ce.jpg,val,clear,daytime,clear
c30f013a-a0802298.jpg,F:\xlw\bdd100k_final\images\100k\val\c30f013a-a0802298.jpg,val,partly cloudy,daytime,clear
c30f959a-bd87aa16.jpg,F:\xlw\bdd100k_final\images\100k\val\c30f959a-bd87aa16.jpg,val,rainy,daytime,rain
c3127fc5-0411259f.jpg,F:\xlw\bdd100k_final\images\100k\val\c3127fc5-0411259f.jpg,val,clear,daytime,clear
c3130621-97d57961.jpg,F:\xlw\bdd100k_final\images\100k\val\c3130621-97d57961.jpg,val,clear,daytime,clear
c3148906-5b3db383.jpg,F:\xlw\bdd100k_final\images\100k\val\c3148906-5b3db383.jpg,val,partly cloudy,daytime,clear
c3148906-a35c7571.jpg,F:\xlw\bdd100k_final\images\100k\val\c3148906-a35c7571.jpg,val,partly cloudy,daytime,clear
c315b14e-429b1108.jpg,F:\xlw\bdd100k_final\images\100k\val\c315b14e-429b1108.jpg,val,overcast,daytime,clear
c31625c9-4cf16add.jpg,F:\xlw\bdd100k_final\images\100k\val\c31625c9-4cf16add.jpg,val,overcast,daytime,clear
c31625c9-9e5a7d0c.jpg,F:\xlw\bdd100k_final\images\100k\val\c31625c9-9e5a7d0c.jpg,val,overcast,daytime,clear
c317c38b-ce5550bb.jpg,F:\xlw\bdd100k_final\images\100k\val\c317c38b-ce5550bb.jpg,val,clear,daytime,clear
c31a04de-1c417568.jpg,F:\xlw\bdd100k_final\images\100k\val\c31a04de-1c417568.jpg,val,clear,night,night
c31a04de-a3a5bc29.jpg,F:\xlw\bdd100k_final\images\100k\val\c31a04de-a3a5bc29.jpg,val,clear,night,night
c31a04de-b269b568.jpg,F:\xlw\bdd100k_final\images\100k\val\c31a04de-b269b568.jpg,val,overcast,daytime,clear
c31a04de-d4cc31fb.jpg,F:\xlw\bdd100k_final\images\100k\val\c31a04de-d4cc31fb.jpg,val,rainy,night,night
c31aa969-1f6cbf7f.jpg,F:\xlw\bdd100k_final\images\100k\val\c31aa969-1f6cbf7f.jpg,val,clear,night,night
c31aa969-3e3a215c.jpg,F:\xlw\bdd100k_final\images\100k\val\c31aa969-3e3a215c.jpg,val,clear,night,night
c31aa969-7da84341.jpg,F:\xlw\bdd100k_final\images\100k\val\c31aa969-7da84341.jpg,val,undefined,night,night
c31aa969-9a2a8c52.jpg,F:\xlw\bdd100k_final\images\100k\val\c31aa969-9a2a8c52.jpg,val,clear,night,night
c31aa969-9cd15ede.jpg,F:\xlw\bdd100k_final\images\100k\val\c31aa969-9cd15ede.jpg,val,clear,night,night
c31aa969-cb2fb9ce.jpg,F:\xlw\bdd100k_final\images\100k\val\c31aa969-cb2fb9ce.jpg,val,clear,night,night
c31aa969-cfd19d38.jpg,F:\xlw\bdd100k_final\images\100k\val\c31aa969-cfd19d38.jpg,val,undefined,night,night
c31aa969-d99ef9fc.jpg,F:\xlw\bdd100k_final\images\100k\val\c31aa969-d99ef9fc.jpg,val,clear,night,night
c31aa969-dd64b3b7.jpg,F:\xlw\bdd100k_final\images\100k\val\c31aa969-dd64b3b7.jpg,val,clear,night,night
c31aa969-fb62cfc9.jpg,F:\xlw\bdd100k_final\images\100k\val\c31aa969-fb62cfc9.jpg,val,clear,night,night
c31c9630-33e93909.jpg,F:\xlw\bdd100k_final\images\100k\val\c31c9630-33e93909.jpg,val,clear,night,night
c31c9630-34495985.jpg,F:\xlw\bdd100k_final\images\100k\val\c31c9630-34495985.jpg,val,clear,night,night
c31c9630-bb223690.jpg,F:\xlw\bdd100k_final\images\100k\val\c31c9630-bb223690.jpg,val,clear,night,night
c31cd426-0a38fe18.jpg,F:\xlw\bdd100k_final\images\100k\val\c31cd426-0a38fe18.jpg,val,clear,daytime,clear
c31d9531-694298f0.jpg,F:\xlw\bdd100k_final\images\100k\val\c31d9531-694298f0.jpg,val,clear,daytime,clear
c31e94f0-25b5a72f.jpg,F:\xlw\bdd100k_final\images\100k\val\c31e94f0-25b5a72f.jpg,val,clear,night,night
c31edac1-218458ed.jpg,F:\xlw\bdd100k_final\images\100k\val\c31edac1-218458ed.jpg,val,rainy,daytime,rain
c321a98d-e1a9c503.jpg,F:\xlw\bdd100k_final\images\100k\val\c321a98d-e1a9c503.jpg,val,clear,night,night
c321a98d-e3d79f4f.jpg,F:\xlw\bdd100k_final\images\100k\val\c321a98d-e3d79f4f.jpg,val,clear,night,night
c321b69d-0043bcac.jpg,F:\xlw\bdd100k_final\images\100k\val\c321b69d-0043bcac.jpg,val,overcast,daytime,clear
c321c219-54340460.jpg,F:\xlw\bdd100k_final\images\100k\val\c321c219-54340460.jpg,val,clear,daytime,clear
c321c219-a3547f2a.jpg,F:\xlw\bdd100k_final\images\100k\val\c321c219-a3547f2a.jpg,val,clear,daytime,clear
c32246a5-79a01821.jpg,F:\xlw\bdd100k_final\images\100k\val\c32246a5-79a01821.jpg,val,clear,daytime,clear
c32278e7-af964526.jpg,F:\xlw\bdd100k_final\images\100k\val\c32278e7-af964526.jpg,val,overcast,daytime,clear
c323201c-9bcf7cf8.jpg,F:\xlw\bdd100k_final\images\100k\val\c323201c-9bcf7cf8.jpg,val,rainy,daytime,rain
c323201c-b96be3cd.jpg,F:\xlw\bdd100k_final\images\100k\val\c323201c-b96be3cd.jpg,val,overcast,daytime,clear
c323201c-cf5e33b5.jpg,F:\xlw\bdd100k_final\images\100k\val\c323201c-cf5e33b5.jpg,val,overcast,daytime,clear
c3248121-1ef2b38c.jpg,F:\xlw\bdd100k_final\images\100k\val\c3248121-1ef2b38c.jpg,val,clear,daytime,clear
c3248121-96de25d5.jpg,F:\xlw\bdd100k_final\images\100k\val\c3248121-96de25d5.jpg,val,snowy,daytime,snow
c324a11d-b8793e25.jpg,F:\xlw\bdd100k_final\images\100k\val\c324a11d-b8793e25.jpg,val,clear,daytime,clear
c324a11d-eaaeb859.jpg,F:\xlw\bdd100k_final\images\100k\val\c324a11d-eaaeb859.jpg,val,clear,daytime,clear
c324e953-ad402fa6.jpg,F:\xlw\bdd100k_final\images\100k\val\c324e953-ad402fa6.jpg,val,clear,night,night
c327ace4-9dfe6490.jpg,F:\xlw\bdd100k_final\images\100k\val\c327ace4-9dfe6490.jpg,val,clear,daytime,clear
c327ace4-f06a47fc.jpg,F:\xlw\bdd100k_final\images\100k\val\c327ace4-f06a47fc.jpg,val,overcast,daytime,clear
c3283326-494b49b0.jpg,F:\xlw\bdd100k_final\images\100k\val\c3283326-494b49b0.jpg,val,clear,night,night
c3283326-74d7ae20.jpg,F:\xlw\bdd100k_final\images\100k\val\c3283326-74d7ae20.jpg,val,clear,night,night
c3287e28-f6bcc9ef.jpg,F:\xlw\bdd100k_final\images\100k\val\c3287e28-f6bcc9ef.jpg,val,clear,daytime,clear
c328b7ab-7a893ba0.jpg,F:\xlw\bdd100k_final\images\100k\val\c328b7ab-7a893ba0.jpg,val,clear,night,night
c328b7ab-8bb33358.jpg,F:\xlw\bdd100k_final\images\100k\val\c328b7ab-8bb33358.jpg,val,clear,night,night
c32a6d73-bda5c6ed.jpg,F:\xlw\bdd100k_final\images\100k\val\c32a6d73-bda5c6ed.jpg,val,clear,night,night
c32aa914-b99e4d62.jpg,F:\xlw\bdd100k_final\images\100k\val\c32aa914-b99e4d62.jpg,val,clear,night,night
c32be69b-f02d6229.jpg,F:\xlw\bdd100k_final\images\100k\val\c32be69b-f02d6229.jpg,val,clear,daytime,clear
c32da93f-1463bf89.jpg,F:\xlw\bdd100k_final\images\100k\val\c32da93f-1463bf89.jpg,val,rainy,daytime,rain
c32dbcaf-480ffc17.jpg,F:\xlw\bdd100k_final\images\100k\val\c32dbcaf-480ffc17.jpg,val,clear,night,night
c32dbcaf-4947ca34.jpg,F:\xlw\bdd100k_final\images\100k\val\c32dbcaf-4947ca34.jpg,val,clear,night,night
c32dbcaf-50f0a281.jpg,F:\xlw\bdd100k_final\images\100k\val\c32dbcaf-50f0a281.jpg,val,clear,night,night
c330c787-0f40c0b6.jpg,F:\xlw\bdd100k_final\images\100k\val\c330c787-0f40c0b6.jpg,val,clear,daytime,clear
c330c787-1e2b9b50.jpg,F:\xlw\bdd100k_final\images\100k\val\c330c787-1e2b9b50.jpg,val,clear,daytime,clear
c330c787-368eb638.jpg,F:\xlw\bdd100k_final\images\100k\val\c330c787-368eb638.jpg,val,clear,daytime,clear
c330c787-3952d9a9.jpg,F:\xlw\bdd100k_final\images\100k\val\c330c787-3952d9a9.jpg,val,clear,daytime,clear
c330c787-ae1c841a.jpg,F:\xlw\bdd100k_final\images\100k\val\c330c787-ae1c841a.jpg,val,clear,daytime,clear
c3318e73-7060e2ce.jpg,F:\xlw\bdd100k_final\images\100k\val\c3318e73-7060e2ce.jpg,val,clear,night,night
c3321660-e6b60390.jpg,F:\xlw\bdd100k_final\images\100k\val\c3321660-e6b60390.jpg,val,clear,night,night
c33251a6-16b72b39.jpg,F:\xlw\bdd100k_final\images\100k\val\c33251a6-16b72b39.jpg,val,rainy,night,night
c33251a6-812a0ea8.jpg,F:\xlw\bdd100k_final\images\100k\val\c33251a6-812a0ea8.jpg,val,clear,night,night
c33251a6-fa2a8810.jpg,F:\xlw\bdd100k_final\images\100k\val\c33251a6-fa2a8810.jpg,val,rainy,night,night
c332a2f5-ee258489.jpg,F:\xlw\bdd100k_final\images\100k\val\c332a2f5-ee258489.jpg,val,partly cloudy,daytime,clear
c3346363-41b4ddf6.jpg,F:\xlw\bdd100k_final\images\100k\val\c3346363-41b4ddf6.jpg,val,overcast,daytime,clear
c3348435-58a3fba0.jpg,F:\xlw\bdd100k_final\images\100k\val\c3348435-58a3fba0.jpg,val,clear,daytime,clear
c3348435-d86c8ed9.jpg,F:\xlw\bdd100k_final\images\100k\val\c3348435-d86c8ed9.jpg,val,clear,daytime,clear
c334fad5-145809d5.jpg,F:\xlw\bdd100k_final\images\100k\val\c334fad5-145809d5.jpg,val,clear,night,night
c3364b6e-cb703061.jpg,F:\xlw\bdd100k_final\images\100k\val\c3364b6e-cb703061.jpg,val,overcast,daytime,clear
c3367099-841c2fba.jpg,F:\xlw\bdd100k_final\images\100k\val\c3367099-841c2fba.jpg,val,clear,night,night
c33700f7-08262a44.jpg,F:\xlw\bdd100k_final\images\100k\val\c33700f7-08262a44.jpg,val,overcast,daytime,clear
c33700f7-db0d8271.jpg,F:\xlw\bdd100k_final\images\100k\val\c33700f7-db0d8271.jpg,val,overcast,daytime,clear
c338bae4-6f7b7153.jpg,F:\xlw\bdd100k_final\images\100k\val\c338bae4-6f7b7153.jpg,val,rainy,daytime,rain
c338bae4-b6f47a90.jpg,F:\xlw\bdd100k_final\images\100k\val\c338bae4-b6f47a90.jpg,val,rainy,daytime,rain
c339e4bd-e3d99d50.jpg,F:\xlw\bdd100k_final\images\100k\val\c339e4bd-e3d99d50.jpg,val,clear,night,night
c33a646b-70d40dc3.jpg,F:\xlw\bdd100k_final\images\100k\val\c33a646b-70d40dc3.jpg,val,clear,night,night
c33b61b6-47d0f8ba.jpg,F:\xlw\bdd100k_final\images\100k\val\c33b61b6-47d0f8ba.jpg,val,clear,daytime,clear
c33df08a-5c6bad4a.jpg,F:\xlw\bdd100k_final\images\100k\val\c33df08a-5c6bad4a.jpg,val,overcast,daytime,clear
c33ec7c6-ab13ff1b.jpg,F:\xlw\bdd100k_final\images\100k\val\c33ec7c6-ab13ff1b.jpg,val,clear,daytime,clear
c33fbbba-de07905f.jpg,F:\xlw\bdd100k_final\images\100k\val\c33fbbba-de07905f.jpg,val,overcast,daytime,clear
c33fd06b-7beab8d7.jpg,F:\xlw\bdd100k_final\images\100k\val\c33fd06b-7beab8d7.jpg,val,overcast,daytime,clear
c33ff185-6648dfa9.jpg,F:\xlw\bdd100k_final\images\100k\val\c33ff185-6648dfa9.jpg,val,snowy,daytime,snow
c342b42d-09b85192.jpg,F:\xlw\bdd100k_final\images\100k\val\c342b42d-09b85192.jpg,val,clear,night,night
c3436372-070af78a.jpg,F:\xlw\bdd100k_final\images\100k\val\c3436372-070af78a.jpg,val,clear,daytime,clear
c3436372-eb18934d.jpg,F:\xlw\bdd100k_final\images\100k\val\c3436372-eb18934d.jpg,val,clear,daytime,clear
c343e9dc-f2dcbc21.jpg,F:\xlw\bdd100k_final\images\100k\val\c343e9dc-f2dcbc21.jpg,val,partly cloudy,daytime,clear
c345715a-b532f7a9.jpg,F:\xlw\bdd100k_final\images\100k\val\c345715a-b532f7a9.jpg,val,clear,night,night
c34d1beb-7e2ce15b.jpg,F:\xlw\bdd100k_final\images\100k\val\c34d1beb-7e2ce15b.jpg,val,snowy,daytime,snow
c34d7b7c-90f9af54.jpg,F:\xlw\bdd100k_final\images\100k\val\c34d7b7c-90f9af54.jpg,val,clear,night,night
c350632d-75a312d1.jpg,F:\xlw\bdd100k_final\images\100k\val\c350632d-75a312d1.jpg,val,clear,daytime,clear
c3529718-252e80fb.jpg,F:\xlw\bdd100k_final\images\100k\val\c3529718-252e80fb.jpg,val,clear,night,night
c352d9c5-d0019b8b.jpg,F:\xlw\bdd100k_final\images\100k\val\c352d9c5-d0019b8b.jpg,val,clear,daytime,clear
c353f0b4-c62600fa.jpg,F:\xlw\bdd100k_final\images\100k\val\c353f0b4-c62600fa.jpg,val,partly cloudy,daytime,clear
c35418da-e9e8e7dc.jpg,F:\xlw\bdd100k_final\images\100k\val\c35418da-e9e8e7dc.jpg,val,clear,night,night
c35531fb-c1bd532b.jpg,F:\xlw\bdd100k_final\images\100k\val\c35531fb-c1bd532b.jpg,val,overcast,daytime,clear
c357f7fe-3f94d6aa.jpg,F:\xlw\bdd100k_final\images\100k\val\c357f7fe-3f94d6aa.jpg,val,clear,night,night
c358bbb8-b458b22b.jpg,F:\xlw\bdd100k_final\images\100k\val\c358bbb8-b458b22b.jpg,val,clear,night,night
c3593016-1adba20d.jpg,F:\xlw\bdd100k_final\images\100k\val\c3593016-1adba20d.jpg,val,snowy,daytime,snow
c3593016-3f75ba4e.jpg,F:\xlw\bdd100k_final\images\100k\val\c3593016-3f75ba4e.jpg,val,snowy,daytime,snow
c3593016-43a3f33f.jpg,F:\xlw\bdd100k_final\images\100k\val\c3593016-43a3f33f.jpg,val,rainy,daytime,rain
c3593016-ac7c536a.jpg,F:\xlw\bdd100k_final\images\100k\val\c3593016-ac7c536a.jpg,val,snowy,daytime,snow
c3593016-c20441ce.jpg,F:\xlw\bdd100k_final\images\100k\val\c3593016-c20441ce.jpg,val,overcast,daytime,clear
c3593016-c4528d9d.jpg,F:\xlw\bdd100k_final\images\100k\val\c3593016-c4528d9d.jpg,val,snowy,daytime,snow
c359556b-77ced0e9.jpg,F:\xlw\bdd100k_final\images\100k\val\c359556b-77ced0e9.jpg,val,clear,daytime,clear
c359f52e-d1916e72.jpg,F:\xlw\bdd100k_final\images\100k\val\c359f52e-d1916e72.jpg,val,clear,daytime,clear
c35a0c1c-33884693.jpg,F:\xlw\bdd100k_final\images\100k\val\c35a0c1c-33884693.jpg,val,overcast,daytime,clear
c35c16ba-83fcb452.jpg,F:\xlw\bdd100k_final\images\100k\val\c35c16ba-83fcb452.jpg,val,clear,night,night
c35c16ba-b65a3906.jpg,F:\xlw\bdd100k_final\images\100k\val\c35c16ba-b65a3906.jpg,val,clear,night,night
c35f5984-a2763387.jpg,F:\xlw\bdd100k_final\images\100k\val\c35f5984-a2763387.jpg,val,clear,night,night
c35f86eb-86dc57eb.jpg,F:\xlw\bdd100k_final\images\100k\val\c35f86eb-86dc57eb.jpg,val,clear,night,night
c35f86eb-e0657fa3.jpg,F:\xlw\bdd100k_final\images\100k\val\c35f86eb-e0657fa3.jpg,val,clear,night,night
c360ca4b-7a8ec6e6.jpg,F:\xlw\bdd100k_final\images\100k\val\c360ca4b-7a8ec6e6.jpg,val,clear,daytime,clear
c361f0b8-d5940918.jpg,F:\xlw\bdd100k_final\images\100k\val\c361f0b8-d5940918.jpg,val,overcast,daytime,clear
c361ff02-d7492340.jpg,F:\xlw\bdd100k_final\images\100k\val\c361ff02-d7492340.jpg,val,clear,daytime,clear
c3639d96-271bbe4c.jpg,F:\xlw\bdd100k_final\images\100k\val\c3639d96-271bbe4c.jpg,val,clear,night,night
c3639d96-b9928b16.jpg,F:\xlw\bdd100k_final\images\100k\val\c3639d96-b9928b16.jpg,val,clear,night,night
c3639d96-d284eda4.jpg,F:\xlw\bdd100k_final\images\100k\val\c3639d96-d284eda4.jpg,val,clear,night,night
c3668a3d-22233f64.jpg,F:\xlw\bdd100k_final\images\100k\val\c3668a3d-22233f64.jpg,val,clear,daytime,clear
c366973d-c03525b0.jpg,F:\xlw\bdd100k_final\images\100k\val\c366973d-c03525b0.jpg,val,clear,daytime,clear
c366973d-f5ec8394.jpg,F:\xlw\bdd100k_final\images\100k\val\c366973d-f5ec8394.jpg,val,clear,daytime,clear
c367562a-54687761.jpg,F:\xlw\bdd100k_final\images\100k\val\c367562a-54687761.jpg,val,clear,daytime,clear
c3698cec-2231cb86.jpg,F:\xlw\bdd100k_final\images\100k\val\c3698cec-2231cb86.jpg,val,clear,daytime,clear
c3698cec-77311999.jpg,F:\xlw\bdd100k_final\images\100k\val\c3698cec-77311999.jpg,val,clear,daytime,clear
c36a8dac-908de757.jpg,F:\xlw\bdd100k_final\images\100k\val\c36a8dac-908de757.jpg,val,rainy,daytime,rain
c36c60e8-ad8ad874.jpg,F:\xlw\bdd100k_final\images\100k\val\c36c60e8-ad8ad874.jpg,val,rainy,daytime,rain
c36ded7c-4736f84e.jpg,F:\xlw\bdd100k_final\images\100k\val\c36ded7c-4736f84e.jpg,val,clear,night,night
c36ded7c-a435e454.jpg,F:\xlw\bdd100k_final\images\100k\val\c36ded7c-a435e454.jpg,val,clear,night,night
c3719317-3ea7c35e.jpg,F:\xlw\bdd100k_final\images\100k\val\c3719317-3ea7c35e.jpg,val,clear,night,night
c3719317-4da29e4a.jpg,F:\xlw\bdd100k_final\images\100k\val\c3719317-4da29e4a.jpg,val,clear,night,night
c3719317-5605c5af.jpg,F:\xlw\bdd100k_final\images\100k\val\c3719317-5605c5af.jpg,val,clear,night,night
c37360b7-35a6b33c.jpg,F:\xlw\bdd100k_final\images\100k\val\c37360b7-35a6b33c.jpg,val,rainy,daytime,rain
c37360b7-70c0e672.jpg,F:\xlw\bdd100k_final\images\100k\val\c37360b7-70c0e672.jpg,val,rainy,daytime,rain
c37360b7-7dab5705.jpg,F:\xlw\bdd100k_final\images\100k\val\c37360b7-7dab5705.jpg,val,rainy,daytime,rain
c37382d8-010bbe82.jpg,F:\xlw\bdd100k_final\images\100k\val\c37382d8-010bbe82.jpg,val,partly cloudy,daytime,clear
c37388ef-99765627.jpg,F:\xlw\bdd100k_final\images\100k\val\c37388ef-99765627.jpg,val,overcast,daytime,clear
c37388ef-cb776f63.jpg,F:\xlw\bdd100k_final\images\100k\val\c37388ef-cb776f63.jpg,val,overcast,daytime,clear
c373cc4e-59108d25.jpg,F:\xlw\bdd100k_final\images\100k\val\c373cc4e-59108d25.jpg,val,clear,night,night
c376fce7-54f5721d.jpg,F:\xlw\bdd100k_final\images\100k\val\c376fce7-54f5721d.jpg,val,clear,daytime,clear
c3783c84-e38a9213.jpg,F:\xlw\bdd100k_final\images\100k\val\c3783c84-e38a9213.jpg,val,rainy,daytime,rain
c3784403-0c68fd6c.jpg,F:\xlw\bdd100k_final\images\100k\val\c3784403-0c68fd6c.jpg,val,clear,daytime,clear
c3784403-4532f110.jpg,F:\xlw\bdd100k_final\images\100k\val\c3784403-4532f110.jpg,val,clear,daytime,clear
c379bc53-4e2c5dee.jpg,F:\xlw\bdd100k_final\images\100k\val\c379bc53-4e2c5dee.jpg,val,overcast,daytime,clear
c379f9c4-079ee461.jpg,F:\xlw\bdd100k_final\images\100k\val\c379f9c4-079ee461.jpg,val,partly cloudy,daytime,clear
c379f9c4-9e689b20.jpg,F:\xlw\bdd100k_final\images\100k\val\c379f9c4-9e689b20.jpg,val,overcast,daytime,clear
c379f9c4-f41ab256.jpg,F:\xlw\bdd100k_final\images\100k\val\c379f9c4-f41ab256.jpg,val,overcast,daytime,clear
c37ae4d0-27e020b9.jpg,F:\xlw\bdd100k_final\images\100k\val\c37ae4d0-27e020b9.jpg,val,rainy,daytime,rain
c37b517d-477f8143.jpg,F:\xlw\bdd100k_final\images\100k\val\c37b517d-477f8143.jpg,val,clear,night,night
c37b9726-29dfad76.jpg,F:\xlw\bdd100k_final\images\100k\val\c37b9726-29dfad76.jpg,val,snowy,daytime,snow
c37b9726-6e562435.jpg,F:\xlw\bdd100k_final\images\100k\val\c37b9726-6e562435.jpg,val,snowy,daytime,snow
c37b9726-a567227e.jpg,F:\xlw\bdd100k_final\images\100k\val\c37b9726-a567227e.jpg,val,snowy,daytime,snow
c37b9726-c2532aba.jpg,F:\xlw\bdd100k_final\images\100k\val\c37b9726-c2532aba.jpg,val,snowy,daytime,snow
c37b9726-caffaa65.jpg,F:\xlw\bdd100k_final\images\100k\val\c37b9726-caffaa65.jpg,val,snowy,daytime,snow
c37b9f20-e161a563.jpg,F:\xlw\bdd100k_final\images\100k\val\c37b9f20-e161a563.jpg,val,clear,daytime,clear
c37bffe3-a98ee42d.jpg,F:\xlw\bdd100k_final\images\100k\val\c37bffe3-a98ee42d.jpg,val,clear,daytime,clear
c37c2977-45e57cc0.jpg,F:\xlw\bdd100k_final\images\100k\val\c37c2977-45e57cc0.jpg,val,clear,night,night
c37c2977-dfcf5b8a.jpg,F:\xlw\bdd100k_final\images\100k\val\c37c2977-dfcf5b8a.jpg,val,clear,night,night
c37c2977-f11fb4a5.jpg,F:\xlw\bdd100k_final\images\100k\val\c37c2977-f11fb4a5.jpg,val,clear,night,night
c37cf84f-18aa50f6.jpg,F:\xlw\bdd100k_final\images\100k\val\c37cf84f-18aa50f6.jpg,val,rainy,daytime,rain
c37d47c0-05bf99e0.jpg,F:\xlw\bdd100k_final\images\100k\val\c37d47c0-05bf99e0.jpg,val,overcast,daytime,clear
c37d47c0-c830ec1c.jpg,F:\xlw\bdd100k_final\images\100k\val\c37d47c0-c830ec1c.jpg,val,overcast,daytime,clear
c37fdf68-03ba744c.jpg,F:\xlw\bdd100k_final\images\100k\val\c37fdf68-03ba744c.jpg,val,snowy,night,night
c37fdf68-18b4792a.jpg,F:\xlw\bdd100k_final\images\100k\val\c37fdf68-18b4792a.jpg,val,clear,night,night
c3804a06-26cf84ff.jpg,F:\xlw\bdd100k_final\images\100k\val\c3804a06-26cf84ff.jpg,val,clear,daytime,clear
c380e9e2-30ee7832.jpg,F:\xlw\bdd100k_final\images\100k\val\c380e9e2-30ee7832.jpg,val,clear,night,night
c380e9e2-6d8a84be.jpg,F:\xlw\bdd100k_final\images\100k\val\c380e9e2-6d8a84be.jpg,val,clear,night,night
c3812229-47c8e5f2.jpg,F:\xlw\bdd100k_final\images\100k\val\c3812229-47c8e5f2.jpg,val,snowy,night,night
c3812229-954a41bd.jpg,F:\xlw\bdd100k_final\images\100k\val\c3812229-954a41bd.jpg,val,clear,night,night
c3822b6a-0ef41057.jpg,F:\xlw\bdd100k_final\images\100k\val\c3822b6a-0ef41057.jpg,val,clear,night,night
c384667d-73536fcb.jpg,F:\xlw\bdd100k_final\images\100k\val\c384667d-73536fcb.jpg,val,snowy,daytime,snow
c385a199-0bb19524.jpg,F:\xlw\bdd100k_final\images\100k\val\c385a199-0bb19524.jpg,val,overcast,daytime,clear
c3870915-a0d8f653.jpg,F:\xlw\bdd100k_final\images\100k\val\c3870915-a0d8f653.jpg,val,clear,night,night
c3884826-226b69e7.jpg,F:\xlw\bdd100k_final\images\100k\val\c3884826-226b69e7.jpg,val,snowy,daytime,snow
c3884826-d8789adb.jpg,F:\xlw\bdd100k_final\images\100k\val\c3884826-d8789adb.jpg,val,snowy,daytime,snow
c3884826-f2da6bd2.jpg,F:\xlw\bdd100k_final\images\100k\val\c3884826-f2da6bd2.jpg,val,snowy,daytime,snow
c389631f-34a8e513.jpg,F:\xlw\bdd100k_final\images\100k\val\c389631f-34a8e513.jpg,val,clear,daytime,clear
c389631f-a4b2d909.jpg,F:\xlw\bdd100k_final\images\100k\val\c389631f-a4b2d909.jpg,val,clear,daytime,clear
c389631f-b7bb20cb.jpg,F:\xlw\bdd100k_final\images\100k\val\c389631f-b7bb20cb.jpg,val,clear,daytime,clear
c38a5b1a-67951cd4.jpg,F:\xlw\bdd100k_final\images\100k\val\c38a5b1a-67951cd4.jpg,val,overcast,daytime,clear
c38bdba6-181f8cfa.jpg,F:\xlw\bdd100k_final\images\100k\val\c38bdba6-181f8cfa.jpg,val,clear,night,night
c38bdba6-2abed256.jpg,F:\xlw\bdd100k_final\images\100k\val\c38bdba6-2abed256.jpg,val,partly cloudy,daytime,clear
c38bdba6-9a4af57f.jpg,F:\xlw\bdd100k_final\images\100k\val\c38bdba6-9a4af57f.jpg,val,overcast,night,night
c38bdba6-cb18e83a.jpg,F:\xlw\bdd100k_final\images\100k\val\c38bdba6-cb18e83a.jpg,val,partly cloudy,daytime,clear
c38cd3f6-2aba9218.jpg,F:\xlw\bdd100k_final\images\100k\val\c38cd3f6-2aba9218.jpg,val,clear,daytime,clear
c38cd3f6-bd22367b.jpg,F:\xlw\bdd100k_final\images\100k\val\c38cd3f6-bd22367b.jpg,val,clear,daytime,clear
c38cd3f6-c74ca48b.jpg,F:\xlw\bdd100k_final\images\100k\val\c38cd3f6-c74ca48b.jpg,val,clear,daytime,clear
c38e77f6-edc3c34b.jpg,F:\xlw\bdd100k_final\images\100k\val\c38e77f6-edc3c34b.jpg,val,rainy,daytime,rain
c3906a23-5c373f34.jpg,F:\xlw\bdd100k_final\images\100k\val\c3906a23-5c373f34.jpg,val,clear,daytime,clear
c390eca8-8beac58f.jpg,F:\xlw\bdd100k_final\images\100k\val\c390eca8-8beac58f.jpg,val,overcast,daytime,clear
c3926b26-2b8702c9.jpg,F:\xlw\bdd100k_final\images\100k\val\c3926b26-2b8702c9.jpg,val,overcast,daytime,clear
c39375fb-153bf02b.jpg,F:\xlw\bdd100k_final\images\100k\val\c39375fb-153bf02b.jpg,val,clear,night,night
c39375fb-4de2d085.jpg,F:\xlw\bdd100k_final\images\100k\val\c39375fb-4de2d085.jpg,val,clear,night,night
c39375fb-ecf20028.jpg,F:\xlw\bdd100k_final\images\100k\val\c39375fb-ecf20028.jpg,val,clear,night,night
c39375fb-fd57ccd3.jpg,F:\xlw\bdd100k_final\images\100k\val\c39375fb-fd57ccd3.jpg,val,clear,night,night
c3949a9e-7ee214aa.jpg,F:\xlw\bdd100k_final\images\100k\val\c3949a9e-7ee214aa.jpg,val,clear,night,night
c3968de8-18e45feb.jpg,F:\xlw\bdd100k_final\images\100k\val\c3968de8-18e45feb.jpg,val,clear,night,night
c3968de8-21d6c364.jpg,F:\xlw\bdd100k_final\images\100k\val\c3968de8-21d6c364.jpg,val,rainy,night,night
c3968de8-ba91cf82.jpg,F:\xlw\bdd100k_final\images\100k\val\c3968de8-ba91cf82.jpg,val,clear,night,night
c3968de8-bd6747f5.jpg,F:\xlw\bdd100k_final\images\100k\val\c3968de8-bd6747f5.jpg,val,clear,night,night
c3968de8-fe9ac544.jpg,F:\xlw\bdd100k_final\images\100k\val\c3968de8-fe9ac544.jpg,val,clear,night,night
c396b7c0-cf46a981.jpg,F:\xlw\bdd100k_final\images\100k\val\c396b7c0-cf46a981.jpg,val,clear,daytime,clear
c396e833-890b7ddb.jpg,F:\xlw\bdd100k_final\images\100k\val\c396e833-890b7ddb.jpg,val,overcast,daytime,clear
c396e833-a3876e00.jpg,F:\xlw\bdd100k_final\images\100k\val\c396e833-a3876e00.jpg,val,overcast,daytime,clear
c396e833-ba935f99.jpg,F:\xlw\bdd100k_final\images\100k\val\c396e833-ba935f99.jpg,val,overcast,daytime,clear
c397cd5e-ad9369e9.jpg,F:\xlw\bdd100k_final\images\100k\val\c397cd5e-ad9369e9.jpg,val,partly cloudy,daytime,clear
c39807d2-936e95ae.jpg,F:\xlw\bdd100k_final\images\100k\val\c39807d2-936e95ae.jpg,val,clear,night,night
c39807d2-dd8710a0.jpg,F:\xlw\bdd100k_final\images\100k\val\c39807d2-dd8710a0.jpg,val,clear,night,night
c3981cf1-6e95c296.jpg,F:\xlw\bdd100k_final\images\100k\val\c3981cf1-6e95c296.jpg,val,clear,daytime,clear
c3981cf1-a949f363.jpg,F:\xlw\bdd100k_final\images\100k\val\c3981cf1-a949f363.jpg,val,clear,daytime,clear
c3981cf1-fb7c634e.jpg,F:\xlw\bdd100k_final\images\100k\val\c3981cf1-fb7c634e.jpg,val,clear,daytime,clear
c3993f07-cc084164.jpg,F:\xlw\bdd100k_final\images\100k\val\c3993f07-cc084164.jpg,val,snowy,night,night
c399b1cb-0b569b85.jpg,F:\xlw\bdd100k_final\images\100k\val\c399b1cb-0b569b85.jpg,val,clear,daytime,clear
c39a0a67-dcf8ab72.jpg,F:\xlw\bdd100k_final\images\100k\val\c39a0a67-dcf8ab72.jpg,val,clear,daytime,clear
c39a2422-2c66916b.jpg,F:\xlw\bdd100k_final\images\100k\val\c39a2422-2c66916b.jpg,val,clear,night,night
c39ad1d8-0993aef9.jpg,F:\xlw\bdd100k_final\images\100k\val\c39ad1d8-0993aef9.jpg,val,clear,night,night
c39b357e-5a90a6b6.jpg,F:\xlw\bdd100k_final\images\100k\val\c39b357e-5a90a6b6.jpg,val,clear,night,night
c39d3334-9c866b4c.jpg,F:\xlw\bdd100k_final\images\100k\val\c39d3334-9c866b4c.jpg,val,clear,night,night
c39dc2ff-4399acc0.jpg,F:\xlw\bdd100k_final\images\100k\val\c39dc2ff-4399acc0.jpg,val,clear,night,night
c39dc2ff-6976d19d.jpg,F:\xlw\bdd100k_final\images\100k\val\c39dc2ff-6976d19d.jpg,val,clear,night,night
c39ddb2c-740d920d.jpg,F:\xlw\bdd100k_final\images\100k\val\c39ddb2c-740d920d.jpg,val,clear,daytime,clear
c39ddb2c-db949106.jpg,F:\xlw\bdd100k_final\images\100k\val\c39ddb2c-db949106.jpg,val,clear,daytime,clear
c39f04ad-07b3e09f.jpg,F:\xlw\bdd100k_final\images\100k\val\c39f04ad-07b3e09f.jpg,val,clear,night,night
c3a048fb-9adc169f.jpg,F:\xlw\bdd100k_final\images\100k\val\c3a048fb-9adc169f.jpg,val,clear,daytime,clear
c3a048fb-c45a1e4c.jpg,F:\xlw\bdd100k_final\images\100k\val\c3a048fb-c45a1e4c.jpg,val,clear,daytime,clear
c3a048fb-ed02cd5a.jpg,F:\xlw\bdd100k_final\images\100k\val\c3a048fb-ed02cd5a.jpg,val,partly cloudy,daytime,clear
c3a18207-109c0500.jpg,F:\xlw\bdd100k_final\images\100k\val\c3a18207-109c0500.jpg,val,clear,daytime,clear
c3a1baa1-763e77d7.jpg,F:\xlw\bdd100k_final\images\100k\val\c3a1baa1-763e77d7.jpg,val,clear,night,night
c3a20d02-09c1ff17.jpg,F:\xlw\bdd100k_final\images\100k\val\c3a20d02-09c1ff17.jpg,val,clear,night,night
c3a26429-19fefafb.jpg,F:\xlw\bdd100k_final\images\100k\val\c3a26429-19fefafb.jpg,val,overcast,daytime,clear
c3a26429-70b45205.jpg,F:\xlw\bdd100k_final\images\100k\val\c3a26429-70b45205.jpg,val,clear,daytime,clear
c3a26429-e8f01a18.jpg,F:\xlw\bdd100k_final\images\100k\val\c3a26429-e8f01a18.jpg,val,clear,daytime,clear
c3a3265f-d6562e9f.jpg,F:\xlw\bdd100k_final\images\100k\val\c3a3265f-d6562e9f.jpg,val,clear,night,night
c3a5542d-132f75f3.jpg,F:\xlw\bdd100k_final\images\100k\val\c3a5542d-132f75f3.jpg,val,rainy,daytime,rain
c3a94f80-27e0d36a.jpg,F:\xlw\bdd100k_final\images\100k\val\c3a94f80-27e0d36a.jpg,val,rainy,daytime,rain
c3a94f80-a80f1f94.jpg,F:\xlw\bdd100k_final\images\100k\val\c3a94f80-a80f1f94.jpg,val,snowy,daytime,snow
c3ac34e8-2701e034.jpg,F:\xlw\bdd100k_final\images\100k\val\c3ac34e8-2701e034.jpg,val,clear,night,night
c3ac34e8-a07ac73e.jpg,F:\xlw\bdd100k_final\images\100k\val\c3ac34e8-a07ac73e.jpg,val,clear,night,night
c3aca55d-61d72a19.jpg,F:\xlw\bdd100k_final\images\100k\val\c3aca55d-61d72a19.jpg,val,clear,daytime,clear
c3acc6a5-00d3dc8d.jpg,F:\xlw\bdd100k_final\images\100k\val\c3acc6a5-00d3dc8d.jpg,val,clear,night,night
c3ad67db-0e969ba8.jpg,F:\xlw\bdd100k_final\images\100k\val\c3ad67db-0e969ba8.jpg,val,clear,night,night
c3ae39d6-f5f25d64.jpg,F:\xlw\bdd100k_final\images\100k\val\c3ae39d6-f5f25d64.jpg,val,snowy,daytime,snow
c3ae9216-3d694ff1.jpg,F:\xlw\bdd100k_final\images\100k\val\c3ae9216-3d694ff1.jpg,val,clear,daytime,clear
c3ae9216-b9dab4a9.jpg,F:\xlw\bdd100k_final\images\100k\val\c3ae9216-b9dab4a9.jpg,val,overcast,daytime,clear
c3b1694b-fadd8eba.jpg,F:\xlw\bdd100k_final\images\100k\val\c3b1694b-fadd8eba.jpg,val,clear,daytime,clear
c3b31662-8eae58f3.jpg,F:\xlw\bdd100k_final\images\100k\val\c3b31662-8eae58f3.jpg,val,overcast,daytime,clear
c3b60e81-b28ef868.jpg,F:\xlw\bdd100k_final\images\100k\val\c3b60e81-b28ef868.jpg,val,rainy,night,night
c3b8f4e4-10cf3a2b.jpg,F:\xlw\bdd100k_final\images\100k\val\c3b8f4e4-10cf3a2b.jpg,val,clear,night,night
c3b940ca-5e220748.jpg,F:\xlw\bdd100k_final\images\100k\val\c3b940ca-5e220748.jpg,val,clear,night,night
c3ba4a87-4d02b5ab.jpg,F:\xlw\bdd100k_final\images\100k\val\c3ba4a87-4d02b5ab.jpg,val,clear,night,night
c3bb4925-a3b4c1ed.jpg,F:\xlw\bdd100k_final\images\100k\val\c3bb4925-a3b4c1ed.jpg,val,clear,daytime,clear
c3bb4925-f78e285a.jpg,F:\xlw\bdd100k_final\images\100k\val\c3bb4925-f78e285a.jpg,val,clear,daytime,clear
c3bf9233-8462deb1.jpg,F:\xlw\bdd100k_final\images\100k\val\c3bf9233-8462deb1.jpg,val,clear,night,night
c3bf9cd8-4c3187c7.jpg,F:\xlw\bdd100k_final\images\100k\val\c3bf9cd8-4c3187c7.jpg,val,clear,night,night
c3bf9cd8-5a2df929.jpg,F:\xlw\bdd100k_final\images\100k\val\c3bf9cd8-5a2df929.jpg,val,clear,night,night
c3bf9cd8-81cb03ad.jpg,F:\xlw\bdd100k_final\images\100k\val\c3bf9cd8-81cb03ad.jpg,val,clear,night,night
c3bfdcda-bfdd5fdb.jpg,F:\xlw\bdd100k_final\images\100k\val\c3bfdcda-bfdd5fdb.jpg,val,clear,daytime,clear
c3c021ef-9f0c8741.jpg,F:\xlw\bdd100k_final\images\100k\val\c3c021ef-9f0c8741.jpg,val,clear,night,night
c3c0f47b-7f004614.jpg,F:\xlw\bdd100k_final\images\100k\val\c3c0f47b-7f004614.jpg,val,overcast,daytime,clear
c3c0f47b-e11941f3.jpg,F:\xlw\bdd100k_final\images\100k\val\c3c0f47b-e11941f3.jpg,val,clear,daytime,clear
c3c10c0c-45eec8a3.jpg,F:\xlw\bdd100k_final\images\100k\val\c3c10c0c-45eec8a3.jpg,val,clear,daytime,clear
c3c10c0c-4adfd99c.jpg,F:\xlw\bdd100k_final\images\100k\val\c3c10c0c-4adfd99c.jpg,val,partly cloudy,daytime,clear
c3c28990-04db5664.jpg,F:\xlw\bdd100k_final\images\100k\val\c3c28990-04db5664.jpg,val,clear,daytime,clear
c3c2eb65-bd875ecb.jpg,F:\xlw\bdd100k_final\images\100k\val\c3c2eb65-bd875ecb.jpg,val,rainy,daytime,rain
c3c43f15-1afc9745.jpg,F:\xlw\bdd100k_final\images\100k\val\c3c43f15-1afc9745.jpg,val,clear,night,night
c3c43f15-b0ed775c.jpg,F:\xlw\bdd100k_final\images\100k\val\c3c43f15-b0ed775c.jpg,val,clear,night,night
c3c4afe7-b9a0a895.jpg,F:\xlw\bdd100k_final\images\100k\val\c3c4afe7-b9a0a895.jpg,val,clear,night,night
c3c4bbae-eff92ddd.jpg,F:\xlw\bdd100k_final\images\100k\val\c3c4bbae-eff92ddd.jpg,val,clear,daytime,clear
c3c5785b-a71e4bf7.jpg,F:\xlw\bdd100k_final\images\100k\val\c3c5785b-a71e4bf7.jpg,val,snowy,night,night
c3c78ded-3747f1c4.jpg,F:\xlw\bdd100k_final\images\100k\val\c3c78ded-3747f1c4.jpg,val,snowy,night,night
c3cae07c-b1c025cf.jpg,F:\xlw\bdd100k_final\images\100k\val\c3cae07c-b1c025cf.jpg,val,clear,daytime,clear
c3cae07c-ceeefd3f.jpg,F:\xlw\bdd100k_final\images\100k\val\c3cae07c-ceeefd3f.jpg,val,clear,daytime,clear
c3cb6d3b-bd44323e.jpg,F:\xlw\bdd100k_final\images\100k\val\c3cb6d3b-bd44323e.jpg,val,partly cloudy,daytime,clear
c3cc12e9-d96fb013.jpg,F:\xlw\bdd100k_final\images\100k\val\c3cc12e9-d96fb013.jpg,val,overcast,daytime,clear
c3cd662f-228cba06.jpg,F:\xlw\bdd100k_final\images\100k\val\c3cd662f-228cba06.jpg,val,rainy,daytime,rain
c3cd662f-4d6d3e82.jpg,F:\xlw\bdd100k_final\images\100k\val\c3cd662f-4d6d3e82.jpg,val,overcast,daytime,clear
c3cd6c82-21bd6ca4.jpg,F:\xlw\bdd100k_final\images\100k\val\c3cd6c82-21bd6ca4.jpg,val,overcast,daytime,clear
c3cd6c82-b5d52beb.jpg,F:\xlw\bdd100k_final\images\100k\val\c3cd6c82-b5d52beb.jpg,val,overcast,daytime,clear
c3ce46d8-9ca61ff7.jpg,F:\xlw\bdd100k_final\images\100k\val\c3ce46d8-9ca61ff7.jpg,val,clear,night,night
c3cf722d-07e2250c.jpg,F:\xlw\bdd100k_final\images\100k\val\c3cf722d-07e2250c.jpg,val,clear,daytime,clear
c3d0cee9-9d113ffd.jpg,F:\xlw\bdd100k_final\images\100k\val\c3d0cee9-9d113ffd.jpg,val,clear,night,night
c3d1640a-b89d2de8.jpg,F:\xlw\bdd100k_final\images\100k\val\c3d1640a-b89d2de8.jpg,val,clear,night,night
c3d39d44-4ee18d50.jpg,F:\xlw\bdd100k_final\images\100k\val\c3d39d44-4ee18d50.jpg,val,snowy,daytime,snow
c3d70e8e-64b02c51.jpg,F:\xlw\bdd100k_final\images\100k\val\c3d70e8e-64b02c51.jpg,val,overcast,daytime,clear
c3d714d5-9b0e71c1.jpg,F:\xlw\bdd100k_final\images\100k\val\c3d714d5-9b0e71c1.jpg,val,clear,night,night
c3da13a9-31363949.jpg,F:\xlw\bdd100k_final\images\100k\val\c3da13a9-31363949.jpg,val,clear,daytime,clear
c3da90b0-cfd1d6b9.jpg,F:\xlw\bdd100k_final\images\100k\val\c3da90b0-cfd1d6b9.jpg,val,snowy,daytime,snow
c3db3042-11a5ab24.jpg,F:\xlw\bdd100k_final\images\100k\val\c3db3042-11a5ab24.jpg,val,clear,night,night
c3dc6d37-450bc114.jpg,F:\xlw\bdd100k_final\images\100k\val\c3dc6d37-450bc114.jpg,val,clear,daytime,clear
c3dc6d37-60d68540.jpg,F:\xlw\bdd100k_final\images\100k\val\c3dc6d37-60d68540.jpg,val,clear,daytime,clear
c3dd2df5-262ecc08.jpg,F:\xlw\bdd100k_final\images\100k\val\c3dd2df5-262ecc08.jpg,val,clear,night,night
c3dd2df5-e805df01.jpg,F:\xlw\bdd100k_final\images\100k\val\c3dd2df5-e805df01.jpg,val,clear,night,night
c3dde797-7bb8b56c.jpg,F:\xlw\bdd100k_final\images\100k\val\c3dde797-7bb8b56c.jpg,val,clear,night,night
c3dde797-d3a9bf00.jpg,F:\xlw\bdd100k_final\images\100k\val\c3dde797-d3a9bf00.jpg,val,clear,night,night
c3de5a74-899efae7.jpg,F:\xlw\bdd100k_final\images\100k\val\c3de5a74-899efae7.jpg,val,clear,night,night
c3decde7-31339506.jpg,F:\xlw\bdd100k_final\images\100k\val\c3decde7-31339506.jpg,val,clear,daytime,clear
c3def78d-b3fa5b93.jpg,F:\xlw\bdd100k_final\images\100k\val\c3def78d-b3fa5b93.jpg,val,partly cloudy,daytime,clear
c3df2c24-3449c92b.jpg,F:\xlw\bdd100k_final\images\100k\val\c3df2c24-3449c92b.jpg,val,partly cloudy,daytime,clear
c3df354d-407d442c.jpg,F:\xlw\bdd100k_final\images\100k\val\c3df354d-407d442c.jpg,val,clear,night,night
c3df354d-bec42887.jpg,F:\xlw\bdd100k_final\images\100k\val\c3df354d-bec42887.jpg,val,clear,night,night
c3e067a4-535a9b93.jpg,F:\xlw\bdd100k_final\images\100k\val\c3e067a4-535a9b93.jpg,val,clear,night,night
c3e363a2-505e84d5.jpg,F:\xlw\bdd100k_final\images\100k\val\c3e363a2-505e84d5.jpg,val,partly cloudy,daytime,clear
c3e4deae-a76258ee.jpg,F:\xlw\bdd100k_final\images\100k\val\c3e4deae-a76258ee.jpg,val,clear,night,night
c3e7bd65-aff9c706.jpg,F:\xlw\bdd100k_final\images\100k\val\c3e7bd65-aff9c706.jpg,val,clear,daytime,clear
c3e87419-5b9ddce0.jpg,F:\xlw\bdd100k_final\images\100k\val\c3e87419-5b9ddce0.jpg,val,clear,night,night
c3e87419-dd6f2321.jpg,F:\xlw\bdd100k_final\images\100k\val\c3e87419-dd6f2321.jpg,val,clear,daytime,clear
c3e986e8-99f2d744.jpg,F:\xlw\bdd100k_final\images\100k\val\c3e986e8-99f2d744.jpg,val,clear,night,night
c3eae174-c44b69cb.jpg,F:\xlw\bdd100k_final\images\100k\val\c3eae174-c44b69cb.jpg,val,clear,night,night
c3ecb3cb-5fb43d29.jpg,F:\xlw\bdd100k_final\images\100k\val\c3ecb3cb-5fb43d29.jpg,val,partly cloudy,daytime,clear
c3edf653-bb92b354.jpg,F:\xlw\bdd100k_final\images\100k\val\c3edf653-bb92b354.jpg,val,partly cloudy,daytime,clear
c3ee4b9b-b8786bce.jpg,F:\xlw\bdd100k_final\images\100k\val\c3ee4b9b-b8786bce.jpg,val,rainy,night,night
c3ee5975-02ea08d9.jpg,F:\xlw\bdd100k_final\images\100k\val\c3ee5975-02ea08d9.jpg,val,clear,night,night
c3ee5975-59bec570.jpg,F:\xlw\bdd100k_final\images\100k\val\c3ee5975-59bec570.jpg,val,clear,night,night
c3f3b7a2-6d6f679a.jpg,F:\xlw\bdd100k_final\images\100k\val\c3f3b7a2-6d6f679a.jpg,val,clear,night,night
c3f3dd92-23328dbb.jpg,F:\xlw\bdd100k_final\images\100k\val\c3f3dd92-23328dbb.jpg,val,partly cloudy,night,night
c3f50821-9998804f.jpg,F:\xlw\bdd100k_final\images\100k\val\c3f50821-9998804f.jpg,val,clear,night,night
c3f50821-a7ea98ab.jpg,F:\xlw\bdd100k_final\images\100k\val\c3f50821-a7ea98ab.jpg,val,clear,night,night
c3f50821-f74d05ed.jpg,F:\xlw\bdd100k_final\images\100k\val\c3f50821-f74d05ed.jpg,val,clear,night,night
c3f50821-ff9823a2.jpg,F:\xlw\bdd100k_final\images\100k\val\c3f50821-ff9823a2.jpg,val,clear,night,night
c3f5620f-9311677e.jpg,F:\xlw\bdd100k_final\images\100k\val\c3f5620f-9311677e.jpg,val,clear,daytime,clear
c3f8a4ce-2090da6b.jpg,F:\xlw\bdd100k_final\images\100k\val\c3f8a4ce-2090da6b.jpg,val,undefined,night,night
c3fcfa68-43c4f28f.jpg,F:\xlw\bdd100k_final\images\100k\val\c3fcfa68-43c4f28f.jpg,val,clear,night,night
c3fd58b6-04bcbef3.jpg,F:\xlw\bdd100k_final\images\100k\val\c3fd58b6-04bcbef3.jpg,val,overcast,daytime,clear
c3fd9aad-7e464a06.jpg,F:\xlw\bdd100k_final\images\100k\val\c3fd9aad-7e464a06.jpg,val,snowy,daytime,snow
c3fdd07a-6a106ecd.jpg,F:\xlw\bdd100k_final\images\100k\val\c3fdd07a-6a106ecd.jpg,val,overcast,daytime,clear
c3fdd07a-70b28379.jpg,F:\xlw\bdd100k_final\images\100k\val\c3fdd07a-70b28379.jpg,val,overcast,daytime,clear
c400a0e1-c137168b.jpg,F:\xlw\bdd100k_final\images\100k\val\c400a0e1-c137168b.jpg,val,clear,daytime,clear
c4016527-4a26d292.jpg,F:\xlw\bdd100k_final\images\100k\val\c4016527-4a26d292.jpg,val,clear,night,night
c4031040-488a6ce0.jpg,F:\xlw\bdd100k_final\images\100k\val\c4031040-488a6ce0.jpg,val,clear,daytime,clear
c4031040-73e296bc.jpg,F:\xlw\bdd100k_final\images\100k\val\c4031040-73e296bc.jpg,val,clear,daytime,clear
c4031040-ec530889.jpg,F:\xlw\bdd100k_final\images\100k\val\c4031040-ec530889.jpg,val,clear,daytime,clear
c403ebf2-97af9f88.jpg,F:\xlw\bdd100k_final\images\100k\val\c403ebf2-97af9f88.jpg,val,overcast,daytime,clear
c404818a-ac56c4e1.jpg,F:\xlw\bdd100k_final\images\100k\val\c404818a-ac56c4e1.jpg,val,partly cloudy,daytime,clear
c4057c0c-000a6aaf.jpg,F:\xlw\bdd100k_final\images\100k\val\c4057c0c-000a6aaf.jpg,val,clear,daytime,clear
c4057c0c-a47d8dba.jpg,F:\xlw\bdd100k_final\images\100k\val\c4057c0c-a47d8dba.jpg,val,clear,daytime,clear
c405a5e6-c5687e69.jpg,F:\xlw\bdd100k_final\images\100k\val\c405a5e6-c5687e69.jpg,val,overcast,daytime,clear
c4097a21-ed514c08.jpg,F:\xlw\bdd100k_final\images\100k\val\c4097a21-ed514c08.jpg,val,snowy,daytime,snow
c40a2c98-3709f786.jpg,F:\xlw\bdd100k_final\images\100k\val\c40a2c98-3709f786.jpg,val,clear,night,night
c40de985-fb2512f0.jpg,F:\xlw\bdd100k_final\images\100k\val\c40de985-fb2512f0.jpg,val,snowy,daytime,snow
c411687d-24c5fb83.jpg,F:\xlw\bdd100k_final\images\100k\val\c411687d-24c5fb83.jpg,val,overcast,daytime,clear
c411687d-73471431.jpg,F:\xlw\bdd100k_final\images\100k\val\c411687d-73471431.jpg,val,overcast,daytime,clear
c41203a6-e4b059c0.jpg,F:\xlw\bdd100k_final\images\100k\val\c41203a6-e4b059c0.jpg,val,partly cloudy,daytime,clear
c41203a6-f2bee3f0.jpg,F:\xlw\bdd100k_final\images\100k\val\c41203a6-f2bee3f0.jpg,val,clear,daytime,clear
c4130097-887da34f.jpg,F:\xlw\bdd100k_final\images\100k\val\c4130097-887da34f.jpg,val,overcast,daytime,clear
c41358e5-e74b4a5b.jpg,F:\xlw\bdd100k_final\images\100k\val\c41358e5-e74b4a5b.jpg,val,clear,daytime,clear
c414ea72-128822b2.jpg,F:\xlw\bdd100k_final\images\100k\val\c414ea72-128822b2.jpg,val,clear,daytime,clear
c4155f73-01f813b2.jpg,F:\xlw\bdd100k_final\images\100k\val\c4155f73-01f813b2.jpg,val,overcast,daytime,clear
c41585dc-6fe06ca1.jpg,F:\xlw\bdd100k_final\images\100k\val\c41585dc-6fe06ca1.jpg,val,overcast,daytime,clear
c415a08c-50060410.jpg,F:\xlw\bdd100k_final\images\100k\val\c415a08c-50060410.jpg,val,clear,daytime,clear
c415a08c-a6cb455e.jpg,F:\xlw\bdd100k_final\images\100k\val\c415a08c-a6cb455e.jpg,val,clear,daytime,clear
c415a08c-d4f4488e.jpg,F:\xlw\bdd100k_final\images\100k\val\c415a08c-d4f4488e.jpg,val,clear,daytime,clear
c4160d08-c506293d.jpg,F:\xlw\bdd100k_final\images\100k\val\c4160d08-c506293d.jpg,val,overcast,daytime,clear
c4171655-424bc10e.jpg,F:\xlw\bdd100k_final\images\100k\val\c4171655-424bc10e.jpg,val,rainy,daytime,rain
c417a291-6a4ed4c9.jpg,F:\xlw\bdd100k_final\images\100k\val\c417a291-6a4ed4c9.jpg,val,overcast,daytime,clear
c417a291-7ea03054.jpg,F:\xlw\bdd100k_final\images\100k\val\c417a291-7ea03054.jpg,val,overcast,daytime,clear
c41826e3-9e581f79.jpg,F:\xlw\bdd100k_final\images\100k\val\c41826e3-9e581f79.jpg,val,overcast,daytime,clear
c4192610-f46ed7cc.jpg,F:\xlw\bdd100k_final\images\100k\val\c4192610-f46ed7cc.jpg,val,clear,night,night
c41b6f56-ac54b332.jpg,F:\xlw\bdd100k_final\images\100k\val\c41b6f56-ac54b332.jpg,val,clear,night,night
c41c4557-ca6aea38.jpg,F:\xlw\bdd100k_final\images\100k\val\c41c4557-ca6aea38.jpg,val,rainy,daytime,rain
c41c4557-f9e2022e.jpg,F:\xlw\bdd100k_final\images\100k\val\c41c4557-f9e2022e.jpg,val,overcast,daytime,clear
c41d22bb-080065ca.jpg,F:\xlw\bdd100k_final\images\100k\val\c41d22bb-080065ca.jpg,val,clear,night,night
c420873f-28164388.jpg,F:\xlw\bdd100k_final\images\100k\val\c420873f-28164388.jpg,val,clear,night,night
c420873f-c5ec4d87.jpg,F:\xlw\bdd100k_final\images\100k\val\c420873f-c5ec4d87.jpg,val,clear,night,night
c420e95a-f7f8eacd.jpg,F:\xlw\bdd100k_final\images\100k\val\c420e95a-f7f8eacd.jpg,val,snowy,daytime,snow
c4223cc0-82c4be3e.jpg,F:\xlw\bdd100k_final\images\100k\val\c4223cc0-82c4be3e.jpg,val,overcast,daytime,clear
c422771c-1619481d.jpg,F:\xlw\bdd100k_final\images\100k\val\c422771c-1619481d.jpg,val,clear,daytime,clear
c425e76b-198b3cc5.jpg,F:\xlw\bdd100k_final\images\100k\val\c425e76b-198b3cc5.jpg,val,overcast,daytime,clear
c425e76b-ef2256e0.jpg,F:\xlw\bdd100k_final\images\100k\val\c425e76b-ef2256e0.jpg,val,clear,daytime,clear
c426d85e-62e3c585.jpg,F:\xlw\bdd100k_final\images\100k\val\c426d85e-62e3c585.jpg,val,clear,night,night
c426ec74-d878b23e.jpg,F:\xlw\bdd100k_final\images\100k\val\c426ec74-d878b23e.jpg,val,clear,night,night
c427410f-07d5dfe7.jpg,F:\xlw\bdd100k_final\images\100k\val\c427410f-07d5dfe7.jpg,val,clear,daytime,clear
c427410f-aec7f6a9.jpg,F:\xlw\bdd100k_final\images\100k\val\c427410f-aec7f6a9.jpg,val,clear,daytime,clear
c428ad7c-f3bbc3a0.jpg,F:\xlw\bdd100k_final\images\100k\val\c428ad7c-f3bbc3a0.jpg,val,clear,night,night
c428e890-674ecc9d.jpg,F:\xlw\bdd100k_final\images\100k\val\c428e890-674ecc9d.jpg,val,snowy,night,night
c429f0de-01d10230.jpg,F:\xlw\bdd100k_final\images\100k\val\c429f0de-01d10230.jpg,val,clear,night,night
c42adf2b-718ec79e.jpg,F:\xlw\bdd100k_final\images\100k\val\c42adf2b-718ec79e.jpg,val,clear,night,night
c42cd95d-d4b78e2d.jpg,F:\xlw\bdd100k_final\images\100k\val\c42cd95d-d4b78e2d.jpg,val,clear,night,night
c42dd876-5f8d76fd.jpg,F:\xlw\bdd100k_final\images\100k\val\c42dd876-5f8d76fd.jpg,val,clear,daytime,clear
c42e0040-72f94280.jpg,F:\xlw\bdd100k_final\images\100k\val\c42e0040-72f94280.jpg,val,clear,night,night
c43052f6-662bb3a2.jpg,F:\xlw\bdd100k_final\images\100k\val\c43052f6-662bb3a2.jpg,val,clear,daytime,clear
c43052f6-d337ba62.jpg,F:\xlw\bdd100k_final\images\100k\val\c43052f6-d337ba62.jpg,val,clear,daytime,clear
c43052f6-d90711e9.jpg,F:\xlw\bdd100k_final\images\100k\val\c43052f6-d90711e9.jpg,val,clear,daytime,clear
c43077c9-470f06f9.jpg,F:\xlw\bdd100k_final\images\100k\val\c43077c9-470f06f9.jpg,val,clear,night,night
c4327604-039da856.jpg,F:\xlw\bdd100k_final\images\100k\val\c4327604-039da856.jpg,val,clear,night,night
c4327604-12a96366.jpg,F:\xlw\bdd100k_final\images\100k\val\c4327604-12a96366.jpg,val,clear,night,night
c4327604-30fa8196.jpg,F:\xlw\bdd100k_final\images\100k\val\c4327604-30fa8196.jpg,val,clear,night,night
c433e2aa-5ddac4bd.jpg,F:\xlw\bdd100k_final\images\100k\val\c433e2aa-5ddac4bd.jpg,val,clear,night,night
c433e2aa-77bf9219.jpg,F:\xlw\bdd100k_final\images\100k\val\c433e2aa-77bf9219.jpg,val,clear,night,night
c433e2aa-a0c604de.jpg,F:\xlw\bdd100k_final\images\100k\val\c433e2aa-a0c604de.jpg,val,clear,night,night
c434f595-753bae5b.jpg,F:\xlw\bdd100k_final\images\100k\val\c434f595-753bae5b.jpg,val,clear,night,night
c4353b9c-08eedac2.jpg,F:\xlw\bdd100k_final\images\100k\val\c4353b9c-08eedac2.jpg,val,overcast,daytime,clear
c4353b9c-9d50cbe9.jpg,F:\xlw\bdd100k_final\images\100k\val\c4353b9c-9d50cbe9.jpg,val,overcast,daytime,clear
c4353b9c-f8f56adc.jpg,F:\xlw\bdd100k_final\images\100k\val\c4353b9c-f8f56adc.jpg,val,overcast,daytime,clear
c43778b1-56af0542.jpg,F:\xlw\bdd100k_final\images\100k\val\c43778b1-56af0542.jpg,val,partly cloudy,daytime,clear
c4396376-b6de614b.jpg,F:\xlw\bdd100k_final\images\100k\val\c4396376-b6de614b.jpg,val,snowy,daytime,snow
c439e607-c03383c7.jpg,F:\xlw\bdd100k_final\images\100k\val\c439e607-c03383c7.jpg,val,clear,daytime,clear
c43a3013-05a252d3.jpg,F:\xlw\bdd100k_final\images\100k\val\c43a3013-05a252d3.jpg,val,partly cloudy,daytime,clear
c43a3013-c727b023.jpg,F:\xlw\bdd100k_final\images\100k\val\c43a3013-c727b023.jpg,val,overcast,daytime,clear
c43c290b-61f94939.jpg,F:\xlw\bdd100k_final\images\100k\val\c43c290b-61f94939.jpg,val,clear,daytime,clear
c43daa45-612283ce.jpg,F:\xlw\bdd100k_final\images\100k\val\c43daa45-612283ce.jpg,val,clear,night,night
c43df889-173cde62.jpg,F:\xlw\bdd100k_final\images\100k\val\c43df889-173cde62.jpg,val,clear,night,night
c43df889-350225a5.jpg,F:\xlw\bdd100k_final\images\100k\val\c43df889-350225a5.jpg,val,clear,night,night
c43df889-410e2643.jpg,F:\xlw\bdd100k_final\images\100k\val\c43df889-410e2643.jpg,val,clear,night,night
c43eaa20-61c1ec04.jpg,F:\xlw\bdd100k_final\images\100k\val\c43eaa20-61c1ec04.jpg,val,clear,night,night
c43eaa20-8450cd59.jpg,F:\xlw\bdd100k_final\images\100k\val\c43eaa20-8450cd59.jpg,val,clear,night,night
c43eaa20-a3a0a7e8.jpg,F:\xlw\bdd100k_final\images\100k\val\c43eaa20-a3a0a7e8.jpg,val,snowy,daytime,snow
c43eaa20-ee66c295.jpg,F:\xlw\bdd100k_final\images\100k\val\c43eaa20-ee66c295.jpg,val,clear,night,night
c43fb080-64852108.jpg,F:\xlw\bdd100k_final\images\100k\val\c43fb080-64852108.jpg,val,clear,night,night
c43fe5b8-165b2904.jpg,F:\xlw\bdd100k_final\images\100k\val\c43fe5b8-165b2904.jpg,val,partly cloudy,daytime,clear
c43fe5b8-3d3608ce.jpg,F:\xlw\bdd100k_final\images\100k\val\c43fe5b8-3d3608ce.jpg,val,partly cloudy,daytime,clear
c43fe5b8-45b12c52.jpg,F:\xlw\bdd100k_final\images\100k\val\c43fe5b8-45b12c52.jpg,val,overcast,daytime,clear
c4402b90-b65a2393.jpg,F:\xlw\bdd100k_final\images\100k\val\c4402b90-b65a2393.jpg,val,snowy,daytime,snow
c4406d9a-1864ada7.jpg,F:\xlw\bdd100k_final\images\100k\val\c4406d9a-1864ada7.jpg,val,snowy,night,night
c4436054-23e266f5.jpg,F:\xlw\bdd100k_final\images\100k\val\c4436054-23e266f5.jpg,val,overcast,daytime,clear
c4436054-c0d83d61.jpg,F:\xlw\bdd100k_final\images\100k\val\c4436054-c0d83d61.jpg,val,overcast,daytime,clear
c447f74e-64671040.jpg,F:\xlw\bdd100k_final\images\100k\val\c447f74e-64671040.jpg,val,clear,daytime,clear
c447f74e-98ec82f5.jpg,F:\xlw\bdd100k_final\images\100k\val\c447f74e-98ec82f5.jpg,val,clear,daytime,clear
c447f74e-c458f6c5.jpg,F:\xlw\bdd100k_final\images\100k\val\c447f74e-c458f6c5.jpg,val,clear,daytime,clear
c447f74e-f67bf173.jpg,F:\xlw\bdd100k_final\images\100k\val\c447f74e-f67bf173.jpg,val,clear,daytime,clear
c4480d4b-e0efbbca.jpg,F:\xlw\bdd100k_final\images\100k\val\c4480d4b-e0efbbca.jpg,val,clear,night,night
c44980af-2f8d90c4.jpg,F:\xlw\bdd100k_final\images\100k\val\c44980af-2f8d90c4.jpg,val,undefined,night,night
c44a2ecf-b5b2f533.jpg,F:\xlw\bdd100k_final\images\100k\val\c44a2ecf-b5b2f533.jpg,val,overcast,daytime,clear
c44a5b51-6bfcec78.jpg,F:\xlw\bdd100k_final\images\100k\val\c44a5b51-6bfcec78.jpg,val,clear,night,night
c44b8617-3100c413.jpg,F:\xlw\bdd100k_final\images\100k\val\c44b8617-3100c413.jpg,val,clear,night,night
c44bf71d-c073c94e.jpg,F:\xlw\bdd100k_final\images\100k\val\c44bf71d-c073c94e.jpg,val,clear,night,night
c44c7f5c-9bef0aea.jpg,F:\xlw\bdd100k_final\images\100k\val\c44c7f5c-9bef0aea.jpg,val,clear,daytime,clear
c44d8c58-1e08c667.jpg,F:\xlw\bdd100k_final\images\100k\val\c44d8c58-1e08c667.jpg,val,snowy,daytime,snow
c44d8c58-cca1e1a3.jpg,F:\xlw\bdd100k_final\images\100k\val\c44d8c58-cca1e1a3.jpg,val,snowy,daytime,snow
c44da9b8-ecd04bdd.jpg,F:\xlw\bdd100k_final\images\100k\val\c44da9b8-ecd04bdd.jpg,val,overcast,daytime,clear
c44e7068-5dafd017.jpg,F:\xlw\bdd100k_final\images\100k\val\c44e7068-5dafd017.jpg,val,snowy,daytime,snow
c44e7068-cc04270e.jpg,F:\xlw\bdd100k_final\images\100k\val\c44e7068-cc04270e.jpg,val,clear,daytime,clear
c44f673a-599eb3e3.jpg,F:\xlw\bdd100k_final\images\100k\val\c44f673a-599eb3e3.jpg,val,clear,night,night
c44f673a-a7429e84.jpg,F:\xlw\bdd100k_final\images\100k\val\c44f673a-a7429e84.jpg,val,clear,night,night
c44f673a-b4b48b84.jpg,F:\xlw\bdd100k_final\images\100k\val\c44f673a-b4b48b84.jpg,val,clear,night,night
c452e38d-db51883f.jpg,F:\xlw\bdd100k_final\images\100k\val\c452e38d-db51883f.jpg,val,overcast,daytime,clear
c4542f68-d3221fd3.jpg,F:\xlw\bdd100k_final\images\100k\val\c4542f68-d3221fd3.jpg,val,rainy,daytime,rain
c4552519-f5897060.jpg,F:\xlw\bdd100k_final\images\100k\val\c4552519-f5897060.jpg,val,clear,daytime,clear
c455b31c-12fbb7a9.jpg,F:\xlw\bdd100k_final\images\100k\val\c455b31c-12fbb7a9.jpg,val,partly cloudy,daytime,clear
c456e9c3-8a255f8c.jpg,F:\xlw\bdd100k_final\images\100k\val\c456e9c3-8a255f8c.jpg,val,clear,daytime,clear
c456e9c3-fa69d872.jpg,F:\xlw\bdd100k_final\images\100k\val\c456e9c3-fa69d872.jpg,val,overcast,daytime,clear
c456ed56-adbb1839.jpg,F:\xlw\bdd100k_final\images\100k\val\c456ed56-adbb1839.jpg,val,clear,daytime,clear
c45734da-de0f5c25.jpg,F:\xlw\bdd100k_final\images\100k\val\c45734da-de0f5c25.jpg,val,snowy,daytime,snow
c457bb30-990d6395.jpg,F:\xlw\bdd100k_final\images\100k\val\c457bb30-990d6395.jpg,val,clear,night,night
c457d18a-610011a8.jpg,F:\xlw\bdd100k_final\images\100k\val\c457d18a-610011a8.jpg,val,partly cloudy,daytime,clear
c4590261-d7081dfa.jpg,F:\xlw\bdd100k_final\images\100k\val\c4590261-d7081dfa.jpg,val,snowy,daytime,snow
c45b2e04-fb920e89.jpg,F:\xlw\bdd100k_final\images\100k\val\c45b2e04-fb920e89.jpg,val,clear,night,night
c45cf21f-c11847dd.jpg,F:\xlw\bdd100k_final\images\100k\val\c45cf21f-c11847dd.jpg,val,clear,night,night
c45d3e0a-75c44167.jpg,F:\xlw\bdd100k_final\images\100k\val\c45d3e0a-75c44167.jpg,val,overcast,daytime,clear
c45d3e0a-93a52b80.jpg,F:\xlw\bdd100k_final\images\100k\val\c45d3e0a-93a52b80.jpg,val,overcast,daytime,clear
c45d3e0a-b26d5167.jpg,F:\xlw\bdd100k_final\images\100k\val\c45d3e0a-b26d5167.jpg,val,overcast,daytime,clear
c45e9809-f95fd1e2.jpg,F:\xlw\bdd100k_final\images\100k\val\c45e9809-f95fd1e2.jpg,val,overcast,daytime,clear
c45fbe22-61885df3.jpg,F:\xlw\bdd100k_final\images\100k\val\c45fbe22-61885df3.jpg,val,overcast,daytime,clear
c45fbe22-66a2e8da.jpg,F:\xlw\bdd100k_final\images\100k\val\c45fbe22-66a2e8da.jpg,val,overcast,daytime,clear
c45fbe22-8bcb4ef4.jpg,F:\xlw\bdd100k_final\images\100k\val\c45fbe22-8bcb4ef4.jpg,val,overcast,daytime,clear
c45fce16-113938a6.jpg,F:\xlw\bdd100k_final\images\100k\val\c45fce16-113938a6.jpg,val,clear,daytime,clear
c4605841-affd9541.jpg,F:\xlw\bdd100k_final\images\100k\val\c4605841-affd9541.jpg,val,clear,daytime,clear
c4613fc7-919152c4.jpg,F:\xlw\bdd100k_final\images\100k\val\c4613fc7-919152c4.jpg,val,rainy,night,night
c463025d-87dab187.jpg,F:\xlw\bdd100k_final\images\100k\val\c463025d-87dab187.jpg,val,clear,night,night
c464c963-0279dcc0.jpg,F:\xlw\bdd100k_final\images\100k\val\c464c963-0279dcc0.jpg,val,snowy,daytime,snow
c464c963-5ac10424.jpg,F:\xlw\bdd100k_final\images\100k\val\c464c963-5ac10424.jpg,val,snowy,daytime,snow
c464c963-74458fbb.jpg,F:\xlw\bdd100k_final\images\100k\val\c464c963-74458fbb.jpg,val,snowy,daytime,snow
c464c963-a377ab36.jpg,F:\xlw\bdd100k_final\images\100k\val\c464c963-a377ab36.jpg,val,clear,daytime,clear
c464c963-fbf300ba.jpg,F:\xlw\bdd100k_final\images\100k\val\c464c963-fbf300ba.jpg,val,snowy,daytime,snow
c46b6439-379167c1.jpg,F:\xlw\bdd100k_final\images\100k\val\c46b6439-379167c1.jpg,val,clear,night,night
c46b71ac-2c83a68e.jpg,F:\xlw\bdd100k_final\images\100k\val\c46b71ac-2c83a68e.jpg,val,clear,night,night
c46c8375-20bbe925.jpg,F:\xlw\bdd100k_final\images\100k\val\c46c8375-20bbe925.jpg,val,partly cloudy,daytime,clear
c46c8375-44338121.jpg,F:\xlw\bdd100k_final\images\100k\val\c46c8375-44338121.jpg,val,partly cloudy,daytime,clear
c46c8896-0d981461.jpg,F:\xlw\bdd100k_final\images\100k\val\c46c8896-0d981461.jpg,val,clear,daytime,clear
c46f4c8a-c6c995c1.jpg,F:\xlw\bdd100k_final\images\100k\val\c46f4c8a-c6c995c1.jpg,val,clear,daytime,clear
c4725a9d-9d57ea61.jpg,F:\xlw\bdd100k_final\images\100k\val\c4725a9d-9d57ea61.jpg,val,overcast,daytime,clear
c4742900-04ad682a.jpg,F:\xlw\bdd100k_final\images\100k\val\c4742900-04ad682a.jpg,val,clear,night,night
c4742900-1afc30eb.jpg,F:\xlw\bdd100k_final\images\100k\val\c4742900-1afc30eb.jpg,val,clear,night,night
c4742900-204ffa13.jpg,F:\xlw\bdd100k_final\images\100k\val\c4742900-204ffa13.jpg,val,clear,night,night
c4742900-2311398c.jpg,F:\xlw\bdd100k_final\images\100k\val\c4742900-2311398c.jpg,val,clear,night,night
c4742900-38974bfd.jpg,F:\xlw\bdd100k_final\images\100k\val\c4742900-38974bfd.jpg,val,clear,night,night
c4742900-539e74f4.jpg,F:\xlw\bdd100k_final\images\100k\val\c4742900-539e74f4.jpg,val,clear,night,night
c4742900-5af296e0.jpg,F:\xlw\bdd100k_final\images\100k\val\c4742900-5af296e0.jpg,val,undefined,night,night
c4742900-5be69e5b.jpg,F:\xlw\bdd100k_final\images\100k\val\c4742900-5be69e5b.jpg,val,clear,night,night
c4742900-81aa45ae.jpg,F:\xlw\bdd100k_final\images\100k\val\c4742900-81aa45ae.jpg,val,clear,night,night
c4742900-8900110c.jpg,F:\xlw\bdd100k_final\images\100k\val\c4742900-8900110c.jpg,val,clear,daytime,clear
c4742900-a38a2d85.jpg,F:\xlw\bdd100k_final\images\100k\val\c4742900-a38a2d85.jpg,val,clear,night,night
c4742900-c0e2297d.jpg,F:\xlw\bdd100k_final\images\100k\val\c4742900-c0e2297d.jpg,val,clear,night,night
c4742900-d24c4260.jpg,F:\xlw\bdd100k_final\images\100k\val\c4742900-d24c4260.jpg,val,clear,night,night
c4742900-d3fdcb6c.jpg,F:\xlw\bdd100k_final\images\100k\val\c4742900-d3fdcb6c.jpg,val,clear,night,night
c4756fa2-027007f8.jpg,F:\xlw\bdd100k_final\images\100k\val\c4756fa2-027007f8.jpg,val,clear,night,night
c4770a97-1393ce84.jpg,F:\xlw\bdd100k_final\images\100k\val\c4770a97-1393ce84.jpg,val,clear,night,night
c4770a97-d8a26f8c.jpg,F:\xlw\bdd100k_final\images\100k\val\c4770a97-d8a26f8c.jpg,val,clear,night,night
c4770a97-fb46c2d8.jpg,F:\xlw\bdd100k_final\images\100k\val\c4770a97-fb46c2d8.jpg,val,clear,night,night
c477c67b-6eb95776.jpg,F:\xlw\bdd100k_final\images\100k\val\c477c67b-6eb95776.jpg,val,rainy,daytime,rain
c479fb68-0060cade.jpg,F:\xlw\bdd100k_final\images\100k\val\c479fb68-0060cade.jpg,val,snowy,daytime,snow
c479fb68-c67705cd.jpg,F:\xlw\bdd100k_final\images\100k\val\c479fb68-c67705cd.jpg,val,snowy,daytime,snow
c47d2355-85330657.jpg,F:\xlw\bdd100k_final\images\100k\val\c47d2355-85330657.jpg,val,clear,night,night
c47d2355-e6ac67d5.jpg,F:\xlw\bdd100k_final\images\100k\val\c47d2355-e6ac67d5.jpg,val,clear,night,night
c47d8d11-30ed3058.jpg,F:\xlw\bdd100k_final\images\100k\val\c47d8d11-30ed3058.jpg,val,overcast,daytime,clear
c47f850b-97816a73.jpg,F:\xlw\bdd100k_final\images\100k\val\c47f850b-97816a73.jpg,val,clear,daytime,clear
c47fb4ff-92db68d6.jpg,F:\xlw\bdd100k_final\images\100k\val\c47fb4ff-92db68d6.jpg,val,clear,daytime,clear
c4816131-7251b67e.jpg,F:\xlw\bdd100k_final\images\100k\val\c4816131-7251b67e.jpg,val,clear,daytime,clear
c48569ef-c99d8f9e.jpg,F:\xlw\bdd100k_final\images\100k\val\c48569ef-c99d8f9e.jpg,val,clear,daytime,clear
c4857d94-0f462d91.jpg,F:\xlw\bdd100k_final\images\100k\val\c4857d94-0f462d91.jpg,val,clear,night,night
c485d97d-e833c4a1.jpg,F:\xlw\bdd100k_final\images\100k\val\c485d97d-e833c4a1.jpg,val,clear,daytime,clear
c486bf3b-6bcde09a.jpg,F:\xlw\bdd100k_final\images\100k\val\c486bf3b-6bcde09a.jpg,val,clear,night,night
c487edf6-0cbf1727.jpg,F:\xlw\bdd100k_final\images\100k\val\c487edf6-0cbf1727.jpg,val,overcast,daytime,clear
c488f6a3-cffdf85a.jpg,F:\xlw\bdd100k_final\images\100k\val\c488f6a3-cffdf85a.jpg,val,overcast,daytime,clear
c48ba79f-920445ac.jpg,F:\xlw\bdd100k_final\images\100k\val\c48ba79f-920445ac.jpg,val,clear,night,night
c48ba79f-a2bf2dcf.jpg,F:\xlw\bdd100k_final\images\100k\val\c48ba79f-a2bf2dcf.jpg,val,clear,night,night
c48ba79f-d11f6d9b.jpg,F:\xlw\bdd100k_final\images\100k\val\c48ba79f-d11f6d9b.jpg,val,clear,night,night
c48ba79f-d8e0bf32.jpg,F:\xlw\bdd100k_final\images\100k\val\c48ba79f-d8e0bf32.jpg,val,overcast,daytime,clear
c48bcc55-8b6f35e1.jpg,F:\xlw\bdd100k_final\images\100k\val\c48bcc55-8b6f35e1.jpg,val,overcast,daytime,clear
c48bcc55-fb68d6b7.jpg,F:\xlw\bdd100k_final\images\100k\val\c48bcc55-fb68d6b7.jpg,val,overcast,daytime,clear
c48cfadb-09901ed4.jpg,F:\xlw\bdd100k_final\images\100k\val\c48cfadb-09901ed4.jpg,val,overcast,daytime,clear
c48cfadb-fcbdaa65.jpg,F:\xlw\bdd100k_final\images\100k\val\c48cfadb-fcbdaa65.jpg,val,partly cloudy,daytime,clear
c48db695-5c28a6a5.jpg,F:\xlw\bdd100k_final\images\100k\val\c48db695-5c28a6a5.jpg,val,clear,night,night
c48e9b2e-0edd0832.jpg,F:\xlw\bdd100k_final\images\100k\val\c48e9b2e-0edd0832.jpg,val,clear,night,night
c48f5464-2b6fcad2.jpg,F:\xlw\bdd100k_final\images\100k\val\c48f5464-2b6fcad2.jpg,val,overcast,daytime,clear
c48f5464-73d132a1.jpg,F:\xlw\bdd100k_final\images\100k\val\c48f5464-73d132a1.jpg,val,overcast,daytime,clear
c48f5464-fde5983e.jpg,F:\xlw\bdd100k_final\images\100k\val\c48f5464-fde5983e.jpg,val,clear,daytime,clear
c4910419-e8cf2965.jpg,F:\xlw\bdd100k_final\images\100k\val\c4910419-e8cf2965.jpg,val,rainy,daytime,rain
c492bb89-922226bb.jpg,F:\xlw\bdd100k_final\images\100k\val\c492bb89-922226bb.jpg,val,overcast,daytime,clear
c492bb89-abf09ef4.jpg,F:\xlw\bdd100k_final\images\100k\val\c492bb89-abf09ef4.jpg,val,overcast,daytime,clear
c492c534-2d7821c2.jpg,F:\xlw\bdd100k_final\images\100k\val\c492c534-2d7821c2.jpg,val,clear,daytime,clear
c49c1308-4ef95803.jpg,F:\xlw\bdd100k_final\images\100k\val\c49c1308-4ef95803.jpg,val,rainy,daytime,rain
c49c1308-71384f70.jpg,F:\xlw\bdd100k_final\images\100k\val\c49c1308-71384f70.jpg,val,rainy,daytime,rain
c49c8353-30d3e9f2.jpg,F:\xlw\bdd100k_final\images\100k\val\c49c8353-30d3e9f2.jpg,val,clear,night,night
c49c8353-4adf80d2.jpg,F:\xlw\bdd100k_final\images\100k\val\c49c8353-4adf80d2.jpg,val,clear,night,night
c49c8353-6d4b36f5.jpg,F:\xlw\bdd100k_final\images\100k\val\c49c8353-6d4b36f5.jpg,val,clear,night,night
c49c8353-71549f83.jpg,F:\xlw\bdd100k_final\images\100k\val\c49c8353-71549f83.jpg,val,clear,night,night
c49c8353-82bc1d4d.jpg,F:\xlw\bdd100k_final\images\100k\val\c49c8353-82bc1d4d.jpg,val,clear,night,night
c49c8353-85ca8693.jpg,F:\xlw\bdd100k_final\images\100k\val\c49c8353-85ca8693.jpg,val,clear,night,night
c49c8353-8a2e64e2.jpg,F:\xlw\bdd100k_final\images\100k\val\c49c8353-8a2e64e2.jpg,val,clear,night,night
c49c8353-e4d8763a.jpg,F:\xlw\bdd100k_final\images\100k\val\c49c8353-e4d8763a.jpg,val,clear,night,night
c49c8353-ec5d3b29.jpg,F:\xlw\bdd100k_final\images\100k\val\c49c8353-ec5d3b29.jpg,val,clear,night,night
c49c8353-f56b7e30.jpg,F:\xlw\bdd100k_final\images\100k\val\c49c8353-f56b7e30.jpg,val,clear,night,night
c49c8353-fe2f3304.jpg,F:\xlw\bdd100k_final\images\100k\val\c49c8353-fe2f3304.jpg,val,clear,night,night
c49d39a3-738d6240.jpg,F:\xlw\bdd100k_final\images\100k\val\c49d39a3-738d6240.jpg,val,clear,night,night
c49d39a3-9064a5ae.jpg,F:\xlw\bdd100k_final\images\100k\val\c49d39a3-9064a5ae.jpg,val,clear,night,night
c49e96b9-24ec6193.jpg,F:\xlw\bdd100k_final\images\100k\val\c49e96b9-24ec6193.jpg,val,overcast,daytime,clear
c49f9073-3657ccaf.jpg,F:\xlw\bdd100k_final\images\100k\val\c49f9073-3657ccaf.jpg,val,clear,night,night
c49fdce8-68545005.jpg,F:\xlw\bdd100k_final\images\100k\val\c49fdce8-68545005.jpg,val,clear,night,night
c4a06183-4a42e1b9.jpg,F:\xlw\bdd100k_final\images\100k\val\c4a06183-4a42e1b9.jpg,val,overcast,daytime,clear
c4a06183-898ad98d.jpg,F:\xlw\bdd100k_final\images\100k\val\c4a06183-898ad98d.jpg,val,overcast,daytime,clear
c4a078bd-8e5b3732.jpg,F:\xlw\bdd100k_final\images\100k\val\c4a078bd-8e5b3732.jpg,val,rainy,night,night
c4a1065b-ec1e76ba.jpg,F:\xlw\bdd100k_final\images\100k\val\c4a1065b-ec1e76ba.jpg,val,clear,daytime,clear
c4a19ba6-0d09788f.jpg,F:\xlw\bdd100k_final\images\100k\val\c4a19ba6-0d09788f.jpg,val,clear,daytime,clear
c4a19ba6-e17be5d5.jpg,F:\xlw\bdd100k_final\images\100k\val\c4a19ba6-e17be5d5.jpg,val,clear,daytime,clear
c4a19ba6-e706bdc2.jpg,F:\xlw\bdd100k_final\images\100k\val\c4a19ba6-e706bdc2.jpg,val,clear,daytime,clear
c4a19ba6-fa93d45f.jpg,F:\xlw\bdd100k_final\images\100k\val\c4a19ba6-fa93d45f.jpg,val,clear,daytime,clear
c4a2accd-bd3e878a.jpg,F:\xlw\bdd100k_final\images\100k\val\c4a2accd-bd3e878a.jpg,val,snowy,daytime,snow
c4a4ccdc-9c4aeeeb.jpg,F:\xlw\bdd100k_final\images\100k\val\c4a4ccdc-9c4aeeeb.jpg,val,overcast,daytime,clear
c4a6774c-144a01d6.jpg,F:\xlw\bdd100k_final\images\100k\val\c4a6774c-144a01d6.jpg,val,clear,daytime,clear
c4a6774c-753a089b.jpg,F:\xlw\bdd100k_final\images\100k\val\c4a6774c-753a089b.jpg,val,clear,daytime,clear
c4a6774c-ffc10e46.jpg,F:\xlw\bdd100k_final\images\100k\val\c4a6774c-ffc10e46.jpg,val,snowy,daytime,snow
c4a6cc43-f689c9f1.jpg,F:\xlw\bdd100k_final\images\100k\val\c4a6cc43-f689c9f1.jpg,val,clear,daytime,clear
c4a6feae-63c06b39.jpg,F:\xlw\bdd100k_final\images\100k\val\c4a6feae-63c06b39.jpg,val,clear,night,night
c4a90af7-02583942.jpg,F:\xlw\bdd100k_final\images\100k\val\c4a90af7-02583942.jpg,val,rainy,night,night
c4a9c191-20e1a3c3.jpg,F:\xlw\bdd100k_final\images\100k\val\c4a9c191-20e1a3c3.jpg,val,clear,daytime,clear
c4a9c6f0-f18e20e1.jpg,F:\xlw\bdd100k_final\images\100k\val\c4a9c6f0-f18e20e1.jpg,val,clear,night,night
c4aa9a10-9e10483d.jpg,F:\xlw\bdd100k_final\images\100k\val\c4aa9a10-9e10483d.jpg,val,clear,daytime,clear
c4aac9d9-47b01027.jpg,F:\xlw\bdd100k_final\images\100k\val\c4aac9d9-47b01027.jpg,val,clear,night,night
c4ab81ac-4bd1c081.jpg,F:\xlw\bdd100k_final\images\100k\val\c4ab81ac-4bd1c081.jpg,val,snowy,daytime,snow
c4accb9c-58311122.jpg,F:\xlw\bdd100k_final\images\100k\val\c4accb9c-58311122.jpg,val,partly cloudy,daytime,clear
c4ad8036-ee20aaf7.jpg,F:\xlw\bdd100k_final\images\100k\val\c4ad8036-ee20aaf7.jpg,val,clear,daytime,clear
c4af195c-45288c26.jpg,F:\xlw\bdd100k_final\images\100k\val\c4af195c-45288c26.jpg,val,clear,night,night
c4af4030-d3b1831d.jpg,F:\xlw\bdd100k_final\images\100k\val\c4af4030-d3b1831d.jpg,val,clear,night,night
c4b0ddd7-e8973c8f.jpg,F:\xlw\bdd100k_final\images\100k\val\c4b0ddd7-e8973c8f.jpg,val,overcast,daytime,clear
c4b3ab99-a4a09eeb.jpg,F:\xlw\bdd100k_final\images\100k\val\c4b3ab99-a4a09eeb.jpg,val,partly cloudy,daytime,clear
c4b3ce3d-077bb161.jpg,F:\xlw\bdd100k_final\images\100k\val\c4b3ce3d-077bb161.jpg,val,overcast,daytime,clear
c4b3ce3d-2e77b39d.jpg,F:\xlw\bdd100k_final\images\100k\val\c4b3ce3d-2e77b39d.jpg,val,overcast,daytime,clear
c4b3ce3d-42ddd6a3.jpg,F:\xlw\bdd100k_final\images\100k\val\c4b3ce3d-42ddd6a3.jpg,val,overcast,daytime,clear
c4b3ce3d-6e999bfc.jpg,F:\xlw\bdd100k_final\images\100k\val\c4b3ce3d-6e999bfc.jpg,val,overcast,daytime,clear
c4b3ce3d-8b344a2f.jpg,F:\xlw\bdd100k_final\images\100k\val\c4b3ce3d-8b344a2f.jpg,val,overcast,daytime,clear
c4b3ce3d-cdc056ce.jpg,F:\xlw\bdd100k_final\images\100k\val\c4b3ce3d-cdc056ce.jpg,val,overcast,daytime,clear
c4b610ae-4b915923.jpg,F:\xlw\bdd100k_final\images\100k\val\c4b610ae-4b915923.jpg,val,clear,night,night
c4b610ae-bc6dc0c9.jpg,F:\xlw\bdd100k_final\images\100k\val\c4b610ae-bc6dc0c9.jpg,val,clear,night,night
c4b610ae-f75d91a9.jpg,F:\xlw\bdd100k_final\images\100k\val\c4b610ae-f75d91a9.jpg,val,rainy,daytime,rain
c4b77809-63fd577c.jpg,F:\xlw\bdd100k_final\images\100k\val\c4b77809-63fd577c.jpg,val,rainy,daytime,rain
c4b8d344-dcbbc041.jpg,F:\xlw\bdd100k_final\images\100k\val\c4b8d344-dcbbc041.jpg,val,partly cloudy,daytime,clear
c4b90e82-0a023704.jpg,F:\xlw\bdd100k_final\images\100k\val\c4b90e82-0a023704.jpg,val,overcast,daytime,clear
c4bc3dee-58920c9c.jpg,F:\xlw\bdd100k_final\images\100k\val\c4bc3dee-58920c9c.jpg,val,clear,daytime,clear
c4bfc4c7-98ed20f8.jpg,F:\xlw\bdd100k_final\images\100k\val\c4bfc4c7-98ed20f8.jpg,val,clear,daytime,clear
c4c35028-acf2331c.jpg,F:\xlw\bdd100k_final\images\100k\val\c4c35028-acf2331c.jpg,val,clear,night,night
c4c4b88a-d1a38d2f.jpg,F:\xlw\bdd100k_final\images\100k\val\c4c4b88a-d1a38d2f.jpg,val,partly cloudy,daytime,clear
c4c4db55-82c87232.jpg,F:\xlw\bdd100k_final\images\100k\val\c4c4db55-82c87232.jpg,val,clear,daytime,clear
c4c5ba90-bb1f87c2.jpg,F:\xlw\bdd100k_final\images\100k\val\c4c5ba90-bb1f87c2.jpg,val,rainy,daytime,rain
c4c5f66a-a1df8079.jpg,F:\xlw\bdd100k_final\images\100k\val\c4c5f66a-a1df8079.jpg,val,clear,night,night
c4c60257-a432f6b0.jpg,F:\xlw\bdd100k_final\images\100k\val\c4c60257-a432f6b0.jpg,val,partly cloudy,daytime,clear
c4c62e31-64421eb6.jpg,F:\xlw\bdd100k_final\images\100k\val\c4c62e31-64421eb6.jpg,val,overcast,daytime,clear
c4c7fdec-4f505413.jpg,F:\xlw\bdd100k_final\images\100k\val\c4c7fdec-4f505413.jpg,val,overcast,daytime,clear
c4c7fdec-ec322a67.jpg,F:\xlw\bdd100k_final\images\100k\val\c4c7fdec-ec322a67.jpg,val,clear,daytime,clear
c4cb6f64-283904da.jpg,F:\xlw\bdd100k_final\images\100k\val\c4cb6f64-283904da.jpg,val,rainy,night,night
c4cc2bbd-a4913bdf.jpg,F:\xlw\bdd100k_final\images\100k\val\c4cc2bbd-a4913bdf.jpg,val,clear,night,night
c4ccd765-48590402.jpg,F:\xlw\bdd100k_final\images\100k\val\c4ccd765-48590402.jpg,val,clear,night,night
c4ccffb1-e4215665.jpg,F:\xlw\bdd100k_final\images\100k\val\c4ccffb1-e4215665.jpg,val,clear,night,night
c4ccffb1-e53dc8ca.jpg,F:\xlw\bdd100k_final\images\100k\val\c4ccffb1-e53dc8ca.jpg,val,clear,night,night
c4cd1f3d-ff8db980.jpg,F:\xlw\bdd100k_final\images\100k\val\c4cd1f3d-ff8db980.jpg,val,clear,daytime,clear
c4cebcf0-c8c73eb8.jpg,F:\xlw\bdd100k_final\images\100k\val\c4cebcf0-c8c73eb8.jpg,val,overcast,daytime,clear
c4cf4c32-e9845a14.jpg,F:\xlw\bdd100k_final\images\100k\val\c4cf4c32-e9845a14.jpg,val,partly cloudy,daytime,clear
c4d023f4-27b83fe1.jpg,F:\xlw\bdd100k_final\images\100k\val\c4d023f4-27b83fe1.jpg,val,clear,night,night
c4d1be5c-f868e120.jpg,F:\xlw\bdd100k_final\images\100k\val\c4d1be5c-f868e120.jpg,val,clear,night,night
c4d25f00-158d0757.jpg,F:\xlw\bdd100k_final\images\100k\val\c4d25f00-158d0757.jpg,val,clear,night,night
c4d25f00-3b1d8669.jpg,F:\xlw\bdd100k_final\images\100k\val\c4d25f00-3b1d8669.jpg,val,clear,night,night
c4d25f00-b6658057.jpg,F:\xlw\bdd100k_final\images\100k\val\c4d25f00-b6658057.jpg,val,clear,night,night
c4d58b70-d6d1bc1b.jpg,F:\xlw\bdd100k_final\images\100k\val\c4d58b70-d6d1bc1b.jpg,val,rainy,night,night
c4d7185b-6c141918.jpg,F:\xlw\bdd100k_final\images\100k\val\c4d7185b-6c141918.jpg,val,clear,night,night
c4d83625-8af1c66e.jpg,F:\xlw\bdd100k_final\images\100k\val\c4d83625-8af1c66e.jpg,val,clear,daytime,clear
c4d8d2c5-4b12f422.jpg,F:\xlw\bdd100k_final\images\100k\val\c4d8d2c5-4b12f422.jpg,val,overcast,daytime,clear
c4da6b04-56ce6c06.jpg,F:\xlw\bdd100k_final\images\100k\val\c4da6b04-56ce6c06.jpg,val,overcast,daytime,clear
c4dab4e2-6c4805a2.jpg,F:\xlw\bdd100k_final\images\100k\val\c4dab4e2-6c4805a2.jpg,val,clear,night,night
c4db746c-5428658b.jpg,F:\xlw\bdd100k_final\images\100k\val\c4db746c-5428658b.jpg,val,clear,night,night
c4dbd719-1d98586e.jpg,F:\xlw\bdd100k_final\images\100k\val\c4dbd719-1d98586e.jpg,val,undefined,night,night
c4dbd719-26df8369.jpg,F:\xlw\bdd100k_final\images\100k\val\c4dbd719-26df8369.jpg,val,partly cloudy,daytime,clear
c4dbd719-db521513.jpg,F:\xlw\bdd100k_final\images\100k\val\c4dbd719-db521513.jpg,val,partly cloudy,daytime,clear
c4dcbfde-47aff5b9.jpg,F:\xlw\bdd100k_final\images\100k\val\c4dcbfde-47aff5b9.jpg,val,overcast,daytime,clear
c4de6fe5-90dc8799.jpg,F:\xlw\bdd100k_final\images\100k\val\c4de6fe5-90dc8799.jpg,val,clear,daytime,clear
c4e00603-9f2734d0.jpg,F:\xlw\bdd100k_final\images\100k\val\c4e00603-9f2734d0.jpg,val,clear,night,night
c4e2eba0-f32cc5b6.jpg,F:\xlw\bdd100k_final\images\100k\val\c4e2eba0-f32cc5b6.jpg,val,clear,night,night
c4e3cf95-4f803484.jpg,F:\xlw\bdd100k_final\images\100k\val\c4e3cf95-4f803484.jpg,val,clear,daytime,clear
c4e3cf95-ceb5651a.jpg,F:\xlw\bdd100k_final\images\100k\val\c4e3cf95-ceb5651a.jpg,val,clear,daytime,clear
c4e55051-2f5623da.jpg,F:\xlw\bdd100k_final\images\100k\val\c4e55051-2f5623da.jpg,val,clear,daytime,clear
c4e55051-bda84aa3.jpg,F:\xlw\bdd100k_final\images\100k\val\c4e55051-bda84aa3.jpg,val,clear,daytime,clear
c4e5de4b-35f6a1b1.jpg,F:\xlw\bdd100k_final\images\100k\val\c4e5de4b-35f6a1b1.jpg,val,clear,night,night
c4e8705f-39bf4a26.jpg,F:\xlw\bdd100k_final\images\100k\val\c4e8705f-39bf4a26.jpg,val,clear,night,night
c4e92086-e0ea5438.jpg,F:\xlw\bdd100k_final\images\100k\val\c4e92086-e0ea5438.jpg,val,clear,night,night
c4e92086-e1b8324f.jpg,F:\xlw\bdd100k_final\images\100k\val\c4e92086-e1b8324f.jpg,val,overcast,daytime,clear
c4e926af-43c5f8d3.jpg,F:\xlw\bdd100k_final\images\100k\val\c4e926af-43c5f8d3.jpg,val,partly cloudy,daytime,clear
c4e926af-54c0d842.jpg,F:\xlw\bdd100k_final\images\100k\val\c4e926af-54c0d842.jpg,val,clear,daytime,clear
c4e926af-bb5132fd.jpg,F:\xlw\bdd100k_final\images\100k\val\c4e926af-bb5132fd.jpg,val,clear,daytime,clear
c4e96efa-73bd2e38.jpg,F:\xlw\bdd100k_final\images\100k\val\c4e96efa-73bd2e38.jpg,val,rainy,daytime,rain
c4e96efa-94aad2be.jpg,F:\xlw\bdd100k_final\images\100k\val\c4e96efa-94aad2be.jpg,val,rainy,daytime,rain
c4e96efa-cbe1be6a.jpg,F:\xlw\bdd100k_final\images\100k\val\c4e96efa-cbe1be6a.jpg,val,rainy,daytime,rain
c4e96efa-ea5f524b.jpg,F:\xlw\bdd100k_final\images\100k\val\c4e96efa-ea5f524b.jpg,val,rainy,daytime,rain
c4e97226-7be7eef5.jpg,F:\xlw\bdd100k_final\images\100k\val\c4e97226-7be7eef5.jpg,val,overcast,daytime,clear
c4eb5462-4d947240.jpg,F:\xlw\bdd100k_final\images\100k\val\c4eb5462-4d947240.jpg,val,clear,daytime,clear
c4eb5462-657f5921.jpg,F:\xlw\bdd100k_final\images\100k\val\c4eb5462-657f5921.jpg,val,clear,daytime,clear
c4eb5462-c917fefd.jpg,F:\xlw\bdd100k_final\images\100k\val\c4eb5462-c917fefd.jpg,val,clear,daytime,clear
c4eb5462-ebd248b7.jpg,F:\xlw\bdd100k_final\images\100k\val\c4eb5462-ebd248b7.jpg,val,clear,daytime,clear
c4eb5462-f87b7afc.jpg,F:\xlw\bdd100k_final\images\100k\val\c4eb5462-f87b7afc.jpg,val,clear,daytime,clear
c4eb680f-4fdac155.jpg,F:\xlw\bdd100k_final\images\100k\val\c4eb680f-4fdac155.jpg,val,partly cloudy,daytime,clear
c4eb680f-5b3f5675.jpg,F:\xlw\bdd100k_final\images\100k\val\c4eb680f-5b3f5675.jpg,val,overcast,daytime,clear
c4eb96a1-92fb9d6f.jpg,F:\xlw\bdd100k_final\images\100k\val\c4eb96a1-92fb9d6f.jpg,val,snowy,daytime,snow
c4ee0cc4-b7af9602.jpg,F:\xlw\bdd100k_final\images\100k\val\c4ee0cc4-b7af9602.jpg,val,snowy,night,night
c4ef83b2-696779d1.jpg,F:\xlw\bdd100k_final\images\100k\val\c4ef83b2-696779d1.jpg,val,clear,daytime,clear
c4f59bdd-00356764.jpg,F:\xlw\bdd100k_final\images\100k\val\c4f59bdd-00356764.jpg,val,partly cloudy,daytime,clear
c4f59bdd-11bad1c6.jpg,F:\xlw\bdd100k_final\images\100k\val\c4f59bdd-11bad1c6.jpg,val,clear,daytime,clear
c4f62823-9d3f8519.jpg,F:\xlw\bdd100k_final\images\100k\val\c4f62823-9d3f8519.jpg,val,clear,daytime,clear
c4f65761-92ca62d4.jpg,F:\xlw\bdd100k_final\images\100k\val\c4f65761-92ca62d4.jpg,val,clear,daytime,clear
c4f723f1-5ba8f7ee.jpg,F:\xlw\bdd100k_final\images\100k\val\c4f723f1-5ba8f7ee.jpg,val,clear,night,night
c4f723f1-a0aab25c.jpg,F:\xlw\bdd100k_final\images\100k\val\c4f723f1-a0aab25c.jpg,val,clear,night,night
c4f723f1-babfc6fe.jpg,F:\xlw\bdd100k_final\images\100k\val\c4f723f1-babfc6fe.jpg,val,clear,night,night
c4f79b31-594adb6b.jpg,F:\xlw\bdd100k_final\images\100k\val\c4f79b31-594adb6b.jpg,val,clear,daytime,clear
c4f8633c-a33316a8.jpg,F:\xlw\bdd100k_final\images\100k\val\c4f8633c-a33316a8.jpg,val,overcast,daytime,clear
c4f993bf-3eee07b1.jpg,F:\xlw\bdd100k_final\images\100k\val\c4f993bf-3eee07b1.jpg,val,clear,night,night
c4f993bf-e6edd387.jpg,F:\xlw\bdd100k_final\images\100k\val\c4f993bf-e6edd387.jpg,val,clear,night,night
c4fa3b0a-29b96446.jpg,F:\xlw\bdd100k_final\images\100k\val\c4fa3b0a-29b96446.jpg,val,clear,night,night
c4fb5145-f7056d01.jpg,F:\xlw\bdd100k_final\images\100k\val\c4fb5145-f7056d01.jpg,val,clear,night,night
c4fb8930-2ff82458.jpg,F:\xlw\bdd100k_final\images\100k\val\c4fb8930-2ff82458.jpg,val,clear,daytime,clear
c4fd6567-49ef2209.jpg,F:\xlw\bdd100k_final\images\100k\val\c4fd6567-49ef2209.jpg,val,overcast,daytime,clear
c50193e1-630410dc.jpg,F:\xlw\bdd100k_final\images\100k\val\c50193e1-630410dc.jpg,val,clear,night,night
c5030241-68561ce7.jpg,F:\xlw\bdd100k_final\images\100k\val\c5030241-68561ce7.jpg,val,clear,daytime,clear
c503e333-c84c1f79.jpg,F:\xlw\bdd100k_final\images\100k\val\c503e333-c84c1f79.jpg,val,overcast,daytime,clear
c503f2e8-55cc08bf.jpg,F:\xlw\bdd100k_final\images\100k\val\c503f2e8-55cc08bf.jpg,val,clear,daytime,clear
c50410a9-da5e3b8d.jpg,F:\xlw\bdd100k_final\images\100k\val\c50410a9-da5e3b8d.jpg,val,overcast,daytime,clear
c504ed5c-0f63b8cb.jpg,F:\xlw\bdd100k_final\images\100k\val\c504ed5c-0f63b8cb.jpg,val,clear,night,night
c50ac48c-417a806b.jpg,F:\xlw\bdd100k_final\images\100k\val\c50ac48c-417a806b.jpg,val,partly cloudy,daytime,clear
c50b63be-01088e58.jpg,F:\xlw\bdd100k_final\images\100k\val\c50b63be-01088e58.jpg,val,overcast,daytime,clear
c50b63be-93930ff0.jpg,F:\xlw\bdd100k_final\images\100k\val\c50b63be-93930ff0.jpg,val,rainy,daytime,rain
c50b63be-e0aa64b3.jpg,F:\xlw\bdd100k_final\images\100k\val\c50b63be-e0aa64b3.jpg,val,rainy,daytime,rain
c50c20fc-39f5336c.jpg,F:\xlw\bdd100k_final\images\100k\val\c50c20fc-39f5336c.jpg,val,clear,night,night
c50c20fc-7941d80e.jpg,F:\xlw\bdd100k_final\images\100k\val\c50c20fc-7941d80e.jpg,val,clear,night,night
c50c20fc-9b816732.jpg,F:\xlw\bdd100k_final\images\100k\val\c50c20fc-9b816732.jpg,val,clear,night,night
c50d0b3f-3a8df0bf.jpg,F:\xlw\bdd100k_final\images\100k\val\c50d0b3f-3a8df0bf.jpg,val,clear,daytime,clear
c50d0b3f-96a483e0.jpg,F:\xlw\bdd100k_final\images\100k\val\c50d0b3f-96a483e0.jpg,val,clear,daytime,clear
c50faaad-75284f27.jpg,F:\xlw\bdd100k_final\images\100k\val\c50faaad-75284f27.jpg,val,clear,daytime,clear
c50faaad-d383bf66.jpg,F:\xlw\bdd100k_final\images\100k\val\c50faaad-d383bf66.jpg,val,clear,daytime,clear
c50faaad-d84b2856.jpg,F:\xlw\bdd100k_final\images\100k\val\c50faaad-d84b2856.jpg,val,clear,daytime,clear
c5118204-23d7a171.jpg,F:\xlw\bdd100k_final\images\100k\val\c5118204-23d7a171.jpg,val,clear,daytime,clear
c5125543-1bb695f3.jpg,F:\xlw\bdd100k_final\images\100k\val\c5125543-1bb695f3.jpg,val,clear,night,night
c5125543-c78ee13f.jpg,F:\xlw\bdd100k_final\images\100k\val\c5125543-c78ee13f.jpg,val,snowy,night,night
c513195c-6ff34daf.jpg,F:\xlw\bdd100k_final\images\100k\val\c513195c-6ff34daf.jpg,val,clear,night,night
c51321e5-033ac799.jpg,F:\xlw\bdd100k_final\images\100k\val\c51321e5-033ac799.jpg,val,overcast,daytime,clear
c5134065-dce97cfb.jpg,F:\xlw\bdd100k_final\images\100k\val\c5134065-dce97cfb.jpg,val,snowy,daytime,snow
c517c182-52118b0a.jpg,F:\xlw\bdd100k_final\images\100k\val\c517c182-52118b0a.jpg,val,clear,night,night
c517c182-a162a7f9.jpg,F:\xlw\bdd100k_final\images\100k\val\c517c182-a162a7f9.jpg,val,clear,night,night
c517c182-d75f08e3.jpg,F:\xlw\bdd100k_final\images\100k\val\c517c182-d75f08e3.jpg,val,clear,night,night
c517c182-db33a55a.jpg,F:\xlw\bdd100k_final\images\100k\val\c517c182-db33a55a.jpg,val,clear,night,night
c51a2815-5d5e6d1a.jpg,F:\xlw\bdd100k_final\images\100k\val\c51a2815-5d5e6d1a.jpg,val,clear,night,night
c51c4c12-3ccdcd61.jpg,F:\xlw\bdd100k_final\images\100k\val\c51c4c12-3ccdcd61.jpg,val,rainy,daytime,rain
c51c4c12-e9006511.jpg,F:\xlw\bdd100k_final\images\100k\val\c51c4c12-e9006511.jpg,val,rainy,daytime,rain
c51d0636-2b91b311.jpg,F:\xlw\bdd100k_final\images\100k\val\c51d0636-2b91b311.jpg,val,clear,night,night
c51d0636-7e3c91ea.jpg,F:\xlw\bdd100k_final\images\100k\val\c51d0636-7e3c91ea.jpg,val,clear,night,night
c51d0636-89b6a9d9.jpg,F:\xlw\bdd100k_final\images\100k\val\c51d0636-89b6a9d9.jpg,val,clear,night,night
c51d0636-df16876f.jpg,F:\xlw\bdd100k_final\images\100k\val\c51d0636-df16876f.jpg,val,clear,night,night
c51ec845-16754dac.jpg,F:\xlw\bdd100k_final\images\100k\val\c51ec845-16754dac.jpg,val,overcast,daytime,clear
c51ec845-67e41e84.jpg,F:\xlw\bdd100k_final\images\100k\val\c51ec845-67e41e84.jpg,val,overcast,daytime,clear
c51ec845-75af36d3.jpg,F:\xlw\bdd100k_final\images\100k\val\c51ec845-75af36d3.jpg,val,rainy,daytime,rain
c51ec845-9096d93a.jpg,F:\xlw\bdd100k_final\images\100k\val\c51ec845-9096d93a.jpg,val,overcast,daytime,clear
c51ec845-99c75a49.jpg,F:\xlw\bdd100k_final\images\100k\val\c51ec845-99c75a49.jpg,val,partly cloudy,daytime,clear
c5218d47-c938bca6.jpg,F:\xlw\bdd100k_final\images\100k\val\c5218d47-c938bca6.jpg,val,clear,night,night
c524ecb5-74c5e510.jpg,F:\xlw\bdd100k_final\images\100k\val\c524ecb5-74c5e510.jpg,val,clear,night,night
c524ecb5-d58d39ee.jpg,F:\xlw\bdd100k_final\images\100k\val\c524ecb5-d58d39ee.jpg,val,clear,night,night
c52a5080-19a9e0a7.jpg,F:\xlw\bdd100k_final\images\100k\val\c52a5080-19a9e0a7.jpg,val,overcast,daytime,clear
c52a5080-7f1eba3f.jpg,F:\xlw\bdd100k_final\images\100k\val\c52a5080-7f1eba3f.jpg,val,snowy,daytime,snow
c52a5080-e5a538ae.jpg,F:\xlw\bdd100k_final\images\100k\val\c52a5080-e5a538ae.jpg,val,overcast,daytime,clear
c52a5080-f9be7559.jpg,F:\xlw\bdd100k_final\images\100k\val\c52a5080-f9be7559.jpg,val,snowy,daytime,snow
c52f53f8-1df973bb.jpg,F:\xlw\bdd100k_final\images\100k\val\c52f53f8-1df973bb.jpg,val,clear,daytime,clear
c52f53f8-8e4cd9a5.jpg,F:\xlw\bdd100k_final\images\100k\val\c52f53f8-8e4cd9a5.jpg,val,clear,night,night
c52f53f8-f2c94064.jpg,F:\xlw\bdd100k_final\images\100k\val\c52f53f8-f2c94064.jpg,val,clear,night,night
c5302a80-100fc260.jpg,F:\xlw\bdd100k_final\images\100k\val\c5302a80-100fc260.jpg,val,clear,night,night
c532201e-8531945e.jpg,F:\xlw\bdd100k_final\images\100k\val\c532201e-8531945e.jpg,val,clear,daytime,clear
c53221aa-4ef98335.jpg,F:\xlw\bdd100k_final\images\100k\val\c53221aa-4ef98335.jpg,val,overcast,daytime,clear
c53385ee-1fe07e21.jpg,F:\xlw\bdd100k_final\images\100k\val\c53385ee-1fe07e21.jpg,val,overcast,daytime,clear
c5339d15-f0812440.jpg,F:\xlw\bdd100k_final\images\100k\val\c5339d15-f0812440.jpg,val,clear,night,night
c5343589-b82a2d0b.jpg,F:\xlw\bdd100k_final\images\100k\val\c5343589-b82a2d0b.jpg,val,clear,night,night
c5343589-f0a9e124.jpg,F:\xlw\bdd100k_final\images\100k\val\c5343589-f0a9e124.jpg,val,clear,night,night
c53478c5-0565e28b.jpg,F:\xlw\bdd100k_final\images\100k\val\c53478c5-0565e28b.jpg,val,clear,daytime,clear
c53478c5-79d0affb.jpg,F:\xlw\bdd100k_final\images\100k\val\c53478c5-79d0affb.jpg,val,clear,daytime,clear
c536d061-03d98dde.jpg,F:\xlw\bdd100k_final\images\100k\val\c536d061-03d98dde.jpg,val,clear,night,night
c536d061-694537c9.jpg,F:\xlw\bdd100k_final\images\100k\val\c536d061-694537c9.jpg,val,clear,night,night
c53941d4-889b2e48.jpg,F:\xlw\bdd100k_final\images\100k\val\c53941d4-889b2e48.jpg,val,clear,daytime,clear
c53986c1-311f3693.jpg,F:\xlw\bdd100k_final\images\100k\val\c53986c1-311f3693.jpg,val,snowy,daytime,snow
c53986c1-9107e7a9.jpg,F:\xlw\bdd100k_final\images\100k\val\c53986c1-9107e7a9.jpg,val,snowy,daytime,snow
c53986c1-925eafc4.jpg,F:\xlw\bdd100k_final\images\100k\val\c53986c1-925eafc4.jpg,val,snowy,daytime,snow
c53986c1-a827a10a.jpg,F:\xlw\bdd100k_final\images\100k\val\c53986c1-a827a10a.jpg,val,snowy,daytime,snow
c53986c1-c00f0bdc.jpg,F:\xlw\bdd100k_final\images\100k\val\c53986c1-c00f0bdc.jpg,val,snowy,daytime,snow
c53986c1-c1e5c59d.jpg,F:\xlw\bdd100k_final\images\100k\val\c53986c1-c1e5c59d.jpg,val,snowy,night,night
c53986c1-e01903a1.jpg,F:\xlw\bdd100k_final\images\100k\val\c53986c1-e01903a1.jpg,val,snowy,daytime,snow
c53a24f2-545aa062.jpg,F:\xlw\bdd100k_final\images\100k\val\c53a24f2-545aa062.jpg,val,clear,daytime,clear
c53a24f2-5e6c5cbd.jpg,F:\xlw\bdd100k_final\images\100k\val\c53a24f2-5e6c5cbd.jpg,val,partly cloudy,daytime,clear
c53a24f2-a94dfb53.jpg,F:\xlw\bdd100k_final\images\100k\val\c53a24f2-a94dfb53.jpg,val,clear,daytime,clear
c53a24f2-dd27caa2.jpg,F:\xlw\bdd100k_final\images\100k\val\c53a24f2-dd27caa2.jpg,val,partly cloudy,daytime,clear
c53a24f2-e7ccbacd.jpg,F:\xlw\bdd100k_final\images\100k\val\c53a24f2-e7ccbacd.jpg,val,partly cloudy,daytime,clear
c53bb16d-509a7840.jpg,F:\xlw\bdd100k_final\images\100k\val\c53bb16d-509a7840.jpg,val,clear,night,night
c53c8bba-e8fa6bc6.jpg,F:\xlw\bdd100k_final\images\100k\val\c53c8bba-e8fa6bc6.jpg,val,overcast,daytime,clear
c540a708-48091e56.jpg,F:\xlw\bdd100k_final\images\100k\val\c540a708-48091e56.jpg,val,clear,night,night
c540a708-71fd04e3.jpg,F:\xlw\bdd100k_final\images\100k\val\c540a708-71fd04e3.jpg,val,clear,night,night
c540a708-e1a4ff73.jpg,F:\xlw\bdd100k_final\images\100k\val\c540a708-e1a4ff73.jpg,val,clear,night,night
c540a708-e532e378.jpg,F:\xlw\bdd100k_final\images\100k\val\c540a708-e532e378.jpg,val,clear,night,night
c540a708-f9601c77.jpg,F:\xlw\bdd100k_final\images\100k\val\c540a708-f9601c77.jpg,val,clear,night,night
c540d300-35f80d81.jpg,F:\xlw\bdd100k_final\images\100k\val\c540d300-35f80d81.jpg,val,clear,daytime,clear
c540d300-d60d1a91.jpg,F:\xlw\bdd100k_final\images\100k\val\c540d300-d60d1a91.jpg,val,clear,night,night
c5430bf3-07e67721.jpg,F:\xlw\bdd100k_final\images\100k\val\c5430bf3-07e67721.jpg,val,clear,night,night
c5434464-5dcb3bd7.jpg,F:\xlw\bdd100k_final\images\100k\val\c5434464-5dcb3bd7.jpg,val,overcast,daytime,clear
c54441e6-400c221e.jpg,F:\xlw\bdd100k_final\images\100k\val\c54441e6-400c221e.jpg,val,clear,night,night
c546c109-92e1a97e.jpg,F:\xlw\bdd100k_final\images\100k\val\c546c109-92e1a97e.jpg,val,clear,daytime,clear
c54a2f90-4762b269.jpg,F:\xlw\bdd100k_final\images\100k\val\c54a2f90-4762b269.jpg,val,clear,daytime,clear
c54abf2f-cd3f73dc.jpg,F:\xlw\bdd100k_final\images\100k\val\c54abf2f-cd3f73dc.jpg,val,snowy,night,night
c54c4e66-d4b3ef01.jpg,F:\xlw\bdd100k_final\images\100k\val\c54c4e66-d4b3ef01.jpg,val,rainy,daytime,rain
c54e3b28-168e2176.jpg,F:\xlw\bdd100k_final\images\100k\val\c54e3b28-168e2176.jpg,val,clear,night,night
c54ec43c-1aa7875b.jpg,F:\xlw\bdd100k_final\images\100k\val\c54ec43c-1aa7875b.jpg,val,partly cloudy,daytime,clear
c55332bb-cdf3fe55.jpg,F:\xlw\bdd100k_final\images\100k\val\c55332bb-cdf3fe55.jpg,val,clear,night,night
c55554e1-b61fd176.jpg,F:\xlw\bdd100k_final\images\100k\val\c55554e1-b61fd176.jpg,val,clear,daytime,clear
c555922f-58564fdc.jpg,F:\xlw\bdd100k_final\images\100k\val\c555922f-58564fdc.jpg,val,partly cloudy,daytime,clear
c555922f-e8bc7d91.jpg,F:\xlw\bdd100k_final\images\100k\val\c555922f-e8bc7d91.jpg,val,overcast,daytime,clear
c5568343-7dfa0efd.jpg,F:\xlw\bdd100k_final\images\100k\val\c5568343-7dfa0efd.jpg,val,clear,night,night
c5568343-87284a3a.jpg,F:\xlw\bdd100k_final\images\100k\val\c5568343-87284a3a.jpg,val,clear,night,night
c556b94f-70bb8f52.jpg,F:\xlw\bdd100k_final\images\100k\val\c556b94f-70bb8f52.jpg,val,rainy,night,night
c5578df5-1318c8a5.jpg,F:\xlw\bdd100k_final\images\100k\val\c5578df5-1318c8a5.jpg,val,clear,daytime,clear
c5584f14-7fcc4797.jpg,F:\xlw\bdd100k_final\images\100k\val\c5584f14-7fcc4797.jpg,val,clear,daytime,clear
c5588233-76a1ecf3.jpg,F:\xlw\bdd100k_final\images\100k\val\c5588233-76a1ecf3.jpg,val,partly cloudy,daytime,clear
c5588233-b03622f3.jpg,F:\xlw\bdd100k_final\images\100k\val\c5588233-b03622f3.jpg,val,partly cloudy,daytime,clear
c558e42a-f172181e.jpg,F:\xlw\bdd100k_final\images\100k\val\c558e42a-f172181e.jpg,val,clear,night,night
c558f74c-8d36158e.jpg,F:\xlw\bdd100k_final\images\100k\val\c558f74c-8d36158e.jpg,val,clear,night,night
c559b4de-a039e833.jpg,F:\xlw\bdd100k_final\images\100k\val\c559b4de-a039e833.jpg,val,overcast,daytime,clear
c55a3ec9-9aa6b23e.jpg,F:\xlw\bdd100k_final\images\100k\val\c55a3ec9-9aa6b23e.jpg,val,partly cloudy,daytime,clear
c55ab634-34faa48e.jpg,F:\xlw\bdd100k_final\images\100k\val\c55ab634-34faa48e.jpg,val,clear,daytime,clear
c55ab634-b93da9ef.jpg,F:\xlw\bdd100k_final\images\100k\val\c55ab634-b93da9ef.jpg,val,clear,daytime,clear
c55b474f-f39c51a8.jpg,F:\xlw\bdd100k_final\images\100k\val\c55b474f-f39c51a8.jpg,val,snowy,daytime,snow
c55b79ad-fff7df7b.jpg,F:\xlw\bdd100k_final\images\100k\val\c55b79ad-fff7df7b.jpg,val,partly cloudy,daytime,clear
c55c4242-e70337b4.jpg,F:\xlw\bdd100k_final\images\100k\val\c55c4242-e70337b4.jpg,val,clear,daytime,clear
c55c6b72-d4bb26f3.jpg,F:\xlw\bdd100k_final\images\100k\val\c55c6b72-d4bb26f3.jpg,val,partly cloudy,daytime,clear
c55d0615-f1eb15ca.jpg,F:\xlw\bdd100k_final\images\100k\val\c55d0615-f1eb15ca.jpg,val,rainy,night,night
c55da7df-537c27fd.jpg,F:\xlw\bdd100k_final\images\100k\val\c55da7df-537c27fd.jpg,val,clear,daytime,clear
c55da7df-facccafc.jpg,F:\xlw\bdd100k_final\images\100k\val\c55da7df-facccafc.jpg,val,clear,daytime,clear
c55dc887-58fc27e7.jpg,F:\xlw\bdd100k_final\images\100k\val\c55dc887-58fc27e7.jpg,val,clear,night,night
c55f5f07-0e2857f2.jpg,F:\xlw\bdd100k_final\images\100k\val\c55f5f07-0e2857f2.jpg,val,clear,night,night
c55f5f07-1d069cfd.jpg,F:\xlw\bdd100k_final\images\100k\val\c55f5f07-1d069cfd.jpg,val,clear,night,night
c55fef10-97ed70d9.jpg,F:\xlw\bdd100k_final\images\100k\val\c55fef10-97ed70d9.jpg,val,clear,night,night
c560e52d-71c73e43.jpg,F:\xlw\bdd100k_final\images\100k\val\c560e52d-71c73e43.jpg,val,clear,night,night
c560e8b4-ac764600.jpg,F:\xlw\bdd100k_final\images\100k\val\c560e8b4-ac764600.jpg,val,partly cloudy,daytime,clear
c5617574-cca98859.jpg,F:\xlw\bdd100k_final\images\100k\val\c5617574-cca98859.jpg,val,clear,daytime,clear
c561cb9a-6b311a1c.jpg,F:\xlw\bdd100k_final\images\100k\val\c561cb9a-6b311a1c.jpg,val,clear,daytime,clear
c561cb9a-aafc0bad.jpg,F:\xlw\bdd100k_final\images\100k\val\c561cb9a-aafc0bad.jpg,val,overcast,daytime,clear
c563b8a0-c21b10e8.jpg,F:\xlw\bdd100k_final\images\100k\val\c563b8a0-c21b10e8.jpg,val,clear,daytime,clear
c564c92b-2f727c05.jpg,F:\xlw\bdd100k_final\images\100k\val\c564c92b-2f727c05.jpg,val,clear,daytime,clear
c564c92b-dec2638b.jpg,F:\xlw\bdd100k_final\images\100k\val\c564c92b-dec2638b.jpg,val,partly cloudy,daytime,clear
c56569c3-449c1da2.jpg,F:\xlw\bdd100k_final\images\100k\val\c56569c3-449c1da2.jpg,val,clear,night,night
c566026b-ea7cc2ea.jpg,F:\xlw\bdd100k_final\images\100k\val\c566026b-ea7cc2ea.jpg,val,clear,daytime,clear
c566a4d9-0504c08b.jpg,F:\xlw\bdd100k_final\images\100k\val\c566a4d9-0504c08b.jpg,val,snowy,night,night
c566a4d9-3b84e88d.jpg,F:\xlw\bdd100k_final\images\100k\val\c566a4d9-3b84e88d.jpg,val,snowy,night,night
c5673b5f-6c5e63bc.jpg,F:\xlw\bdd100k_final\images\100k\val\c5673b5f-6c5e63bc.jpg,val,clear,night,night
c5683128-8fa894d4.jpg,F:\xlw\bdd100k_final\images\100k\val\c5683128-8fa894d4.jpg,val,partly cloudy,daytime,clear
c56915dc-1eb8abe1.jpg,F:\xlw\bdd100k_final\images\100k\val\c56915dc-1eb8abe1.jpg,val,clear,daytime,clear
c56915dc-8d1f7b7a.jpg,F:\xlw\bdd100k_final\images\100k\val\c56915dc-8d1f7b7a.jpg,val,clear,daytime,clear
c5694077-e345e2a8.jpg,F:\xlw\bdd100k_final\images\100k\val\c5694077-e345e2a8.jpg,val,overcast,daytime,clear
c569c251-0738a573.jpg,F:\xlw\bdd100k_final\images\100k\val\c569c251-0738a573.jpg,val,clear,daytime,clear
c569c251-13855f70.jpg,F:\xlw\bdd100k_final\images\100k\val\c569c251-13855f70.jpg,val,clear,daytime,clear
c569c251-16b6f263.jpg,F:\xlw\bdd100k_final\images\100k\val\c569c251-16b6f263.jpg,val,clear,daytime,clear
c569c251-411184c2.jpg,F:\xlw\bdd100k_final\images\100k\val\c569c251-411184c2.jpg,val,clear,daytime,clear
c569c251-8a583641.jpg,F:\xlw\bdd100k_final\images\100k\val\c569c251-8a583641.jpg,val,clear,daytime,clear
c569c251-a065134a.jpg,F:\xlw\bdd100k_final\images\100k\val\c569c251-a065134a.jpg,val,clear,daytime,clear
c569c251-cc941b80.jpg,F:\xlw\bdd100k_final\images\100k\val\c569c251-cc941b80.jpg,val,clear,daytime,clear
c569c251-e9e2071f.jpg,F:\xlw\bdd100k_final\images\100k\val\c569c251-e9e2071f.jpg,val,clear,daytime,clear
c56ad92a-35537de6.jpg,F:\xlw\bdd100k_final\images\100k\val\c56ad92a-35537de6.jpg,val,rainy,daytime,rain
c56ad92a-5ee26a21.jpg,F:\xlw\bdd100k_final\images\100k\val\c56ad92a-5ee26a21.jpg,val,rainy,daytime,rain
c56ad92a-6707dbb4.jpg,F:\xlw\bdd100k_final\images\100k\val\c56ad92a-6707dbb4.jpg,val,rainy,night,night
c56ad92a-6a32ee17.jpg,F:\xlw\bdd100k_final\images\100k\val\c56ad92a-6a32ee17.jpg,val,rainy,daytime,rain
c56ad92a-8b473204.jpg,F:\xlw\bdd100k_final\images\100k\val\c56ad92a-8b473204.jpg,val,rainy,daytime,rain
c56ad92a-9e626450.jpg,F:\xlw\bdd100k_final\images\100k\val\c56ad92a-9e626450.jpg,val,overcast,daytime,clear
c56ad92a-c7ecc589.jpg,F:\xlw\bdd100k_final\images\100k\val\c56ad92a-c7ecc589.jpg,val,rainy,daytime,rain
c56ad92a-ce17a387.jpg,F:\xlw\bdd100k_final\images\100k\val\c56ad92a-ce17a387.jpg,val,rainy,daytime,rain
c56ad92a-ff0ebcb2.jpg,F:\xlw\bdd100k_final\images\100k\val\c56ad92a-ff0ebcb2.jpg,val,clear,night,night
c56c7249-f70c6c33.jpg,F:\xlw\bdd100k_final\images\100k\val\c56c7249-f70c6c33.jpg,val,snowy,daytime,snow
c56c951e-07a935da.jpg,F:\xlw\bdd100k_final\images\100k\val\c56c951e-07a935da.jpg,val,partly cloudy,daytime,clear
c56cdb77-68cd6d79.jpg,F:\xlw\bdd100k_final\images\100k\val\c56cdb77-68cd6d79.jpg,val,clear,night,night
c56cdb77-b69228d3.jpg,F:\xlw\bdd100k_final\images\100k\val\c56cdb77-b69228d3.jpg,val,clear,night,night
c56cdb77-d0e10fbb.jpg,F:\xlw\bdd100k_final\images\100k\val\c56cdb77-d0e10fbb.jpg,val,clear,night,night
c56d9ab9-fd988840.jpg,F:\xlw\bdd100k_final\images\100k\val\c56d9ab9-fd988840.jpg,val,overcast,daytime,clear
c56f2163-005261fc.jpg,F:\xlw\bdd100k_final\images\100k\val\c56f2163-005261fc.jpg,val,overcast,daytime,clear
c5718931-d5862304.jpg,F:\xlw\bdd100k_final\images\100k\val\c5718931-d5862304.jpg,val,rainy,night,night
c571c186-33a17c72.jpg,F:\xlw\bdd100k_final\images\100k\val\c571c186-33a17c72.jpg,val,clear,night,night
c571c186-39041336.jpg,F:\xlw\bdd100k_final\images\100k\val\c571c186-39041336.jpg,val,clear,night,night
c571c186-d0b3877c.jpg,F:\xlw\bdd100k_final\images\100k\val\c571c186-d0b3877c.jpg,val,clear,night,night
c573ac02-6c5f037e.jpg,F:\xlw\bdd100k_final\images\100k\val\c573ac02-6c5f037e.jpg,val,clear,daytime,clear
c573d709-4a0dbd2a.jpg,F:\xlw\bdd100k_final\images\100k\val\c573d709-4a0dbd2a.jpg,val,partly cloudy,daytime,clear
c576ccff-0a51ae4b.jpg,F:\xlw\bdd100k_final\images\100k\val\c576ccff-0a51ae4b.jpg,val,clear,daytime,clear
c5789b5b-89d36fa8.jpg,F:\xlw\bdd100k_final\images\100k\val\c5789b5b-89d36fa8.jpg,val,partly cloudy,daytime,clear
c57906c2-4fd67f12.jpg,F:\xlw\bdd100k_final\images\100k\val\c57906c2-4fd67f12.jpg,val,clear,night,night
c57906c2-9696bf52.jpg,F:\xlw\bdd100k_final\images\100k\val\c57906c2-9696bf52.jpg,val,clear,night,night
c5792511-7e5cec42.jpg,F:\xlw\bdd100k_final\images\100k\val\c5792511-7e5cec42.jpg,val,clear,night,night
c5796880-a7005e6e.jpg,F:\xlw\bdd100k_final\images\100k\val\c5796880-a7005e6e.jpg,val,clear,night,night
c579ded4-2bdbcd45.jpg,F:\xlw\bdd100k_final\images\100k\val\c579ded4-2bdbcd45.jpg,val,clear,daytime,clear
c57a44ff-1a53cea4.jpg,F:\xlw\bdd100k_final\images\100k\val\c57a44ff-1a53cea4.jpg,val,clear,night,night
c57a44ff-50e4b77f.jpg,F:\xlw\bdd100k_final\images\100k\val\c57a44ff-50e4b77f.jpg,val,clear,night,night
c57a44ff-5cf5202c.jpg,F:\xlw\bdd100k_final\images\100k\val\c57a44ff-5cf5202c.jpg,val,clear,night,night
c57a44ff-6cf39d9a.jpg,F:\xlw\bdd100k_final\images\100k\val\c57a44ff-6cf39d9a.jpg,val,clear,night,night
c57a466b-876d29df.jpg,F:\xlw\bdd100k_final\images\100k\val\c57a466b-876d29df.jpg,val,clear,night,night
c57a8745-d78279a8.jpg,F:\xlw\bdd100k_final\images\100k\val\c57a8745-d78279a8.jpg,val,clear,night,night
c57c1efb-3033d1ff.jpg,F:\xlw\bdd100k_final\images\100k\val\c57c1efb-3033d1ff.jpg,val,clear,night,night
c57c1efb-660f4ec3.jpg,F:\xlw\bdd100k_final\images\100k\val\c57c1efb-660f4ec3.jpg,val,clear,night,night
c57c1efb-d906271a.jpg,F:\xlw\bdd100k_final\images\100k\val\c57c1efb-d906271a.jpg,val,clear,night,night
c57cda5b-7783c7cb.jpg,F:\xlw\bdd100k_final\images\100k\val\c57cda5b-7783c7cb.jpg,val,clear,daytime,clear
c57cda5b-92fa0083.jpg,F:\xlw\bdd100k_final\images\100k\val\c57cda5b-92fa0083.jpg,val,clear,daytime,clear
c57cda5b-e43a49aa.jpg,F:\xlw\bdd100k_final\images\100k\val\c57cda5b-e43a49aa.jpg,val,clear,daytime,clear
c57ec379-3d606dec.jpg,F:\xlw\bdd100k_final\images\100k\val\c57ec379-3d606dec.jpg,val,clear,night,night
c57ec379-6b2b4a1b.jpg,F:\xlw\bdd100k_final\images\100k\val\c57ec379-6b2b4a1b.jpg,val,clear,night,night
c57ec379-7827cbab.jpg,F:\xlw\bdd100k_final\images\100k\val\c57ec379-7827cbab.jpg,val,clear,night,night
c58428cf-2398dd36.jpg,F:\xlw\bdd100k_final\images\100k\val\c58428cf-2398dd36.jpg,val,clear,daytime,clear
c5843165-79210a52.jpg,F:\xlw\bdd100k_final\images\100k\val\c5843165-79210a52.jpg,val,partly cloudy,daytime,clear
c58446da-3863db47.jpg,F:\xlw\bdd100k_final\images\100k\val\c58446da-3863db47.jpg,val,clear,night,night
c584f2c3-83912b35.jpg,F:\xlw\bdd100k_final\images\100k\val\c584f2c3-83912b35.jpg,val,clear,daytime,clear
c5853065-e066b724.jpg,F:\xlw\bdd100k_final\images\100k\val\c5853065-e066b724.jpg,val,rainy,night,night
c585c0c4-f0596352.jpg,F:\xlw\bdd100k_final\images\100k\val\c585c0c4-f0596352.jpg,val,clear,night,night
c586b898-17285cc9.jpg,F:\xlw\bdd100k_final\images\100k\val\c586b898-17285cc9.jpg,val,clear,night,night
c586b898-260e642f.jpg,F:\xlw\bdd100k_final\images\100k\val\c586b898-260e642f.jpg,val,clear,night,night
c586b898-4247945c.jpg,F:\xlw\bdd100k_final\images\100k\val\c586b898-4247945c.jpg,val,clear,night,night
c586b898-99a46642.jpg,F:\xlw\bdd100k_final\images\100k\val\c586b898-99a46642.jpg,val,clear,night,night
c586b898-d44df97d.jpg,F:\xlw\bdd100k_final\images\100k\val\c586b898-d44df97d.jpg,val,clear,night,night
c5879538-6312ddd1.jpg,F:\xlw\bdd100k_final\images\100k\val\c5879538-6312ddd1.jpg,val,clear,daytime,clear
c587d65a-90cbad97.jpg,F:\xlw\bdd100k_final\images\100k\val\c587d65a-90cbad97.jpg,val,clear,daytime,clear
c587df13-09f601eb.jpg,F:\xlw\bdd100k_final\images\100k\val\c587df13-09f601eb.jpg,val,rainy,night,night
c5882339-dff241de.jpg,F:\xlw\bdd100k_final\images\100k\val\c5882339-dff241de.jpg,val,rainy,daytime,rain
c588eb5e-dfd59d8e.jpg,F:\xlw\bdd100k_final\images\100k\val\c588eb5e-dfd59d8e.jpg,val,clear,night,night
c588f35b-79bd69fe.jpg,F:\xlw\bdd100k_final\images\100k\val\c588f35b-79bd69fe.jpg,val,partly cloudy,night,night
c5891130-4bfd998d.jpg,F:\xlw\bdd100k_final\images\100k\val\c5891130-4bfd998d.jpg,val,rainy,daytime,rain
c5895bc5-f14bcbec.jpg,F:\xlw\bdd100k_final\images\100k\val\c5895bc5-f14bcbec.jpg,val,clear,night,night
c58a9085-abc0c295.jpg,F:\xlw\bdd100k_final\images\100k\val\c58a9085-abc0c295.jpg,val,rainy,daytime,rain
c58ace84-1b30e5a5.jpg,F:\xlw\bdd100k_final\images\100k\val\c58ace84-1b30e5a5.jpg,val,snowy,daytime,snow
c58afc12-d228f86b.jpg,F:\xlw\bdd100k_final\images\100k\val\c58afc12-d228f86b.jpg,val,clear,night,night
c58ba000-928da283.jpg,F:\xlw\bdd100k_final\images\100k\val\c58ba000-928da283.jpg,val,clear,night,night
c58bb853-256a6c3e.jpg,F:\xlw\bdd100k_final\images\100k\val\c58bb853-256a6c3e.jpg,val,clear,night,night
c58bb853-c9421648.jpg,F:\xlw\bdd100k_final\images\100k\val\c58bb853-c9421648.jpg,val,clear,night,night
c58d52cb-63d66bf4.jpg,F:\xlw\bdd100k_final\images\100k\val\c58d52cb-63d66bf4.jpg,val,clear,night,night
c58eb8da-9871eb53.jpg,F:\xlw\bdd100k_final\images\100k\val\c58eb8da-9871eb53.jpg,val,clear,daytime,clear
c58f17ae-e811d801.jpg,F:\xlw\bdd100k_final\images\100k\val\c58f17ae-e811d801.jpg,val,overcast,daytime,clear
c593756a-4d6ae1d1.jpg,F:\xlw\bdd100k_final\images\100k\val\c593756a-4d6ae1d1.jpg,val,clear,daytime,clear
c593b804-4c08d1a1.jpg,F:\xlw\bdd100k_final\images\100k\val\c593b804-4c08d1a1.jpg,val,clear,night,night
c59500f0-130d7415.jpg,F:\xlw\bdd100k_final\images\100k\val\c59500f0-130d7415.jpg,val,overcast,daytime,clear
c59500f0-602e9446.jpg,F:\xlw\bdd100k_final\images\100k\val\c59500f0-602e9446.jpg,val,overcast,daytime,clear
c59500f0-6304fda1.jpg,F:\xlw\bdd100k_final\images\100k\val\c59500f0-6304fda1.jpg,val,rainy,daytime,rain
c595cb01-89718083.jpg,F:\xlw\bdd100k_final\images\100k\val\c595cb01-89718083.jpg,val,clear,daytime,clear
c59af260-1bec72c5.jpg,F:\xlw\bdd100k_final\images\100k\val\c59af260-1bec72c5.jpg,val,clear,night,night
c59af260-aa52b5d0.jpg,F:\xlw\bdd100k_final\images\100k\val\c59af260-aa52b5d0.jpg,val,clear,night,night
c59e4f05-5ebe763a.jpg,F:\xlw\bdd100k_final\images\100k\val\c59e4f05-5ebe763a.jpg,val,partly cloudy,daytime,clear
c5a0ad25-32da84bb.jpg,F:\xlw\bdd100k_final\images\100k\val\c5a0ad25-32da84bb.jpg,val,clear,daytime,clear
c5a11aec-af855969.jpg,F:\xlw\bdd100k_final\images\100k\val\c5a11aec-af855969.jpg,val,snowy,daytime,snow
c5a178bf-5a656bed.jpg,F:\xlw\bdd100k_final\images\100k\val\c5a178bf-5a656bed.jpg,val,rainy,night,night
c5a178bf-637d1750.jpg,F:\xlw\bdd100k_final\images\100k\val\c5a178bf-637d1750.jpg,val,clear,night,night
c5a178bf-af5c99dd.jpg,F:\xlw\bdd100k_final\images\100k\val\c5a178bf-af5c99dd.jpg,val,clear,night,night
c5a178bf-ed8f9807.jpg,F:\xlw\bdd100k_final\images\100k\val\c5a178bf-ed8f9807.jpg,val,clear,night,night
c5a32922-3909caf2.jpg,F:\xlw\bdd100k_final\images\100k\val\c5a32922-3909caf2.jpg,val,overcast,daytime,clear
c5a42fb0-f73381b8.jpg,F:\xlw\bdd100k_final\images\100k\val\c5a42fb0-f73381b8.jpg,val,partly cloudy,daytime,clear
c5a4ccc0-2119ddb9.jpg,F:\xlw\bdd100k_final\images\100k\val\c5a4ccc0-2119ddb9.jpg,val,clear,night,night
c5a4ccc0-2bc61efc.jpg,F:\xlw\bdd100k_final\images\100k\val\c5a4ccc0-2bc61efc.jpg,val,clear,night,night
c5a4ccc0-87c6df6e.jpg,F:\xlw\bdd100k_final\images\100k\val\c5a4ccc0-87c6df6e.jpg,val,partly cloudy,daytime,clear
c5a4ccc0-b786fbb2.jpg,F:\xlw\bdd100k_final\images\100k\val\c5a4ccc0-b786fbb2.jpg,val,clear,night,night
c5a805c8-318bd605.jpg,F:\xlw\bdd100k_final\images\100k\val\c5a805c8-318bd605.jpg,val,clear,night,night
c5aa59aa-4ce7e750.jpg,F:\xlw\bdd100k_final\images\100k\val\c5aa59aa-4ce7e750.jpg,val,clear,night,night
c5ab4d79-c244d950.jpg,F:\xlw\bdd100k_final\images\100k\val\c5ab4d79-c244d950.jpg,val,overcast,daytime,clear
c5ae33f9-a2c4f208.jpg,F:\xlw\bdd100k_final\images\100k\val\c5ae33f9-a2c4f208.jpg,val,clear,daytime,clear
c5ae7bf8-25901c98.jpg,F:\xlw\bdd100k_final\images\100k\val\c5ae7bf8-25901c98.jpg,val,overcast,daytime,clear
c5b166fd-3156e611.jpg,F:\xlw\bdd100k_final\images\100k\val\c5b166fd-3156e611.jpg,val,rainy,daytime,rain
c5b166fd-443c316f.jpg,F:\xlw\bdd100k_final\images\100k\val\c5b166fd-443c316f.jpg,val,partly cloudy,daytime,clear
c5b166fd-cbe303b7.jpg,F:\xlw\bdd100k_final\images\100k\val\c5b166fd-cbe303b7.jpg,val,overcast,daytime,clear
c5b1e3f5-479118b6.jpg,F:\xlw\bdd100k_final\images\100k\val\c5b1e3f5-479118b6.jpg,val,overcast,daytime,clear
c5b2506d-07e406a6.jpg,F:\xlw\bdd100k_final\images\100k\val\c5b2506d-07e406a6.jpg,val,clear,daytime,clear
c5b2506d-1241a008.jpg,F:\xlw\bdd100k_final\images\100k\val\c5b2506d-1241a008.jpg,val,clear,daytime,clear
c5b2506d-1c31cee3.jpg,F:\xlw\bdd100k_final\images\100k\val\c5b2506d-1c31cee3.jpg,val,clear,daytime,clear
c5b2506d-7e987d44.jpg,F:\xlw\bdd100k_final\images\100k\val\c5b2506d-7e987d44.jpg,val,clear,daytime,clear
c5b2506d-a03619f7.jpg,F:\xlw\bdd100k_final\images\100k\val\c5b2506d-a03619f7.jpg,val,rainy,daytime,rain
c5b2506d-aa9e5484.jpg,F:\xlw\bdd100k_final\images\100k\val\c5b2506d-aa9e5484.jpg,val,overcast,daytime,clear
c5b2506d-d7479cbb.jpg,F:\xlw\bdd100k_final\images\100k\val\c5b2506d-d7479cbb.jpg,val,rainy,daytime,rain
c5b29044-75af49f0.jpg,F:\xlw\bdd100k_final\images\100k\val\c5b29044-75af49f0.jpg,val,clear,night,night
c5b59090-05bcd505.jpg,F:\xlw\bdd100k_final\images\100k\val\c5b59090-05bcd505.jpg,val,clear,night,night
c5b64f27-53710b20.jpg,F:\xlw\bdd100k_final\images\100k\val\c5b64f27-53710b20.jpg,val,clear,night,night
c5b64f27-b5bd4388.jpg,F:\xlw\bdd100k_final\images\100k\val\c5b64f27-b5bd4388.jpg,val,clear,night,night
c5b64f27-fc829e64.jpg,F:\xlw\bdd100k_final\images\100k\val\c5b64f27-fc829e64.jpg,val,clear,night,night
c5b6c311-962e60b4.jpg,F:\xlw\bdd100k_final\images\100k\val\c5b6c311-962e60b4.jpg,val,clear,night,night
c5b6c311-9841604a.jpg,F:\xlw\bdd100k_final\images\100k\val\c5b6c311-9841604a.jpg,val,rainy,night,night
c5b6c311-af650f3b.jpg,F:\xlw\bdd100k_final\images\100k\val\c5b6c311-af650f3b.jpg,val,clear,daytime,clear
c5b6c311-c7351dcf.jpg,F:\xlw\bdd100k_final\images\100k\val\c5b6c311-c7351dcf.jpg,val,clear,night,night
c5b76793-172c4594.jpg,F:\xlw\bdd100k_final\images\100k\val\c5b76793-172c4594.jpg,val,overcast,daytime,clear
c5b76793-56c6c886.jpg,F:\xlw\bdd100k_final\images\100k\val\c5b76793-56c6c886.jpg,val,clear,night,night
c5b76b45-6a9e676b.jpg,F:\xlw\bdd100k_final\images\100k\val\c5b76b45-6a9e676b.jpg,val,clear,night,night
c5b7b466-4adbd41c.jpg,F:\xlw\bdd100k_final\images\100k\val\c5b7b466-4adbd41c.jpg,val,overcast,daytime,clear
c5b7b466-eac86195.jpg,F:\xlw\bdd100k_final\images\100k\val\c5b7b466-eac86195.jpg,val,clear,night,night
c5b7b466-f6066e36.jpg,F:\xlw\bdd100k_final\images\100k\val\c5b7b466-f6066e36.jpg,val,overcast,daytime,clear
c5b7db86-88bceca0.jpg,F:\xlw\bdd100k_final\images\100k\val\c5b7db86-88bceca0.jpg,val,clear,daytime,clear
c5b7db86-b62a7a3f.jpg,F:\xlw\bdd100k_final\images\100k\val\c5b7db86-b62a7a3f.jpg,val,clear,daytime,clear
c5b80ec1-6efedb0e.jpg,F:\xlw\bdd100k_final\images\100k\val\c5b80ec1-6efedb0e.jpg,val,clear,daytime,clear
c5b80ec1-7fc5097c.jpg,F:\xlw\bdd100k_final\images\100k\val\c5b80ec1-7fc5097c.jpg,val,clear,daytime,clear
c5b80ec1-bb9fd172.jpg,F:\xlw\bdd100k_final\images\100k\val\c5b80ec1-bb9fd172.jpg,val,clear,daytime,clear
c5ba135d-32240f6d.jpg,F:\xlw\bdd100k_final\images\100k\val\c5ba135d-32240f6d.jpg,val,partly cloudy,daytime,clear
c5bb525f-be098cfb.jpg,F:\xlw\bdd100k_final\images\100k\val\c5bb525f-be098cfb.jpg,val,clear,night,night
c5bbf929-8c3d6c80.jpg,F:\xlw\bdd100k_final\images\100k\val\c5bbf929-8c3d6c80.jpg,val,clear,daytime,clear
c5bbf929-e89aac92.jpg,F:\xlw\bdd100k_final\images\100k\val\c5bbf929-e89aac92.jpg,val,overcast,daytime,clear
c5bc3aa9-0d55c4f9.jpg,F:\xlw\bdd100k_final\images\100k\val\c5bc3aa9-0d55c4f9.jpg,val,overcast,daytime,clear
c5bc3aa9-8be77f9c.jpg,F:\xlw\bdd100k_final\images\100k\val\c5bc3aa9-8be77f9c.jpg,val,partly cloudy,daytime,clear
c5bc3aa9-d268a0aa.jpg,F:\xlw\bdd100k_final\images\100k\val\c5bc3aa9-d268a0aa.jpg,val,partly cloudy,daytime,clear
c5bd516c-decd0287.jpg,F:\xlw\bdd100k_final\images\100k\val\c5bd516c-decd0287.jpg,val,rainy,daytime,rain
c5bf095c-f18a6c47.jpg,F:\xlw\bdd100k_final\images\100k\val\c5bf095c-f18a6c47.jpg,val,rainy,daytime,rain
c5c3116a-52333439.jpg,F:\xlw\bdd100k_final\images\100k\val\c5c3116a-52333439.jpg,val,partly cloudy,daytime,clear
c5c3116a-8bcf604c.jpg,F:\xlw\bdd100k_final\images\100k\val\c5c3116a-8bcf604c.jpg,val,overcast,daytime,clear
c5c352c8-2b9624d5.jpg,F:\xlw\bdd100k_final\images\100k\val\c5c352c8-2b9624d5.jpg,val,overcast,daytime,clear
c5c352c8-c97b0943.jpg,F:\xlw\bdd100k_final\images\100k\val\c5c352c8-c97b0943.jpg,val,overcast,daytime,clear
c5c37cfe-a885a8d2.jpg,F:\xlw\bdd100k_final\images\100k\val\c5c37cfe-a885a8d2.jpg,val,rainy,daytime,rain
c5c3b858-bc1ffd47.jpg,F:\xlw\bdd100k_final\images\100k\val\c5c3b858-bc1ffd47.jpg,val,clear,daytime,clear
c5c43551-472281ea.jpg,F:\xlw\bdd100k_final\images\100k\val\c5c43551-472281ea.jpg,val,overcast,daytime,clear
c5c43551-916bcae8.jpg,F:\xlw\bdd100k_final\images\100k\val\c5c43551-916bcae8.jpg,val,clear,daytime,clear
c5c48d80-4204c6c7.jpg,F:\xlw\bdd100k_final\images\100k\val\c5c48d80-4204c6c7.jpg,val,clear,night,night
c5c48d80-d0a65d93.jpg,F:\xlw\bdd100k_final\images\100k\val\c5c48d80-d0a65d93.jpg,val,clear,night,night
c5c6fd07-9a05cafd.jpg,F:\xlw\bdd100k_final\images\100k\val\c5c6fd07-9a05cafd.jpg,val,clear,night,night
c5c7c186-2f98e734.jpg,F:\xlw\bdd100k_final\images\100k\val\c5c7c186-2f98e734.jpg,val,rainy,night,night
c5c7c186-9381f4a2.jpg,F:\xlw\bdd100k_final\images\100k\val\c5c7c186-9381f4a2.jpg,val,clear,night,night
c5c8a92c-49d1ba7c.jpg,F:\xlw\bdd100k_final\images\100k\val\c5c8a92c-49d1ba7c.jpg,val,overcast,daytime,clear
c5c8a92c-ed6160d8.jpg,F:\xlw\bdd100k_final\images\100k\val\c5c8a92c-ed6160d8.jpg,val,overcast,daytime,clear
c5c910c6-c7aa96f1.jpg,F:\xlw\bdd100k_final\images\100k\val\c5c910c6-c7aa96f1.jpg,val,rainy,night,night
c5c9d88b-71b49b27.jpg,F:\xlw\bdd100k_final\images\100k\val\c5c9d88b-71b49b27.jpg,val,clear,daytime,clear
c5c9d88b-cd7f4b25.jpg,F:\xlw\bdd100k_final\images\100k\val\c5c9d88b-cd7f4b25.jpg,val,partly cloudy,daytime,clear
c5c9ead6-dab2dae6.jpg,F:\xlw\bdd100k_final\images\100k\val\c5c9ead6-dab2dae6.jpg,val,clear,daytime,clear
c5ca1272-3f672c39.jpg,F:\xlw\bdd100k_final\images\100k\val\c5ca1272-3f672c39.jpg,val,snowy,night,night
c5caf169-3010206a.jpg,F:\xlw\bdd100k_final\images\100k\val\c5caf169-3010206a.jpg,val,clear,night,night
c5caf169-f75db8a9.jpg,F:\xlw\bdd100k_final\images\100k\val\c5caf169-f75db8a9.jpg,val,clear,night,night
c5cbe746-95cc81dc.jpg,F:\xlw\bdd100k_final\images\100k\val\c5cbe746-95cc81dc.jpg,val,overcast,daytime,clear
c5cdbe94-689ed201.jpg,F:\xlw\bdd100k_final\images\100k\val\c5cdbe94-689ed201.jpg,val,clear,night,night
c5ce458d-da546f8a.jpg,F:\xlw\bdd100k_final\images\100k\val\c5ce458d-da546f8a.jpg,val,clear,night,night
c5ce9781-b8db3bfa.jpg,F:\xlw\bdd100k_final\images\100k\val\c5ce9781-b8db3bfa.jpg,val,clear,daytime,clear
c5d13cf9-038d680e.jpg,F:\xlw\bdd100k_final\images\100k\val\c5d13cf9-038d680e.jpg,val,snowy,night,night
c5d13cf9-8840eb07.jpg,F:\xlw\bdd100k_final\images\100k\val\c5d13cf9-8840eb07.jpg,val,snowy,night,night
c5d26790-b391812d.jpg,F:\xlw\bdd100k_final\images\100k\val\c5d26790-b391812d.jpg,val,partly cloudy,daytime,clear
c5d2daaf-bee29c76.jpg,F:\xlw\bdd100k_final\images\100k\val\c5d2daaf-bee29c76.jpg,val,clear,night,night
c5d43861-1e463c29.jpg,F:\xlw\bdd100k_final\images\100k\val\c5d43861-1e463c29.jpg,val,clear,night,night
c5d79098-0b67a544.jpg,F:\xlw\bdd100k_final\images\100k\val\c5d79098-0b67a544.jpg,val,partly cloudy,daytime,clear
c5d79098-e6587dc0.jpg,F:\xlw\bdd100k_final\images\100k\val\c5d79098-e6587dc0.jpg,val,overcast,daytime,clear
c5d7ce8d-55f07ede.jpg,F:\xlw\bdd100k_final\images\100k\val\c5d7ce8d-55f07ede.jpg,val,clear,night,night
c5d864fa-1b3f0232.jpg,F:\xlw\bdd100k_final\images\100k\val\c5d864fa-1b3f0232.jpg,val,rainy,daytime,rain
c5d864fa-20290c25.jpg,F:\xlw\bdd100k_final\images\100k\val\c5d864fa-20290c25.jpg,val,rainy,daytime,rain
c5d864fa-34365f4f.jpg,F:\xlw\bdd100k_final\images\100k\val\c5d864fa-34365f4f.jpg,val,rainy,daytime,rain
c5d864fa-3b452090.jpg,F:\xlw\bdd100k_final\images\100k\val\c5d864fa-3b452090.jpg,val,rainy,daytime,rain
c5d864fa-46e3de37.jpg,F:\xlw\bdd100k_final\images\100k\val\c5d864fa-46e3de37.jpg,val,rainy,daytime,rain
c5d864fa-8e525d48.jpg,F:\xlw\bdd100k_final\images\100k\val\c5d864fa-8e525d48.jpg,val,rainy,daytime,rain
c5d864fa-a008f891.jpg,F:\xlw\bdd100k_final\images\100k\val\c5d864fa-a008f891.jpg,val,rainy,daytime,rain
c5d864fa-a4e15b55.jpg,F:\xlw\bdd100k_final\images\100k\val\c5d864fa-a4e15b55.jpg,val,rainy,daytime,rain
c5d864fa-b0b2380b.jpg,F:\xlw\bdd100k_final\images\100k\val\c5d864fa-b0b2380b.jpg,val,rainy,daytime,rain
c5d864fa-b3fffe5d.jpg,F:\xlw\bdd100k_final\images\100k\val\c5d864fa-b3fffe5d.jpg,val,rainy,daytime,rain
c5d864fa-dec84644.jpg,F:\xlw\bdd100k_final\images\100k\val\c5d864fa-dec84644.jpg,val,rainy,daytime,rain
c5dd12e7-e1f925bf.jpg,F:\xlw\bdd100k_final\images\100k\val\c5dd12e7-e1f925bf.jpg,val,clear,daytime,clear
c5dd7a2a-bab83a60.jpg,F:\xlw\bdd100k_final\images\100k\val\c5dd7a2a-bab83a60.jpg,val,clear,night,night
c5dd7de4-53608747.jpg,F:\xlw\bdd100k_final\images\100k\val\c5dd7de4-53608747.jpg,val,clear,daytime,clear
c5dee1e2-e17da4f5.jpg,F:\xlw\bdd100k_final\images\100k\val\c5dee1e2-e17da4f5.jpg,val,rainy,daytime,rain
c5def92b-a0699b4e.jpg,F:\xlw\bdd100k_final\images\100k\val\c5def92b-a0699b4e.jpg,val,partly cloudy,daytime,clear
c5e29bbb-9d7569ec.jpg,F:\xlw\bdd100k_final\images\100k\val\c5e29bbb-9d7569ec.jpg,val,clear,night,night
c5e29bbb-d09c83c8.jpg,F:\xlw\bdd100k_final\images\100k\val\c5e29bbb-d09c83c8.jpg,val,clear,night,night
c5e32cf6-7d2e04b4.jpg,F:\xlw\bdd100k_final\images\100k\val\c5e32cf6-7d2e04b4.jpg,val,partly cloudy,daytime,clear
c5e32cf6-89b8fb88.jpg,F:\xlw\bdd100k_final\images\100k\val\c5e32cf6-89b8fb88.jpg,val,clear,daytime,clear
c5e32cf6-cd1cec66.jpg,F:\xlw\bdd100k_final\images\100k\val\c5e32cf6-cd1cec66.jpg,val,clear,daytime,clear
c5e41dc2-3efd50c3.jpg,F:\xlw\bdd100k_final\images\100k\val\c5e41dc2-3efd50c3.jpg,val,overcast,daytime,clear
c5e41dc2-4be2c885.jpg,F:\xlw\bdd100k_final\images\100k\val\c5e41dc2-4be2c885.jpg,val,overcast,daytime,clear
c5e41dc2-537a34c6.jpg,F:\xlw\bdd100k_final\images\100k\val\c5e41dc2-537a34c6.jpg,val,overcast,daytime,clear
c5e41dc2-b8afddfc.jpg,F:\xlw\bdd100k_final\images\100k\val\c5e41dc2-b8afddfc.jpg,val,partly cloudy,daytime,clear
c5e41dc2-c5eb4569.jpg,F:\xlw\bdd100k_final\images\100k\val\c5e41dc2-c5eb4569.jpg,val,overcast,daytime,clear
c5e8457e-381c8a85.jpg,F:\xlw\bdd100k_final\images\100k\val\c5e8457e-381c8a85.jpg,val,overcast,daytime,clear
c5e8ab3b-6e92761c.jpg,F:\xlw\bdd100k_final\images\100k\val\c5e8ab3b-6e92761c.jpg,val,clear,daytime,clear
c5ea1566-5388419a.jpg,F:\xlw\bdd100k_final\images\100k\val\c5ea1566-5388419a.jpg,val,clear,daytime,clear
c5ea1566-561af343.jpg,F:\xlw\bdd100k_final\images\100k\val\c5ea1566-561af343.jpg,val,clear,daytime,clear
c5eb7f02-2eeb75ed.jpg,F:\xlw\bdd100k_final\images\100k\val\c5eb7f02-2eeb75ed.jpg,val,clear,daytime,clear
c5eb7f02-4de68c54.jpg,F:\xlw\bdd100k_final\images\100k\val\c5eb7f02-4de68c54.jpg,val,clear,daytime,clear
c5eb7f02-80a6bb1c.jpg,F:\xlw\bdd100k_final\images\100k\val\c5eb7f02-80a6bb1c.jpg,val,clear,daytime,clear
c5ec1247-80a84ca0.jpg,F:\xlw\bdd100k_final\images\100k\val\c5ec1247-80a84ca0.jpg,val,clear,daytime,clear
c5ec5261-567ff509.jpg,F:\xlw\bdd100k_final\images\100k\val\c5ec5261-567ff509.jpg,val,clear,night,night
c5ed5d69-f2a3b0ed.jpg,F:\xlw\bdd100k_final\images\100k\val\c5ed5d69-f2a3b0ed.jpg,val,clear,night,night
c5eebbf5-1450247a.jpg,F:\xlw\bdd100k_final\images\100k\val\c5eebbf5-1450247a.jpg,val,clear,night,night
c5f0cacd-26e83cd1.jpg,F:\xlw\bdd100k_final\images\100k\val\c5f0cacd-26e83cd1.jpg,val,clear,night,night
c5f0cacd-3c4333b4.jpg,F:\xlw\bdd100k_final\images\100k\val\c5f0cacd-3c4333b4.jpg,val,clear,night,night
c5f27105-45b3e276.jpg,F:\xlw\bdd100k_final\images\100k\val\c5f27105-45b3e276.jpg,val,partly cloudy,daytime,clear
c5f2e071-fcf05969.jpg,F:\xlw\bdd100k_final\images\100k\val\c5f2e071-fcf05969.jpg,val,clear,daytime,clear
c5f31e54-2e91ccbd.jpg,F:\xlw\bdd100k_final\images\100k\val\c5f31e54-2e91ccbd.jpg,val,clear,night,night
c5f31e54-76b8c52c.jpg,F:\xlw\bdd100k_final\images\100k\val\c5f31e54-76b8c52c.jpg,val,clear,daytime,clear
c5f4350d-de142038.jpg,F:\xlw\bdd100k_final\images\100k\val\c5f4350d-de142038.jpg,val,clear,night,night
c5f4b6d4-0a740188.jpg,F:\xlw\bdd100k_final\images\100k\val\c5f4b6d4-0a740188.jpg,val,snowy,daytime,snow
c5f4b6d4-92bcf575.jpg,F:\xlw\bdd100k_final\images\100k\val\c5f4b6d4-92bcf575.jpg,val,snowy,daytime,snow
c5f4b6d4-eb1f94b7.jpg,F:\xlw\bdd100k_final\images\100k\val\c5f4b6d4-eb1f94b7.jpg,val,snowy,daytime,snow
c5f523f3-b5a9057e.jpg,F:\xlw\bdd100k_final\images\100k\val\c5f523f3-b5a9057e.jpg,val,clear,night,night
c5f99fea-d9ccc213.jpg,F:\xlw\bdd100k_final\images\100k\val\c5f99fea-d9ccc213.jpg,val,partly cloudy,daytime,clear
c5fa2573-a33e9b84.jpg,F:\xlw\bdd100k_final\images\100k\val\c5fa2573-a33e9b84.jpg,val,clear,night,night
c5fac5ad-8854736e.jpg,F:\xlw\bdd100k_final\images\100k\val\c5fac5ad-8854736e.jpg,val,overcast,night,night
c5fb6c66-c243092c.jpg,F:\xlw\bdd100k_final\images\100k\val\c5fb6c66-c243092c.jpg,val,rainy,daytime,rain
c5fcf26b-c3f9aa67.jpg,F:\xlw\bdd100k_final\images\100k\val\c5fcf26b-c3f9aa67.jpg,val,clear,daytime,clear
c5fd03fa-70ea30f9.jpg,F:\xlw\bdd100k_final\images\100k\val\c5fd03fa-70ea30f9.jpg,val,clear,night,night
c5fe7f8b-38ce05b2.jpg,F:\xlw\bdd100k_final\images\100k\val\c5fe7f8b-38ce05b2.jpg,val,partly cloudy,daytime,clear
c5fe7f8b-522055d5.jpg,F:\xlw\bdd100k_final\images\100k\val\c5fe7f8b-522055d5.jpg,val,clear,daytime,clear
c5feca03-0f32ddcf.jpg,F:\xlw\bdd100k_final\images\100k\val\c5feca03-0f32ddcf.jpg,val,clear,daytime,clear
c5ffb92c-67f32de8.jpg,F:\xlw\bdd100k_final\images\100k\val\c5ffb92c-67f32de8.jpg,val,clear,night,night
c5ffb92c-772cfc9c.jpg,F:\xlw\bdd100k_final\images\100k\val\c5ffb92c-772cfc9c.jpg,val,clear,night,night
c6013f78-376051fb.jpg,F:\xlw\bdd100k_final\images\100k\val\c6013f78-376051fb.jpg,val,overcast,daytime,clear
c60144b6-3d65950d.jpg,F:\xlw\bdd100k_final\images\100k\val\c60144b6-3d65950d.jpg,val,clear,night,night
c60144b6-62841efb.jpg,F:\xlw\bdd100k_final\images\100k\val\c60144b6-62841efb.jpg,val,clear,night,night
c60144b6-76df711e.jpg,F:\xlw\bdd100k_final\images\100k\val\c60144b6-76df711e.jpg,val,clear,night,night
c60144b6-ddad5125.jpg,F:\xlw\bdd100k_final\images\100k\val\c60144b6-ddad5125.jpg,val,clear,daytime,clear
c602b3c5-8f9a3aef.jpg,F:\xlw\bdd100k_final\images\100k\val\c602b3c5-8f9a3aef.jpg,val,clear,night,night
c6033a7e-3c3211ec.jpg,F:\xlw\bdd100k_final\images\100k\val\c6033a7e-3c3211ec.jpg,val,partly cloudy,daytime,clear
c60535ee-007fd6dd.jpg,F:\xlw\bdd100k_final\images\100k\val\c60535ee-007fd6dd.jpg,val,clear,daytime,clear
c605bc6e-78064ec8.jpg,F:\xlw\bdd100k_final\images\100k\val\c605bc6e-78064ec8.jpg,val,snowy,night,night
c605bc6e-a4a48e5c.jpg,F:\xlw\bdd100k_final\images\100k\val\c605bc6e-a4a48e5c.jpg,val,snowy,night,night
c605bc6e-b329a5c1.jpg,F:\xlw\bdd100k_final\images\100k\val\c605bc6e-b329a5c1.jpg,val,snowy,night,night
c606dc56-2a64e82c.jpg,F:\xlw\bdd100k_final\images\100k\val\c606dc56-2a64e82c.jpg,val,clear,night,night
c6079e86-f5203076.jpg,F:\xlw\bdd100k_final\images\100k\val\c6079e86-f5203076.jpg,val,overcast,daytime,clear
c6083af3-97345ce2.jpg,F:\xlw\bdd100k_final\images\100k\val\c6083af3-97345ce2.jpg,val,partly cloudy,daytime,clear
c6085e74-b63938e2.jpg,F:\xlw\bdd100k_final\images\100k\val\c6085e74-b63938e2.jpg,val,rainy,daytime,rain
c6089c97-fb6682fb.jpg,F:\xlw\bdd100k_final\images\100k\val\c6089c97-fb6682fb.jpg,val,clear,daytime,clear
c60b2910-c3ce88e1.jpg,F:\xlw\bdd100k_final\images\100k\val\c60b2910-c3ce88e1.jpg,val,clear,night,night
c60b2910-e0fb459f.jpg,F:\xlw\bdd100k_final\images\100k\val\c60b2910-e0fb459f.jpg,val,overcast,daytime,clear
c60b2910-eb72d5a2.jpg,F:\xlw\bdd100k_final\images\100k\val\c60b2910-eb72d5a2.jpg,val,overcast,daytime,clear
c60b6c7a-3bc6fa12.jpg,F:\xlw\bdd100k_final\images\100k\val\c60b6c7a-3bc6fa12.jpg,val,clear,night,night
c60c04c3-10c3f122.jpg,F:\xlw\bdd100k_final\images\100k\val\c60c04c3-10c3f122.jpg,val,clear,daytime,clear
c60c04c3-b48a4e84.jpg,F:\xlw\bdd100k_final\images\100k\val\c60c04c3-b48a4e84.jpg,val,clear,daytime,clear
c60d6c5c-11adb0a5.jpg,F:\xlw\bdd100k_final\images\100k\val\c60d6c5c-11adb0a5.jpg,val,clear,daytime,clear
c60d6c5c-689d8921.jpg,F:\xlw\bdd100k_final\images\100k\val\c60d6c5c-689d8921.jpg,val,overcast,daytime,clear
c60db1dc-73c1e986.jpg,F:\xlw\bdd100k_final\images\100k\val\c60db1dc-73c1e986.jpg,val,snowy,daytime,snow
c60db1dc-f8f24f9f.jpg,F:\xlw\bdd100k_final\images\100k\val\c60db1dc-f8f24f9f.jpg,val,snowy,daytime,snow
c60dc8c4-3c29b3e3.jpg,F:\xlw\bdd100k_final\images\100k\val\c60dc8c4-3c29b3e3.jpg,val,rainy,daytime,rain
c60dc8c4-c8c80749.jpg,F:\xlw\bdd100k_final\images\100k\val\c60dc8c4-c8c80749.jpg,val,overcast,daytime,clear
c60deb3c-d8219cc9.jpg,F:\xlw\bdd100k_final\images\100k\val\c60deb3c-d8219cc9.jpg,val,snowy,daytime,snow
c60ffc99-13f7f8e0.jpg,F:\xlw\bdd100k_final\images\100k\val\c60ffc99-13f7f8e0.jpg,val,overcast,daytime,clear
c614250f-060df27c.jpg,F:\xlw\bdd100k_final\images\100k\val\c614250f-060df27c.jpg,val,clear,night,night
c614250f-612cd1b1.jpg,F:\xlw\bdd100k_final\images\100k\val\c614250f-612cd1b1.jpg,val,clear,night,night
c614250f-8197deb8.jpg,F:\xlw\bdd100k_final\images\100k\val\c614250f-8197deb8.jpg,val,clear,night,night
c6148dad-32f6f2b2.jpg,F:\xlw\bdd100k_final\images\100k\val\c6148dad-32f6f2b2.jpg,val,partly cloudy,daytime,clear
c614be17-f1d896e0.jpg,F:\xlw\bdd100k_final\images\100k\val\c614be17-f1d896e0.jpg,val,clear,night,night
c617d219-c5bb6104.jpg,F:\xlw\bdd100k_final\images\100k\val\c617d219-c5bb6104.jpg,val,clear,night,night
c6180886-aaf908a0.jpg,F:\xlw\bdd100k_final\images\100k\val\c6180886-aaf908a0.jpg,val,overcast,daytime,clear
c61820fc-ba8d6a48.jpg,F:\xlw\bdd100k_final\images\100k\val\c61820fc-ba8d6a48.jpg,val,snowy,night,night
c6193869-d2f9aed1.jpg,F:\xlw\bdd100k_final\images\100k\val\c6193869-d2f9aed1.jpg,val,clear,night,night
c61af85d-0570a2a9.jpg,F:\xlw\bdd100k_final\images\100k\val\c61af85d-0570a2a9.jpg,val,overcast,daytime,clear
c61c91ec-1c678f63.jpg,F:\xlw\bdd100k_final\images\100k\val\c61c91ec-1c678f63.jpg,val,overcast,daytime,clear
c61cc09d-620a73cb.jpg,F:\xlw\bdd100k_final\images\100k\val\c61cc09d-620a73cb.jpg,val,overcast,daytime,clear
c61e0f0d-188e2618.jpg,F:\xlw\bdd100k_final\images\100k\val\c61e0f0d-188e2618.jpg,val,clear,night,night
c61e0f0d-96124634.jpg,F:\xlw\bdd100k_final\images\100k\val\c61e0f0d-96124634.jpg,val,clear,night,night
c61e36b0-4e14731e.jpg,F:\xlw\bdd100k_final\images\100k\val\c61e36b0-4e14731e.jpg,val,rainy,night,night
c62073d1-3d9adad7.jpg,F:\xlw\bdd100k_final\images\100k\val\c62073d1-3d9adad7.jpg,val,clear,night,night
c620ac7c-124d4be5.jpg,F:\xlw\bdd100k_final\images\100k\val\c620ac7c-124d4be5.jpg,val,clear,night,night
c620ac7c-3bbb50e2.jpg,F:\xlw\bdd100k_final\images\100k\val\c620ac7c-3bbb50e2.jpg,val,clear,night,night
c620ac7c-f3d4e50c.jpg,F:\xlw\bdd100k_final\images\100k\val\c620ac7c-f3d4e50c.jpg,val,clear,night,night
c6265010-8caa470f.jpg,F:\xlw\bdd100k_final\images\100k\val\c6265010-8caa470f.jpg,val,clear,night,night
c62664f1-b6fec7e5.jpg,F:\xlw\bdd100k_final\images\100k\val\c62664f1-b6fec7e5.jpg,val,clear,daytime,clear
c629768e-7da2d4f0.jpg,F:\xlw\bdd100k_final\images\100k\val\c629768e-7da2d4f0.jpg,val,clear,night,night
c62ba5b8-0efc4385.jpg,F:\xlw\bdd100k_final\images\100k\val\c62ba5b8-0efc4385.jpg,val,clear,daytime,clear
c62ba5b8-9119eae7.jpg,F:\xlw\bdd100k_final\images\100k\val\c62ba5b8-9119eae7.jpg,val,clear,daytime,clear
c62ba5b8-bfa3fbad.jpg,F:\xlw\bdd100k_final\images\100k\val\c62ba5b8-bfa3fbad.jpg,val,clear,daytime,clear
c62cf532-b431541d.jpg,F:\xlw\bdd100k_final\images\100k\val\c62cf532-b431541d.jpg,val,clear,night,night
c62dc284-683bf6e9.jpg,F:\xlw\bdd100k_final\images\100k\val\c62dc284-683bf6e9.jpg,val,snowy,daytime,snow
c62dc284-926392bf.jpg,F:\xlw\bdd100k_final\images\100k\val\c62dc284-926392bf.jpg,val,snowy,daytime,snow
c62dc284-faca580e.jpg,F:\xlw\bdd100k_final\images\100k\val\c62dc284-faca580e.jpg,val,snowy,daytime,snow
c62efadc-a4255fc1.jpg,F:\xlw\bdd100k_final\images\100k\val\c62efadc-a4255fc1.jpg,val,clear,daytime,clear
c62efadc-d5d01fc2.jpg,F:\xlw\bdd100k_final\images\100k\val\c62efadc-d5d01fc2.jpg,val,clear,daytime,clear
c6301763-2abac61a.jpg,F:\xlw\bdd100k_final\images\100k\val\c6301763-2abac61a.jpg,val,clear,night,night
c630c103-34a53b18.jpg,F:\xlw\bdd100k_final\images\100k\val\c630c103-34a53b18.jpg,val,rainy,night,night
c6320aee-c3faffdc.jpg,F:\xlw\bdd100k_final\images\100k\val\c6320aee-c3faffdc.jpg,val,clear,daytime,clear
c6338e17-c0df8fbe.jpg,F:\xlw\bdd100k_final\images\100k\val\c6338e17-c0df8fbe.jpg,val,clear,night,night
c634f845-8fdb6a3e.jpg,F:\xlw\bdd100k_final\images\100k\val\c634f845-8fdb6a3e.jpg,val,clear,night,night
c6367bde-a28b0ad2.jpg,F:\xlw\bdd100k_final\images\100k\val\c6367bde-a28b0ad2.jpg,val,rainy,daytime,rain
c63864a9-35e14676.jpg,F:\xlw\bdd100k_final\images\100k\val\c63864a9-35e14676.jpg,val,overcast,daytime,clear
c6387d9e-26028281.jpg,F:\xlw\bdd100k_final\images\100k\val\c6387d9e-26028281.jpg,val,rainy,night,night
c6387d9e-b30064de.jpg,F:\xlw\bdd100k_final\images\100k\val\c6387d9e-b30064de.jpg,val,clear,night,night
c63bf933-0514a263.jpg,F:\xlw\bdd100k_final\images\100k\val\c63bf933-0514a263.jpg,val,clear,night,night
c63c27a4-6c1b3f4e.jpg,F:\xlw\bdd100k_final\images\100k\val\c63c27a4-6c1b3f4e.jpg,val,clear,night,night
c63da3b1-bb66bf72.jpg,F:\xlw\bdd100k_final\images\100k\val\c63da3b1-bb66bf72.jpg,val,clear,night,night
c63da678-d3f535e3.jpg,F:\xlw\bdd100k_final\images\100k\val\c63da678-d3f535e3.jpg,val,clear,night,night
c63df65f-acb7276e.jpg,F:\xlw\bdd100k_final\images\100k\val\c63df65f-acb7276e.jpg,val,overcast,daytime,clear
c63f6bb5-e23a253e.jpg,F:\xlw\bdd100k_final\images\100k\val\c63f6bb5-e23a253e.jpg,val,partly cloudy,daytime,clear
c63f6bb5-f2449af8.jpg,F:\xlw\bdd100k_final\images\100k\val\c63f6bb5-f2449af8.jpg,val,partly cloudy,daytime,clear
c6406d76-4b7872d2.jpg,F:\xlw\bdd100k_final\images\100k\val\c6406d76-4b7872d2.jpg,val,clear,daytime,clear
c6406d76-bbf7229f.jpg,F:\xlw\bdd100k_final\images\100k\val\c6406d76-bbf7229f.jpg,val,partly cloudy,daytime,clear
c640ffda-035e5b98.jpg,F:\xlw\bdd100k_final\images\100k\val\c640ffda-035e5b98.jpg,val,clear,daytime,clear
c6424a42-1e0e0f7c.jpg,F:\xlw\bdd100k_final\images\100k\val\c6424a42-1e0e0f7c.jpg,val,snowy,daytime,snow
c6424a42-272aa782.jpg,F:\xlw\bdd100k_final\images\100k\val\c6424a42-272aa782.jpg,val,snowy,daytime,snow
c643f246-e29733b4.jpg,F:\xlw\bdd100k_final\images\100k\val\c643f246-e29733b4.jpg,val,clear,night,night
c644bce5-310a172f.jpg,F:\xlw\bdd100k_final\images\100k\val\c644bce5-310a172f.jpg,val,overcast,daytime,clear
c644bce5-b6465290.jpg,F:\xlw\bdd100k_final\images\100k\val\c644bce5-b6465290.jpg,val,overcast,daytime,clear
c644e81b-53cbf3b6.jpg,F:\xlw\bdd100k_final\images\100k\val\c644e81b-53cbf3b6.jpg,val,clear,daytime,clear
c644e81b-d8e6dcc0.jpg,F:\xlw\bdd100k_final\images\100k\val\c644e81b-d8e6dcc0.jpg,val,clear,daytime,clear
c6459d6c-2a477f42.jpg,F:\xlw\bdd100k_final\images\100k\val\c6459d6c-2a477f42.jpg,val,clear,daytime,clear
c6459d6c-e50530d0.jpg,F:\xlw\bdd100k_final\images\100k\val\c6459d6c-e50530d0.jpg,val,clear,daytime,clear
c6468284-3d60a86b.jpg,F:\xlw\bdd100k_final\images\100k\val\c6468284-3d60a86b.jpg,val,partly cloudy,daytime,clear
c647174d-4f64af93.jpg,F:\xlw\bdd100k_final\images\100k\val\c647174d-4f64af93.jpg,val,partly cloudy,daytime,clear
c64d4efa-0a2488a5.jpg,F:\xlw\bdd100k_final\images\100k\val\c64d4efa-0a2488a5.jpg,val,clear,daytime,clear
c64d742b-1ecf1b4b.jpg,F:\xlw\bdd100k_final\images\100k\val\c64d742b-1ecf1b4b.jpg,val,clear,night,night
c64d742b-b58c8bc3.jpg,F:\xlw\bdd100k_final\images\100k\val\c64d742b-b58c8bc3.jpg,val,clear,night,night
c64dd3d9-3981f6e3.jpg,F:\xlw\bdd100k_final\images\100k\val\c64dd3d9-3981f6e3.jpg,val,clear,daytime,clear
c64dd3d9-afe20215.jpg,F:\xlw\bdd100k_final\images\100k\val\c64dd3d9-afe20215.jpg,val,clear,daytime,clear
c64dd3d9-ed092171.jpg,F:\xlw\bdd100k_final\images\100k\val\c64dd3d9-ed092171.jpg,val,clear,daytime,clear
c650b257-a545cebf.jpg,F:\xlw\bdd100k_final\images\100k\val\c650b257-a545cebf.jpg,val,clear,daytime,clear
c6549c4a-21436fe0.jpg,F:\xlw\bdd100k_final\images\100k\val\c6549c4a-21436fe0.jpg,val,clear,night,night
c6549c4a-35d928df.jpg,F:\xlw\bdd100k_final\images\100k\val\c6549c4a-35d928df.jpg,val,rainy,night,night
c6549c4a-4832b39e.jpg,F:\xlw\bdd100k_final\images\100k\val\c6549c4a-4832b39e.jpg,val,clear,night,night
c6549c4a-525a2429.jpg,F:\xlw\bdd100k_final\images\100k\val\c6549c4a-525a2429.jpg,val,clear,night,night
c6549c4a-57169b63.jpg,F:\xlw\bdd100k_final\images\100k\val\c6549c4a-57169b63.jpg,val,clear,night,night
c6549c4a-58a407e4.jpg,F:\xlw\bdd100k_final\images\100k\val\c6549c4a-58a407e4.jpg,val,clear,night,night
c6549c4a-6d2e9309.jpg,F:\xlw\bdd100k_final\images\100k\val\c6549c4a-6d2e9309.jpg,val,clear,night,night
c6549c4a-9fe4c6f6.jpg,F:\xlw\bdd100k_final\images\100k\val\c6549c4a-9fe4c6f6.jpg,val,clear,night,night
c6549c4a-b2454b41.jpg,F:\xlw\bdd100k_final\images\100k\val\c6549c4a-b2454b41.jpg,val,clear,night,night
c6549c4a-d3fc68f7.jpg,F:\xlw\bdd100k_final\images\100k\val\c6549c4a-d3fc68f7.jpg,val,clear,night,night
c65628b7-0a11aa60.jpg,F:\xlw\bdd100k_final\images\100k\val\c65628b7-0a11aa60.jpg,val,clear,night,night
c65628b7-27006fb6.jpg,F:\xlw\bdd100k_final\images\100k\val\c65628b7-27006fb6.jpg,val,clear,night,night
c65628b7-6c13c99d.jpg,F:\xlw\bdd100k_final\images\100k\val\c65628b7-6c13c99d.jpg,val,clear,night,night
c65628b7-78e929a2.jpg,F:\xlw\bdd100k_final\images\100k\val\c65628b7-78e929a2.jpg,val,clear,night,night
c65628b7-8260b5b1.jpg,F:\xlw\bdd100k_final\images\100k\val\c65628b7-8260b5b1.jpg,val,clear,night,night
c65628b7-82c1aa6f.jpg,F:\xlw\bdd100k_final\images\100k\val\c65628b7-82c1aa6f.jpg,val,clear,night,night
c65628b7-b1f37776.jpg,F:\xlw\bdd100k_final\images\100k\val\c65628b7-b1f37776.jpg,val,clear,night,night
c65628b7-d705638d.jpg,F:\xlw\bdd100k_final\images\100k\val\c65628b7-d705638d.jpg,val,clear,night,night
c656f999-970e284f.jpg,F:\xlw\bdd100k_final\images\100k\val\c656f999-970e284f.jpg,val,clear,daytime,clear
c65715c7-47338a24.jpg,F:\xlw\bdd100k_final\images\100k\val\c65715c7-47338a24.jpg,val,clear,night,night
c6580b8a-368c5647.jpg,F:\xlw\bdd100k_final\images\100k\val\c6580b8a-368c5647.jpg,val,clear,daytime,clear
c6580b8a-7a0bd033.jpg,F:\xlw\bdd100k_final\images\100k\val\c6580b8a-7a0bd033.jpg,val,partly cloudy,daytime,clear
c658c9ae-0a49e06c.jpg,F:\xlw\bdd100k_final\images\100k\val\c658c9ae-0a49e06c.jpg,val,overcast,daytime,clear
c659e062-f6e9aeab.jpg,F:\xlw\bdd100k_final\images\100k\val\c659e062-f6e9aeab.jpg,val,clear,daytime,clear
c65b8cb4-e2aa6d2f.jpg,F:\xlw\bdd100k_final\images\100k\val\c65b8cb4-e2aa6d2f.jpg,val,clear,daytime,clear
c65c2462-96e8ae92.jpg,F:\xlw\bdd100k_final\images\100k\val\c65c2462-96e8ae92.jpg,val,overcast,daytime,clear
c65c2462-ccc20dff.jpg,F:\xlw\bdd100k_final\images\100k\val\c65c2462-ccc20dff.jpg,val,clear,daytime,clear
c65d48bf-0992c93a.jpg,F:\xlw\bdd100k_final\images\100k\val\c65d48bf-0992c93a.jpg,val,clear,night,night
c65d48bf-11a2512b.jpg,F:\xlw\bdd100k_final\images\100k\val\c65d48bf-11a2512b.jpg,val,clear,night,night
c65d48bf-2d317fb3.jpg,F:\xlw\bdd100k_final\images\100k\val\c65d48bf-2d317fb3.jpg,val,clear,night,night
c65d48bf-5b33d44d.jpg,F:\xlw\bdd100k_final\images\100k\val\c65d48bf-5b33d44d.jpg,val,clear,night,night
c65d48bf-626aeec8.jpg,F:\xlw\bdd100k_final\images\100k\val\c65d48bf-626aeec8.jpg,val,clear,night,night
c65d48bf-92b77f49.jpg,F:\xlw\bdd100k_final\images\100k\val\c65d48bf-92b77f49.jpg,val,clear,daytime,clear
c65d48bf-be0f479e.jpg,F:\xlw\bdd100k_final\images\100k\val\c65d48bf-be0f479e.jpg,val,clear,night,night
c65d48bf-dd2e932b.jpg,F:\xlw\bdd100k_final\images\100k\val\c65d48bf-dd2e932b.jpg,val,clear,night,night
c65d48bf-e65698bd.jpg,F:\xlw\bdd100k_final\images\100k\val\c65d48bf-e65698bd.jpg,val,clear,daytime,clear
c65eb5d6-e90e41da.jpg,F:\xlw\bdd100k_final\images\100k\val\c65eb5d6-e90e41da.jpg,val,clear,night,night
c65fad1e-08c796e4.jpg,F:\xlw\bdd100k_final\images\100k\val\c65fad1e-08c796e4.jpg,val,clear,night,night
c65fad1e-d790b8ce.jpg,F:\xlw\bdd100k_final\images\100k\val\c65fad1e-d790b8ce.jpg,val,clear,night,night
c661115f-f6d1c64b.jpg,F:\xlw\bdd100k_final\images\100k\val\c661115f-f6d1c64b.jpg,val,clear,night,night
c66202a8-69baf495.jpg,F:\xlw\bdd100k_final\images\100k\val\c66202a8-69baf495.jpg,val,undefined,night,night
c663ebc6-21dbeb77.jpg,F:\xlw\bdd100k_final\images\100k\val\c663ebc6-21dbeb77.jpg,val,overcast,daytime,clear
c664605e-3e933e30.jpg,F:\xlw\bdd100k_final\images\100k\val\c664605e-3e933e30.jpg,val,overcast,daytime,clear
c664605e-44460227.jpg,F:\xlw\bdd100k_final\images\100k\val\c664605e-44460227.jpg,val,clear,daytime,clear
c664605e-abd72a76.jpg,F:\xlw\bdd100k_final\images\100k\val\c664605e-abd72a76.jpg,val,clear,daytime,clear
c665137e-a9471287.jpg,F:\xlw\bdd100k_final\images\100k\val\c665137e-a9471287.jpg,val,clear,daytime,clear
c665137e-c5ba935a.jpg,F:\xlw\bdd100k_final\images\100k\val\c665137e-c5ba935a.jpg,val,clear,daytime,clear
c66c11e4-d8f18588.jpg,F:\xlw\bdd100k_final\images\100k\val\c66c11e4-d8f18588.jpg,val,clear,night,night
c66c630d-0ffac45a.jpg,F:\xlw\bdd100k_final\images\100k\val\c66c630d-0ffac45a.jpg,val,rainy,daytime,rain
c66c630d-50cda53e.jpg,F:\xlw\bdd100k_final\images\100k\val\c66c630d-50cda53e.jpg,val,rainy,daytime,rain
c66c630d-66c67fe0.jpg,F:\xlw\bdd100k_final\images\100k\val\c66c630d-66c67fe0.jpg,val,rainy,daytime,rain
c66c630d-8cc5464a.jpg,F:\xlw\bdd100k_final\images\100k\val\c66c630d-8cc5464a.jpg,val,rainy,daytime,rain
c66c630d-a9d179a7.jpg,F:\xlw\bdd100k_final\images\100k\val\c66c630d-a9d179a7.jpg,val,rainy,daytime,rain
c66c630d-fd7e3bff.jpg,F:\xlw\bdd100k_final\images\100k\val\c66c630d-fd7e3bff.jpg,val,rainy,daytime,rain
c66c709e-de7a55ed.jpg,F:\xlw\bdd100k_final\images\100k\val\c66c709e-de7a55ed.jpg,val,overcast,daytime,clear
c66cd6fa-73c96046.jpg,F:\xlw\bdd100k_final\images\100k\val\c66cd6fa-73c96046.jpg,val,clear,night,night
c66cd6fa-979934f5.jpg,F:\xlw\bdd100k_final\images\100k\val\c66cd6fa-979934f5.jpg,val,clear,night,night
c66cd6fa-bd40ffc6.jpg,F:\xlw\bdd100k_final\images\100k\val\c66cd6fa-bd40ffc6.jpg,val,clear,night,night
c66cd6fa-e9647604.jpg,F:\xlw\bdd100k_final\images\100k\val\c66cd6fa-e9647604.jpg,val,clear,night,night
c66d2237-f9c0a1ef.jpg,F:\xlw\bdd100k_final\images\100k\val\c66d2237-f9c0a1ef.jpg,val,partly cloudy,daytime,clear
c66db7be-0ca75b1b.jpg,F:\xlw\bdd100k_final\images\100k\val\c66db7be-0ca75b1b.jpg,val,clear,night,night
c66f60f8-4a20099b.jpg,F:\xlw\bdd100k_final\images\100k\val\c66f60f8-4a20099b.jpg,val,overcast,daytime,clear
c67075c0-452a5634.jpg,F:\xlw\bdd100k_final\images\100k\val\c67075c0-452a5634.jpg,val,clear,night,night
c67075c0-f1638c70.jpg,F:\xlw\bdd100k_final\images\100k\val\c67075c0-f1638c70.jpg,val,clear,night,night
c6716c49-8a602ea6.jpg,F:\xlw\bdd100k_final\images\100k\val\c6716c49-8a602ea6.jpg,val,overcast,daytime,clear
c671fa68-14538adf.jpg,F:\xlw\bdd100k_final\images\100k\val\c671fa68-14538adf.jpg,val,clear,night,night
c6728701-1fccb956.jpg,F:\xlw\bdd100k_final\images\100k\val\c6728701-1fccb956.jpg,val,snowy,daytime,snow
c6728701-5480540c.jpg,F:\xlw\bdd100k_final\images\100k\val\c6728701-5480540c.jpg,val,snowy,night,night
c6728701-f427d429.jpg,F:\xlw\bdd100k_final\images\100k\val\c6728701-f427d429.jpg,val,snowy,night,night
c6735e95-d11ae6b2.jpg,F:\xlw\bdd100k_final\images\100k\val\c6735e95-d11ae6b2.jpg,val,clear,night,night
c675081b-df5291b4.jpg,F:\xlw\bdd100k_final\images\100k\val\c675081b-df5291b4.jpg,val,clear,daytime,clear
c6758a15-21120f89.jpg,F:\xlw\bdd100k_final\images\100k\val\c6758a15-21120f89.jpg,val,partly cloudy,daytime,clear
c6758a15-46130d04.jpg,F:\xlw\bdd100k_final\images\100k\val\c6758a15-46130d04.jpg,val,clear,daytime,clear
c6758a15-8b8246b8.jpg,F:\xlw\bdd100k_final\images\100k\val\c6758a15-8b8246b8.jpg,val,overcast,daytime,clear
c6758a15-9154b963.jpg,F:\xlw\bdd100k_final\images\100k\val\c6758a15-9154b963.jpg,val,partly cloudy,daytime,clear
c6758a15-c0202b07.jpg,F:\xlw\bdd100k_final\images\100k\val\c6758a15-c0202b07.jpg,val,partly cloudy,daytime,clear
c6758a15-d4e2e5ac.jpg,F:\xlw\bdd100k_final\images\100k\val\c6758a15-d4e2e5ac.jpg,val,partly cloudy,daytime,clear
c676514a-1f48a274.jpg,F:\xlw\bdd100k_final\images\100k\val\c676514a-1f48a274.jpg,val,clear,night,night
c676514a-85a373fc.jpg,F:\xlw\bdd100k_final\images\100k\val\c676514a-85a373fc.jpg,val,clear,night,night
c676514a-8b4d18b7.jpg,F:\xlw\bdd100k_final\images\100k\val\c676514a-8b4d18b7.jpg,val,undefined,night,night
c676514a-c538c5ba.jpg,F:\xlw\bdd100k_final\images\100k\val\c676514a-c538c5ba.jpg,val,clear,night,night
c676514a-f5d635ae.jpg,F:\xlw\bdd100k_final\images\100k\val\c676514a-f5d635ae.jpg,val,clear,night,night
c6774481-eeba09a9.jpg,F:\xlw\bdd100k_final\images\100k\val\c6774481-eeba09a9.jpg,val,snowy,night,night
c678271e-1cc5809d.jpg,F:\xlw\bdd100k_final\images\100k\val\c678271e-1cc5809d.jpg,val,clear,night,night
c678271e-55faa3a7.jpg,F:\xlw\bdd100k_final\images\100k\val\c678271e-55faa3a7.jpg,val,clear,night,night
c6785f37-20a97e19.jpg,F:\xlw\bdd100k_final\images\100k\val\c6785f37-20a97e19.jpg,val,clear,night,night
c6785f37-95b28780.jpg,F:\xlw\bdd100k_final\images\100k\val\c6785f37-95b28780.jpg,val,rainy,night,night
c678cb00-1c6211ab.jpg,F:\xlw\bdd100k_final\images\100k\val\c678cb00-1c6211ab.jpg,val,partly cloudy,daytime,clear
c67c0532-e4a96360.jpg,F:\xlw\bdd100k_final\images\100k\val\c67c0532-e4a96360.jpg,val,clear,daytime,clear
c67f1dd2-995c9a8f.jpg,F:\xlw\bdd100k_final\images\100k\val\c67f1dd2-995c9a8f.jpg,val,rainy,night,night
c682e776-650bfd20.jpg,F:\xlw\bdd100k_final\images\100k\val\c682e776-650bfd20.jpg,val,rainy,night,night
c682e776-d20a6f25.jpg,F:\xlw\bdd100k_final\images\100k\val\c682e776-d20a6f25.jpg,val,clear,night,night
c682e86e-049c847f.jpg,F:\xlw\bdd100k_final\images\100k\val\c682e86e-049c847f.jpg,val,overcast,daytime,clear
c683d905-119c0ee3.jpg,F:\xlw\bdd100k_final\images\100k\val\c683d905-119c0ee3.jpg,val,clear,night,night
c683d905-eca9ea1a.jpg,F:\xlw\bdd100k_final\images\100k\val\c683d905-eca9ea1a.jpg,val,clear,night,night
c684b9be-e666905f.jpg,F:\xlw\bdd100k_final\images\100k\val\c684b9be-e666905f.jpg,val,clear,daytime,clear
c685aea9-2f9e84d2.jpg,F:\xlw\bdd100k_final\images\100k\val\c685aea9-2f9e84d2.jpg,val,clear,daytime,clear
c6864b90-0632ce1d.jpg,F:\xlw\bdd100k_final\images\100k\val\c6864b90-0632ce1d.jpg,val,clear,daytime,clear
c6864b90-498a3912.jpg,F:\xlw\bdd100k_final\images\100k\val\c6864b90-498a3912.jpg,val,overcast,daytime,clear
c6866060-6e8de1dd.jpg,F:\xlw\bdd100k_final\images\100k\val\c6866060-6e8de1dd.jpg,val,snowy,night,night
c6869d32-cf456c0d.jpg,F:\xlw\bdd100k_final\images\100k\val\c6869d32-cf456c0d.jpg,val,clear,night,night
c687f5c9-13db3c6a.jpg,F:\xlw\bdd100k_final\images\100k\val\c687f5c9-13db3c6a.jpg,val,overcast,daytime,clear
c68a02cc-7324141d.jpg,F:\xlw\bdd100k_final\images\100k\val\c68a02cc-7324141d.jpg,val,clear,daytime,clear
c68b1d0c-06cda4b9.jpg,F:\xlw\bdd100k_final\images\100k\val\c68b1d0c-06cda4b9.jpg,val,clear,night,night
c68bb3b7-ae8ce5d9.jpg,F:\xlw\bdd100k_final\images\100k\val\c68bb3b7-ae8ce5d9.jpg,val,clear,daytime,clear
c68d9027-9707e4ed.jpg,F:\xlw\bdd100k_final\images\100k\val\c68d9027-9707e4ed.jpg,val,clear,daytime,clear
c68dcb6b-c1775bef.jpg,F:\xlw\bdd100k_final\images\100k\val\c68dcb6b-c1775bef.jpg,val,clear,daytime,clear
c68dcb6b-c30a5417.jpg,F:\xlw\bdd100k_final\images\100k\val\c68dcb6b-c30a5417.jpg,val,clear,daytime,clear
c68dcb6b-fe86ae43.jpg,F:\xlw\bdd100k_final\images\100k\val\c68dcb6b-fe86ae43.jpg,val,clear,daytime,clear
c68e50e0-1d6a90a8.jpg,F:\xlw\bdd100k_final\images\100k\val\c68e50e0-1d6a90a8.jpg,val,rainy,daytime,rain
c68e50e0-65803c55.jpg,F:\xlw\bdd100k_final\images\100k\val\c68e50e0-65803c55.jpg,val,rainy,daytime,rain
c68e50e0-91685ec0.jpg,F:\xlw\bdd100k_final\images\100k\val\c68e50e0-91685ec0.jpg,val,rainy,daytime,rain
c68f8fd2-61681484.jpg,F:\xlw\bdd100k_final\images\100k\val\c68f8fd2-61681484.jpg,val,overcast,daytime,clear
c690ecdd-1dd0cb93.jpg,F:\xlw\bdd100k_final\images\100k\val\c690ecdd-1dd0cb93.jpg,val,clear,night,night
c690ecdd-50b666c1.jpg,F:\xlw\bdd100k_final\images\100k\val\c690ecdd-50b666c1.jpg,val,clear,night,night
c690ecdd-f44a7b4f.jpg,F:\xlw\bdd100k_final\images\100k\val\c690ecdd-f44a7b4f.jpg,val,clear,night,night
c6921a51-1735be44.jpg,F:\xlw\bdd100k_final\images\100k\val\c6921a51-1735be44.jpg,val,clear,daytime,clear
c6921a51-7d615920.jpg,F:\xlw\bdd100k_final\images\100k\val\c6921a51-7d615920.jpg,val,clear,daytime,clear
c6921a51-a36f6af9.jpg,F:\xlw\bdd100k_final\images\100k\val\c6921a51-a36f6af9.jpg,val,clear,daytime,clear
c6921a51-c3847215.jpg,F:\xlw\bdd100k_final\images\100k\val\c6921a51-c3847215.jpg,val,clear,daytime,clear
c69227ec-e31502fc.jpg,F:\xlw\bdd100k_final\images\100k\val\c69227ec-e31502fc.jpg,val,clear,night,night
c692ed67-1f8ee968.jpg,F:\xlw\bdd100k_final\images\100k\val\c692ed67-1f8ee968.jpg,val,rainy,daytime,rain
c6959e96-3e8a0c43.jpg,F:\xlw\bdd100k_final\images\100k\val\c6959e96-3e8a0c43.jpg,val,clear,daytime,clear
c6959e96-6c064011.jpg,F:\xlw\bdd100k_final\images\100k\val\c6959e96-6c064011.jpg,val,partly cloudy,daytime,clear
c6959e96-dd05fa7a.jpg,F:\xlw\bdd100k_final\images\100k\val\c6959e96-dd05fa7a.jpg,val,clear,daytime,clear
c695fbd3-0a91a52f.jpg,F:\xlw\bdd100k_final\images\100k\val\c695fbd3-0a91a52f.jpg,val,overcast,daytime,clear
c696b1c8-4e0accee.jpg,F:\xlw\bdd100k_final\images\100k\val\c696b1c8-4e0accee.jpg,val,overcast,daytime,clear
c696b1c8-b2fba873.jpg,F:\xlw\bdd100k_final\images\100k\val\c696b1c8-b2fba873.jpg,val,clear,daytime,clear
c698371e-9085357c.jpg,F:\xlw\bdd100k_final\images\100k\val\c698371e-9085357c.jpg,val,clear,daytime,clear
c698371e-9c81ea92.jpg,F:\xlw\bdd100k_final\images\100k\val\c698371e-9c81ea92.jpg,val,overcast,daytime,clear
c698371e-c1d58557.jpg,F:\xlw\bdd100k_final\images\100k\val\c698371e-c1d58557.jpg,val,overcast,daytime,clear
c699a513-c5a722fe.jpg,F:\xlw\bdd100k_final\images\100k\val\c699a513-c5a722fe.jpg,val,undefined,night,night
c69b26c7-3fa6979b.jpg,F:\xlw\bdd100k_final\images\100k\val\c69b26c7-3fa6979b.jpg,val,clear,night,night
c69bb841-f9ad4a40.jpg,F:\xlw\bdd100k_final\images\100k\val\c69bb841-f9ad4a40.jpg,val,clear,night,night
c69d1519-d0c95d6b.jpg,F:\xlw\bdd100k_final\images\100k\val\c69d1519-d0c95d6b.jpg,val,clear,night,night
c69d1519-dfb88cdf.jpg,F:\xlw\bdd100k_final\images\100k\val\c69d1519-dfb88cdf.jpg,val,overcast,daytime,clear
c69d1519-f8c8bbe8.jpg,F:\xlw\bdd100k_final\images\100k\val\c69d1519-f8c8bbe8.jpg,val,clear,night,night
c69e5864-010993d7.jpg,F:\xlw\bdd100k_final\images\100k\val\c69e5864-010993d7.jpg,val,clear,night,night
c69e5864-06a7595c.jpg,F:\xlw\bdd100k_final\images\100k\val\c69e5864-06a7595c.jpg,val,clear,night,night
c69e5864-1e46bd03.jpg,F:\xlw\bdd100k_final\images\100k\val\c69e5864-1e46bd03.jpg,val,clear,night,night
c69e5864-73ad0cfc.jpg,F:\xlw\bdd100k_final\images\100k\val\c69e5864-73ad0cfc.jpg,val,clear,night,night
c69f536a-9d45ee3d.jpg,F:\xlw\bdd100k_final\images\100k\val\c69f536a-9d45ee3d.jpg,val,partly cloudy,daytime,clear
c6a0e7c1-4171ca59.jpg,F:\xlw\bdd100k_final\images\100k\val\c6a0e7c1-4171ca59.jpg,val,clear,daytime,clear
c6a0e7c1-b9bc987c.jpg,F:\xlw\bdd100k_final\images\100k\val\c6a0e7c1-b9bc987c.jpg,val,clear,daytime,clear
c6a0f0b4-648cd548.jpg,F:\xlw\bdd100k_final\images\100k\val\c6a0f0b4-648cd548.jpg,val,clear,night,night
c6a2100d-d6e54e21.jpg,F:\xlw\bdd100k_final\images\100k\val\c6a2100d-d6e54e21.jpg,val,clear,daytime,clear
c6a23a03-fb6ef9c3.jpg,F:\xlw\bdd100k_final\images\100k\val\c6a23a03-fb6ef9c3.jpg,val,clear,daytime,clear
c6a23c7a-6e9d3e9e.jpg,F:\xlw\bdd100k_final\images\100k\val\c6a23c7a-6e9d3e9e.jpg,val,clear,night,night
c6a2eca5-747ac934.jpg,F:\xlw\bdd100k_final\images\100k\val\c6a2eca5-747ac934.jpg,val,clear,night,night
c6a365eb-7d11a7c1.jpg,F:\xlw\bdd100k_final\images\100k\val\c6a365eb-7d11a7c1.jpg,val,rainy,night,night
c6a4abc9-35b69a8f.jpg,F:\xlw\bdd100k_final\images\100k\val\c6a4abc9-35b69a8f.jpg,val,clear,daytime,clear
c6a4abc9-e999da65.jpg,F:\xlw\bdd100k_final\images\100k\val\c6a4abc9-e999da65.jpg,val,snowy,daytime,snow
c6a5ec44-26ea8514.jpg,F:\xlw\bdd100k_final\images\100k\val\c6a5ec44-26ea8514.jpg,val,rainy,daytime,rain
c6a5ec44-7b0e5542.jpg,F:\xlw\bdd100k_final\images\100k\val\c6a5ec44-7b0e5542.jpg,val,foggy,daytime,fog
c6a94213-9e85fba1.jpg,F:\xlw\bdd100k_final\images\100k\val\c6a94213-9e85fba1.jpg,val,rainy,daytime,rain
c6ad7737-9c7f7e4e.jpg,F:\xlw\bdd100k_final\images\100k\val\c6ad7737-9c7f7e4e.jpg,val,clear,night,night
c6adfd20-170409d2.jpg,F:\xlw\bdd100k_final\images\100k\val\c6adfd20-170409d2.jpg,val,clear,night,night
c6adfd20-788e8bba.jpg,F:\xlw\bdd100k_final\images\100k\val\c6adfd20-788e8bba.jpg,val,clear,night,night
c6adfd20-c54d2b0f.jpg,F:\xlw\bdd100k_final\images\100k\val\c6adfd20-c54d2b0f.jpg,val,clear,night,night
c6adfd20-d22d0b5d.jpg,F:\xlw\bdd100k_final\images\100k\val\c6adfd20-d22d0b5d.jpg,val,undefined,night,night
c6adfd20-e456ed13.jpg,F:\xlw\bdd100k_final\images\100k\val\c6adfd20-e456ed13.jpg,val,clear,night,night
c6adfd20-ef044a06.jpg,F:\xlw\bdd100k_final\images\100k\val\c6adfd20-ef044a06.jpg,val,clear,night,night
c6af1e13-28b184aa.jpg,F:\xlw\bdd100k_final\images\100k\val\c6af1e13-28b184aa.jpg,val,clear,night,night
c6af1e13-951da297.jpg,F:\xlw\bdd100k_final\images\100k\val\c6af1e13-951da297.jpg,val,clear,night,night
c6b2d249-04498047.jpg,F:\xlw\bdd100k_final\images\100k\val\c6b2d249-04498047.jpg,val,partly cloudy,daytime,clear
c6b2e302-cdffaf82.jpg,F:\xlw\bdd100k_final\images\100k\val\c6b2e302-cdffaf82.jpg,val,clear,daytime,clear
c6b45cee-d74b5791.jpg,F:\xlw\bdd100k_final\images\100k\val\c6b45cee-d74b5791.jpg,val,partly cloudy,daytime,clear
c6b45cee-f5551819.jpg,F:\xlw\bdd100k_final\images\100k\val\c6b45cee-f5551819.jpg,val,partly cloudy,daytime,clear
c6b511a2-d0de577c.jpg,F:\xlw\bdd100k_final\images\100k\val\c6b511a2-d0de577c.jpg,val,snowy,daytime,snow
c6b518ec-31800547.jpg,F:\xlw\bdd100k_final\images\100k\val\c6b518ec-31800547.jpg,val,clear,daytime,clear
c6b748e6-e281f93f.jpg,F:\xlw\bdd100k_final\images\100k\val\c6b748e6-e281f93f.jpg,val,clear,night,night
c6b7ebec-b2b3a6c0.jpg,F:\xlw\bdd100k_final\images\100k\val\c6b7ebec-b2b3a6c0.jpg,val,overcast,daytime,clear
c6b8dc9c-1d5e230a.jpg,F:\xlw\bdd100k_final\images\100k\val\c6b8dc9c-1d5e230a.jpg,val,overcast,daytime,clear
c6b8f394-6e6a9b99.jpg,F:\xlw\bdd100k_final\images\100k\val\c6b8f394-6e6a9b99.jpg,val,clear,night,night
c6bb2e07-3276c201.jpg,F:\xlw\bdd100k_final\images\100k\val\c6bb2e07-3276c201.jpg,val,clear,daytime,clear
c6bb2e07-5ed95699.jpg,F:\xlw\bdd100k_final\images\100k\val\c6bb2e07-5ed95699.jpg,val,snowy,daytime,snow
c6bb2e07-b043bd9e.jpg,F:\xlw\bdd100k_final\images\100k\val\c6bb2e07-b043bd9e.jpg,val,clear,daytime,clear
c6bb3f2e-9bfda4df.jpg,F:\xlw\bdd100k_final\images\100k\val\c6bb3f2e-9bfda4df.jpg,val,clear,night,night
c6bb7ee7-9fec7fdb.jpg,F:\xlw\bdd100k_final\images\100k\val\c6bb7ee7-9fec7fdb.jpg,val,clear,daytime,clear
c6bb8a0c-bdba1c5d.jpg,F:\xlw\bdd100k_final\images\100k\val\c6bb8a0c-bdba1c5d.jpg,val,clear,daytime,clear
c6bc8f3a-29ce4dc7.jpg,F:\xlw\bdd100k_final\images\100k\val\c6bc8f3a-29ce4dc7.jpg,val,clear,night,night
c6bc8f3a-719bb999.jpg,F:\xlw\bdd100k_final\images\100k\val\c6bc8f3a-719bb999.jpg,val,clear,night,night
c6bd6f3b-d6ad11b5.jpg,F:\xlw\bdd100k_final\images\100k\val\c6bd6f3b-d6ad11b5.jpg,val,clear,daytime,clear
c6bf8d8a-10605e47.jpg,F:\xlw\bdd100k_final\images\100k\val\c6bf8d8a-10605e47.jpg,val,clear,night,night
c6bf8d8a-3bfd59ec.jpg,F:\xlw\bdd100k_final\images\100k\val\c6bf8d8a-3bfd59ec.jpg,val,clear,night,night
c6bf8d8a-8bb7b192.jpg,F:\xlw\bdd100k_final\images\100k\val\c6bf8d8a-8bb7b192.jpg,val,clear,night,night
c6bf8d8a-b5474262.jpg,F:\xlw\bdd100k_final\images\100k\val\c6bf8d8a-b5474262.jpg,val,overcast,daytime,clear
c6bf8d8a-d624de6b.jpg,F:\xlw\bdd100k_final\images\100k\val\c6bf8d8a-d624de6b.jpg,val,clear,night,night
c6c08fb0-7a88ba27.jpg,F:\xlw\bdd100k_final\images\100k\val\c6c08fb0-7a88ba27.jpg,val,snowy,daytime,snow
c6c08fb0-cb0efab6.jpg,F:\xlw\bdd100k_final\images\100k\val\c6c08fb0-cb0efab6.jpg,val,snowy,daytime,snow
c6c1c9ad-c21d153e.jpg,F:\xlw\bdd100k_final\images\100k\val\c6c1c9ad-c21d153e.jpg,val,clear,night,night
c6c75718-c93cfdd7.jpg,F:\xlw\bdd100k_final\images\100k\val\c6c75718-c93cfdd7.jpg,val,clear,night,night
c6c8c8a2-cb166bb4.jpg,F:\xlw\bdd100k_final\images\100k\val\c6c8c8a2-cb166bb4.jpg,val,overcast,daytime,clear
c6ca1dcf-635b762f.jpg,F:\xlw\bdd100k_final\images\100k\val\c6ca1dcf-635b762f.jpg,val,partly cloudy,daytime,clear
c6ca7b50-2ef0a79b.jpg,F:\xlw\bdd100k_final\images\100k\val\c6ca7b50-2ef0a79b.jpg,val,partly cloudy,daytime,clear
c6cd3ccb-b775a5a3.jpg,F:\xlw\bdd100k_final\images\100k\val\c6cd3ccb-b775a5a3.jpg,val,overcast,daytime,clear
c6cde742-b3cceffb.jpg,F:\xlw\bdd100k_final\images\100k\val\c6cde742-b3cceffb.jpg,val,clear,night,night
c6cde742-d52d93a3.jpg,F:\xlw\bdd100k_final\images\100k\val\c6cde742-d52d93a3.jpg,val,clear,night,night
c6cde7ef-8fc5b688.jpg,F:\xlw\bdd100k_final\images\100k\val\c6cde7ef-8fc5b688.jpg,val,clear,daytime,clear
c6cf9b39-8831232f.jpg,F:\xlw\bdd100k_final\images\100k\val\c6cf9b39-8831232f.jpg,val,rainy,daytime,rain
c6d4654c-0ec10f99.jpg,F:\xlw\bdd100k_final\images\100k\val\c6d4654c-0ec10f99.jpg,val,clear,night,night
c6d4654c-a9e415d3.jpg,F:\xlw\bdd100k_final\images\100k\val\c6d4654c-a9e415d3.jpg,val,clear,night,night
c6d4654c-b09e2a6a.jpg,F:\xlw\bdd100k_final\images\100k\val\c6d4654c-b09e2a6a.jpg,val,clear,night,night
c6d4654c-b49944e7.jpg,F:\xlw\bdd100k_final\images\100k\val\c6d4654c-b49944e7.jpg,val,clear,night,night
c6d4654c-caa2d45e.jpg,F:\xlw\bdd100k_final\images\100k\val\c6d4654c-caa2d45e.jpg,val,clear,night,night
c6d51f76-d2459db8.jpg,F:\xlw\bdd100k_final\images\100k\val\c6d51f76-d2459db8.jpg,val,clear,night,night
c6d586ad-8f0af0ac.jpg,F:\xlw\bdd100k_final\images\100k\val\c6d586ad-8f0af0ac.jpg,val,clear,daytime,clear
c6d6600c-e4287c96.jpg,F:\xlw\bdd100k_final\images\100k\val\c6d6600c-e4287c96.jpg,val,clear,daytime,clear
c6d6c72d-e3bb94af.jpg,F:\xlw\bdd100k_final\images\100k\val\c6d6c72d-e3bb94af.jpg,val,clear,night,night
c6d7400d-8a08045e.jpg,F:\xlw\bdd100k_final\images\100k\val\c6d7400d-8a08045e.jpg,val,overcast,daytime,clear
c6d77a40-03423c96.jpg,F:\xlw\bdd100k_final\images\100k\val\c6d77a40-03423c96.jpg,val,clear,daytime,clear
c6d98de9-cca2e483.jpg,F:\xlw\bdd100k_final\images\100k\val\c6d98de9-cca2e483.jpg,val,snowy,night,night
c6d98de9-fcc2713e.jpg,F:\xlw\bdd100k_final\images\100k\val\c6d98de9-fcc2713e.jpg,val,snowy,night,night
c6da617f-f5c8afd5.jpg,F:\xlw\bdd100k_final\images\100k\val\c6da617f-f5c8afd5.jpg,val,overcast,daytime,clear
c6da9a5f-4f00039a.jpg,F:\xlw\bdd100k_final\images\100k\val\c6da9a5f-4f00039a.jpg,val,partly cloudy,daytime,clear
c6dad47e-47a61b83.jpg,F:\xlw\bdd100k_final\images\100k\val\c6dad47e-47a61b83.jpg,val,clear,daytime,clear
c6db6944-7256efcc.jpg,F:\xlw\bdd100k_final\images\100k\val\c6db6944-7256efcc.jpg,val,clear,night,night
c6db6944-dd240a03.jpg,F:\xlw\bdd100k_final\images\100k\val\c6db6944-dd240a03.jpg,val,clear,night,night
c6db7763-bd0a64d2.jpg,F:\xlw\bdd100k_final\images\100k\val\c6db7763-bd0a64d2.jpg,val,clear,daytime,clear
c6dbe91f-4551ad42.jpg,F:\xlw\bdd100k_final\images\100k\val\c6dbe91f-4551ad42.jpg,val,clear,night,night
c6dca574-5a3415b5.jpg,F:\xlw\bdd100k_final\images\100k\val\c6dca574-5a3415b5.jpg,val,partly cloudy,daytime,clear
c6dca574-6e641016.jpg,F:\xlw\bdd100k_final\images\100k\val\c6dca574-6e641016.jpg,val,partly cloudy,daytime,clear
c6dca574-a5f624f4.jpg,F:\xlw\bdd100k_final\images\100k\val\c6dca574-a5f624f4.jpg,val,clear,daytime,clear
c6dcc1a9-0fa80e62.jpg,F:\xlw\bdd100k_final\images\100k\val\c6dcc1a9-0fa80e62.jpg,val,partly cloudy,daytime,clear
c6dd289c-693cb0cb.jpg,F:\xlw\bdd100k_final\images\100k\val\c6dd289c-693cb0cb.jpg,val,partly cloudy,daytime,clear
c6deff23-56aa65be.jpg,F:\xlw\bdd100k_final\images\100k\val\c6deff23-56aa65be.jpg,val,clear,night,night
c6dfb2b8-a74025b0.jpg,F:\xlw\bdd100k_final\images\100k\val\c6dfb2b8-a74025b0.jpg,val,clear,night,night
c6dfbd67-2c7061bf.jpg,F:\xlw\bdd100k_final\images\100k\val\c6dfbd67-2c7061bf.jpg,val,rainy,daytime,rain
c6dfe6aa-5d33796c.jpg,F:\xlw\bdd100k_final\images\100k\val\c6dfe6aa-5d33796c.jpg,val,clear,night,night
c6dfe6aa-d2b95ea8.jpg,F:\xlw\bdd100k_final\images\100k\val\c6dfe6aa-d2b95ea8.jpg,val,clear,night,night
c6e17725-4e651f0a.jpg,F:\xlw\bdd100k_final\images\100k\val\c6e17725-4e651f0a.jpg,val,clear,night,night
c6e1c974-906461f4.jpg,F:\xlw\bdd100k_final\images\100k\val\c6e1c974-906461f4.jpg,val,partly cloudy,daytime,clear
c6e2af77-d588bb3e.jpg,F:\xlw\bdd100k_final\images\100k\val\c6e2af77-d588bb3e.jpg,val,clear,night,night
c6e2cfc8-cfab245b.jpg,F:\xlw\bdd100k_final\images\100k\val\c6e2cfc8-cfab245b.jpg,val,overcast,daytime,clear
c6e385cd-2cc5c344.jpg,F:\xlw\bdd100k_final\images\100k\val\c6e385cd-2cc5c344.jpg,val,clear,night,night
c6e3fc7e-9262d8ed.jpg,F:\xlw\bdd100k_final\images\100k\val\c6e3fc7e-9262d8ed.jpg,val,clear,night,night
c6e4273a-c3e46891.jpg,F:\xlw\bdd100k_final\images\100k\val\c6e4273a-c3e46891.jpg,val,clear,night,night
c6e430f3-b658f65a.jpg,F:\xlw\bdd100k_final\images\100k\val\c6e430f3-b658f65a.jpg,val,clear,night,night
c6e52b8f-d719fd87.jpg,F:\xlw\bdd100k_final\images\100k\val\c6e52b8f-d719fd87.jpg,val,snowy,night,night
c6e52b8f-eb7a0bd6.jpg,F:\xlw\bdd100k_final\images\100k\val\c6e52b8f-eb7a0bd6.jpg,val,snowy,night,night
c6e6f87c-6b32379a.jpg,F:\xlw\bdd100k_final\images\100k\val\c6e6f87c-6b32379a.jpg,val,clear,night,night
c6e6f87c-814bdcee.jpg,F:\xlw\bdd100k_final\images\100k\val\c6e6f87c-814bdcee.jpg,val,clear,night,night
c6ea1428-223b4063.jpg,F:\xlw\bdd100k_final\images\100k\val\c6ea1428-223b4063.jpg,val,partly cloudy,daytime,clear
c6ebf831-45affcf4.jpg,F:\xlw\bdd100k_final\images\100k\val\c6ebf831-45affcf4.jpg,val,rainy,daytime,rain
c6ec3031-9fa4354c.jpg,F:\xlw\bdd100k_final\images\100k\val\c6ec3031-9fa4354c.jpg,val,clear,night,night
c6ec3031-cb866ce6.jpg,F:\xlw\bdd100k_final\images\100k\val\c6ec3031-cb866ce6.jpg,val,clear,night,night
c6ed0e98-491efc53.jpg,F:\xlw\bdd100k_final\images\100k\val\c6ed0e98-491efc53.jpg,val,clear,night,night
c6ed8102-2bbcbcc2.jpg,F:\xlw\bdd100k_final\images\100k\val\c6ed8102-2bbcbcc2.jpg,val,overcast,daytime,clear
c6ed8102-b74b0fad.jpg,F:\xlw\bdd100k_final\images\100k\val\c6ed8102-b74b0fad.jpg,val,overcast,daytime,clear
c6ed8102-c341da76.jpg,F:\xlw\bdd100k_final\images\100k\val\c6ed8102-c341da76.jpg,val,partly cloudy,daytime,clear
c6ed86ea-af629103.jpg,F:\xlw\bdd100k_final\images\100k\val\c6ed86ea-af629103.jpg,val,clear,night,night
c6ef5bc4-1ce53885.jpg,F:\xlw\bdd100k_final\images\100k\val\c6ef5bc4-1ce53885.jpg,val,clear,night,night
c6ef5bc4-96451c0f.jpg,F:\xlw\bdd100k_final\images\100k\val\c6ef5bc4-96451c0f.jpg,val,clear,night,night
c6ef5bc4-b8cbb710.jpg,F:\xlw\bdd100k_final\images\100k\val\c6ef5bc4-b8cbb710.jpg,val,clear,night,night
c6f14304-88396ae1.jpg,F:\xlw\bdd100k_final\images\100k\val\c6f14304-88396ae1.jpg,val,clear,daytime,clear
c6f14304-e9ad93b9.jpg,F:\xlw\bdd100k_final\images\100k\val\c6f14304-e9ad93b9.jpg,val,clear,daytime,clear
c6f6368c-082957c9.jpg,F:\xlw\bdd100k_final\images\100k\val\c6f6368c-082957c9.jpg,val,clear,daytime,clear
c6f6368c-0e7cbc68.jpg,F:\xlw\bdd100k_final\images\100k\val\c6f6368c-0e7cbc68.jpg,val,partly cloudy,daytime,clear
c6f6368c-5890d128.jpg,F:\xlw\bdd100k_final\images\100k\val\c6f6368c-5890d128.jpg,val,partly cloudy,daytime,clear
c6f9ec52-0bf3e2f7.jpg,F:\xlw\bdd100k_final\images\100k\val\c6f9ec52-0bf3e2f7.jpg,val,rainy,daytime,rain
c6fa26d7-056d2a63.jpg,F:\xlw\bdd100k_final\images\100k\val\c6fa26d7-056d2a63.jpg,val,clear,daytime,clear
c6fa5a37-cfd67380.jpg,F:\xlw\bdd100k_final\images\100k\val\c6fa5a37-cfd67380.jpg,val,clear,night,night
c6fe2d9d-833142b5.jpg,F:\xlw\bdd100k_final\images\100k\val\c6fe2d9d-833142b5.jpg,val,partly cloudy,daytime,clear
c6fea8ac-016040c9.jpg,F:\xlw\bdd100k_final\images\100k\val\c6fea8ac-016040c9.jpg,val,clear,night,night
c6fea8ac-24b0027a.jpg,F:\xlw\bdd100k_final\images\100k\val\c6fea8ac-24b0027a.jpg,val,clear,night,night
c6fea8ac-31b5f2f4.jpg,F:\xlw\bdd100k_final\images\100k\val\c6fea8ac-31b5f2f4.jpg,val,clear,night,night
c6fea8ac-67e16511.jpg,F:\xlw\bdd100k_final\images\100k\val\c6fea8ac-67e16511.jpg,val,clear,night,night
c6ffd190-bde22441.jpg,F:\xlw\bdd100k_final\images\100k\val\c6ffd190-bde22441.jpg,val,clear,night,night
c6ffd190-c9536b0b.jpg,F:\xlw\bdd100k_final\images\100k\val\c6ffd190-c9536b0b.jpg,val,clear,night,night
c6ffd190-dae2fb47.jpg,F:\xlw\bdd100k_final\images\100k\val\c6ffd190-dae2fb47.jpg,val,clear,night,night
c700966a-608d05b4.jpg,F:\xlw\bdd100k_final\images\100k\val\c700966a-608d05b4.jpg,val,clear,daytime,clear
c7049707-934a08d2.jpg,F:\xlw\bdd100k_final\images\100k\val\c7049707-934a08d2.jpg,val,clear,daytime,clear
c7053a50-d465ffa3.jpg,F:\xlw\bdd100k_final\images\100k\val\c7053a50-d465ffa3.jpg,val,rainy,night,night
c705bd4a-ae862ae1.jpg,F:\xlw\bdd100k_final\images\100k\val\c705bd4a-ae862ae1.jpg,val,clear,night,night
c708dc9d-12f425eb.jpg,F:\xlw\bdd100k_final\images\100k\val\c708dc9d-12f425eb.jpg,val,clear,night,night
c709a8e6-502a3b03.jpg,F:\xlw\bdd100k_final\images\100k\val\c709a8e6-502a3b03.jpg,val,snowy,daytime,snow
c709b82a-a5ff98a2.jpg,F:\xlw\bdd100k_final\images\100k\val\c709b82a-a5ff98a2.jpg,val,partly cloudy,daytime,clear
c70a8ace-77774f58.jpg,F:\xlw\bdd100k_final\images\100k\val\c70a8ace-77774f58.jpg,val,rainy,night,night
c70ba359-a4b00815.jpg,F:\xlw\bdd100k_final\images\100k\val\c70ba359-a4b00815.jpg,val,clear,daytime,clear
c70e5493-73848573.jpg,F:\xlw\bdd100k_final\images\100k\val\c70e5493-73848573.jpg,val,clear,night,night
c70f6d09-37a78b82.jpg,F:\xlw\bdd100k_final\images\100k\val\c70f6d09-37a78b82.jpg,val,clear,night,night
c70f6d09-3bcec902.jpg,F:\xlw\bdd100k_final\images\100k\val\c70f6d09-3bcec902.jpg,val,clear,night,night
c70f6d09-9850664f.jpg,F:\xlw\bdd100k_final\images\100k\val\c70f6d09-9850664f.jpg,val,clear,night,night
c70f6d09-efd1a01f.jpg,F:\xlw\bdd100k_final\images\100k\val\c70f6d09-efd1a01f.jpg,val,clear,night,night
c71090cc-df17811c.jpg,F:\xlw\bdd100k_final\images\100k\val\c71090cc-df17811c.jpg,val,clear,night,night
c7117810-0f9dda23.jpg,F:\xlw\bdd100k_final\images\100k\val\c7117810-0f9dda23.jpg,val,clear,night,night
c7117810-2947b975.jpg,F:\xlw\bdd100k_final\images\100k\val\c7117810-2947b975.jpg,val,clear,night,night
c711ef96-c4582caa.jpg,F:\xlw\bdd100k_final\images\100k\val\c711ef96-c4582caa.jpg,val,clear,daytime,clear
c7123e22-f72e03fb.jpg,F:\xlw\bdd100k_final\images\100k\val\c7123e22-f72e03fb.jpg,val,clear,night,night
c7134df6-28b042b5.jpg,F:\xlw\bdd100k_final\images\100k\val\c7134df6-28b042b5.jpg,val,clear,daytime,clear
c7134df6-ef92e0cd.jpg,F:\xlw\bdd100k_final\images\100k\val\c7134df6-ef92e0cd.jpg,val,clear,daytime,clear
c7140eaa-eb9d0128.jpg,F:\xlw\bdd100k_final\images\100k\val\c7140eaa-eb9d0128.jpg,val,clear,daytime,clear
c7151d3d-27632b12.jpg,F:\xlw\bdd100k_final\images\100k\val\c7151d3d-27632b12.jpg,val,partly cloudy,daytime,clear
c7151d3d-3db93c62.jpg,F:\xlw\bdd100k_final\images\100k\val\c7151d3d-3db93c62.jpg,val,clear,daytime,clear
c715680d-cd283438.jpg,F:\xlw\bdd100k_final\images\100k\val\c715680d-cd283438.jpg,val,snowy,night,night
c71664d9-6ce742a8.jpg,F:\xlw\bdd100k_final\images\100k\val\c71664d9-6ce742a8.jpg,val,snowy,night,night
c71751ee-07587650.jpg,F:\xlw\bdd100k_final\images\100k\val\c71751ee-07587650.jpg,val,overcast,daytime,clear
c717fdbd-9b7ef8e2.jpg,F:\xlw\bdd100k_final\images\100k\val\c717fdbd-9b7ef8e2.jpg,val,rainy,night,night
c718a581-814b4e2d.jpg,F:\xlw\bdd100k_final\images\100k\val\c718a581-814b4e2d.jpg,val,clear,daytime,clear
c71936fa-e8370814.jpg,F:\xlw\bdd100k_final\images\100k\val\c71936fa-e8370814.jpg,val,overcast,daytime,clear
c71a5c66-93c9eca0.jpg,F:\xlw\bdd100k_final\images\100k\val\c71a5c66-93c9eca0.jpg,val,clear,daytime,clear
c71de7ef-6343421b.jpg,F:\xlw\bdd100k_final\images\100k\val\c71de7ef-6343421b.jpg,val,partly cloudy,daytime,clear
c71de7ef-ad5d9110.jpg,F:\xlw\bdd100k_final\images\100k\val\c71de7ef-ad5d9110.jpg,val,clear,daytime,clear
c71ef5d9-28743600.jpg,F:\xlw\bdd100k_final\images\100k\val\c71ef5d9-28743600.jpg,val,clear,night,night
c71fcdc8-62a7fa51.jpg,F:\xlw\bdd100k_final\images\100k\val\c71fcdc8-62a7fa51.jpg,val,clear,daytime,clear
c7210a1f-14f8d4ca.jpg,F:\xlw\bdd100k_final\images\100k\val\c7210a1f-14f8d4ca.jpg,val,clear,night,night
c721de81-300f3026.jpg,F:\xlw\bdd100k_final\images\100k\val\c721de81-300f3026.jpg,val,clear,night,night
c721de81-d9e0ad96.jpg,F:\xlw\bdd100k_final\images\100k\val\c721de81-d9e0ad96.jpg,val,clear,night,night
c72373c0-af574c12.jpg,F:\xlw\bdd100k_final\images\100k\val\c72373c0-af574c12.jpg,val,clear,daytime,clear
c723a926-5aaa770c.jpg,F:\xlw\bdd100k_final\images\100k\val\c723a926-5aaa770c.jpg,val,overcast,daytime,clear
c723ad21-efed33e5.jpg,F:\xlw\bdd100k_final\images\100k\val\c723ad21-efed33e5.jpg,val,overcast,daytime,clear
c72762cc-135927f8.jpg,F:\xlw\bdd100k_final\images\100k\val\c72762cc-135927f8.jpg,val,clear,night,night
c7284932-c3a7badf.jpg,F:\xlw\bdd100k_final\images\100k\val\c7284932-c3a7badf.jpg,val,snowy,night,night
c7284932-f669eff5.jpg,F:\xlw\bdd100k_final\images\100k\val\c7284932-f669eff5.jpg,val,snowy,night,night
c7292daf-0761f9c4.jpg,F:\xlw\bdd100k_final\images\100k\val\c7292daf-0761f9c4.jpg,val,clear,night,night
c7292daf-2ae2a507.jpg,F:\xlw\bdd100k_final\images\100k\val\c7292daf-2ae2a507.jpg,val,clear,night,night
c72b8356-0bac66a5.jpg,F:\xlw\bdd100k_final\images\100k\val\c72b8356-0bac66a5.jpg,val,clear,daytime,clear
c72c701f-82bf3c37.jpg,F:\xlw\bdd100k_final\images\100k\val\c72c701f-82bf3c37.jpg,val,overcast,daytime,clear
c72d0482-3ae5270e.jpg,F:\xlw\bdd100k_final\images\100k\val\c72d0482-3ae5270e.jpg,val,snowy,night,night
c72d0482-c226185a.jpg,F:\xlw\bdd100k_final\images\100k\val\c72d0482-c226185a.jpg,val,snowy,night,night
c72d9780-b7cdea29.jpg,F:\xlw\bdd100k_final\images\100k\val\c72d9780-b7cdea29.jpg,val,clear,night,night
c730155e-19f0cc5c.jpg,F:\xlw\bdd100k_final\images\100k\val\c730155e-19f0cc5c.jpg,val,clear,night,night
c732f6d7-2a52f70b.jpg,F:\xlw\bdd100k_final\images\100k\val\c732f6d7-2a52f70b.jpg,val,clear,night,night
c733594f-0aa2baf5.jpg,F:\xlw\bdd100k_final\images\100k\val\c733594f-0aa2baf5.jpg,val,snowy,daytime,snow
c733594f-2568d430.jpg,F:\xlw\bdd100k_final\images\100k\val\c733594f-2568d430.jpg,val,snowy,daytime,snow
c733594f-86a37630.jpg,F:\xlw\bdd100k_final\images\100k\val\c733594f-86a37630.jpg,val,rainy,daytime,rain
c7339013-3979b7a2.jpg,F:\xlw\bdd100k_final\images\100k\val\c7339013-3979b7a2.jpg,val,clear,night,night
c7339013-995a01cf.jpg,F:\xlw\bdd100k_final\images\100k\val\c7339013-995a01cf.jpg,val,rainy,night,night
c734eb0a-125bba62.jpg,F:\xlw\bdd100k_final\images\100k\val\c734eb0a-125bba62.jpg,val,partly cloudy,daytime,clear
c734eb0a-9d6807cb.jpg,F:\xlw\bdd100k_final\images\100k\val\c734eb0a-9d6807cb.jpg,val,clear,daytime,clear
c737e602-e8793fdc.jpg,F:\xlw\bdd100k_final\images\100k\val\c737e602-e8793fdc.jpg,val,clear,daytime,clear
c73bced0-43cfc465.jpg,F:\xlw\bdd100k_final\images\100k\val\c73bced0-43cfc465.jpg,val,clear,night,night
c73bf483-e195b9aa.jpg,F:\xlw\bdd100k_final\images\100k\val\c73bf483-e195b9aa.jpg,val,clear,night,night
c73c95f5-2fc1e83d.jpg,F:\xlw\bdd100k_final\images\100k\val\c73c95f5-2fc1e83d.jpg,val,rainy,daytime,rain
c73dee17-6195a64e.jpg,F:\xlw\bdd100k_final\images\100k\val\c73dee17-6195a64e.jpg,val,clear,night,night
c73dee17-cf17ae38.jpg,F:\xlw\bdd100k_final\images\100k\val\c73dee17-cf17ae38.jpg,val,clear,night,night
c740132e-3c47b4b5.jpg,F:\xlw\bdd100k_final\images\100k\val\c740132e-3c47b4b5.jpg,val,clear,night,night
c740132e-4806ffd1.jpg,F:\xlw\bdd100k_final\images\100k\val\c740132e-4806ffd1.jpg,val,clear,night,night
c740132e-db258b89.jpg,F:\xlw\bdd100k_final\images\100k\val\c740132e-db258b89.jpg,val,clear,night,night
c7416644-6723bcd7.jpg,F:\xlw\bdd100k_final\images\100k\val\c7416644-6723bcd7.jpg,val,clear,night,night
c7416644-f82aa227.jpg,F:\xlw\bdd100k_final\images\100k\val\c7416644-f82aa227.jpg,val,clear,night,night
c7426098-2eeb9015.jpg,F:\xlw\bdd100k_final\images\100k\val\c7426098-2eeb9015.jpg,val,clear,night,night
c7429cad-6e71e583.jpg,F:\xlw\bdd100k_final\images\100k\val\c7429cad-6e71e583.jpg,val,clear,night,night
c7472294-1eb27561.jpg,F:\xlw\bdd100k_final\images\100k\val\c7472294-1eb27561.jpg,val,rainy,night,night
c7472294-e121cc79.jpg,F:\xlw\bdd100k_final\images\100k\val\c7472294-e121cc79.jpg,val,clear,night,night
c747bbbf-683dbc92.jpg,F:\xlw\bdd100k_final\images\100k\val\c747bbbf-683dbc92.jpg,val,snowy,night,night
c748c1a1-04115595.jpg,F:\xlw\bdd100k_final\images\100k\val\c748c1a1-04115595.jpg,val,rainy,night,night
c748c1a1-55dcbfcd.jpg,F:\xlw\bdd100k_final\images\100k\val\c748c1a1-55dcbfcd.jpg,val,clear,night,night
c748c1a1-58870d4a.jpg,F:\xlw\bdd100k_final\images\100k\val\c748c1a1-58870d4a.jpg,val,rainy,night,night
c748c1a1-5fd778ff.jpg,F:\xlw\bdd100k_final\images\100k\val\c748c1a1-5fd778ff.jpg,val,rainy,daytime,rain
c748c1a1-b41ff490.jpg,F:\xlw\bdd100k_final\images\100k\val\c748c1a1-b41ff490.jpg,val,rainy,night,night
c748c1a1-f1338769.jpg,F:\xlw\bdd100k_final\images\100k\val\c748c1a1-f1338769.jpg,val,rainy,daytime,rain
c7491b1e-4baa21b7.jpg,F:\xlw\bdd100k_final\images\100k\val\c7491b1e-4baa21b7.jpg,val,partly cloudy,daytime,clear
c7491b1e-ee6d3220.jpg,F:\xlw\bdd100k_final\images\100k\val\c7491b1e-ee6d3220.jpg,val,partly cloudy,daytime,clear
c74931cf-0970795a.jpg,F:\xlw\bdd100k_final\images\100k\val\c74931cf-0970795a.jpg,val,clear,night,night
c7494115-a48473c0.jpg,F:\xlw\bdd100k_final\images\100k\val\c7494115-a48473c0.jpg,val,clear,night,night
c7494115-b5251a6b.jpg,F:\xlw\bdd100k_final\images\100k\val\c7494115-b5251a6b.jpg,val,clear,night,night
c7495330-a96a2795.jpg,F:\xlw\bdd100k_final\images\100k\val\c7495330-a96a2795.jpg,val,clear,night,night
c74a122c-1494f0b4.jpg,F:\xlw\bdd100k_final\images\100k\val\c74a122c-1494f0b4.jpg,val,clear,daytime,clear
c74a122c-1586c3f0.jpg,F:\xlw\bdd100k_final\images\100k\val\c74a122c-1586c3f0.jpg,val,partly cloudy,daytime,clear
c74a122c-24c19251.jpg,F:\xlw\bdd100k_final\images\100k\val\c74a122c-24c19251.jpg,val,overcast,daytime,clear
c74a122c-e7005b78.jpg,F:\xlw\bdd100k_final\images\100k\val\c74a122c-e7005b78.jpg,val,overcast,daytime,clear
c74ac556-60f29765.jpg,F:\xlw\bdd100k_final\images\100k\val\c74ac556-60f29765.jpg,val,clear,night,night
c74bbe22-ad68f763.jpg,F:\xlw\bdd100k_final\images\100k\val\c74bbe22-ad68f763.jpg,val,clear,daytime,clear
c74bbfcc-5814e80f.jpg,F:\xlw\bdd100k_final\images\100k\val\c74bbfcc-5814e80f.jpg,val,clear,daytime,clear
c74c11fc-1f6d4cb3.jpg,F:\xlw\bdd100k_final\images\100k\val\c74c11fc-1f6d4cb3.jpg,val,clear,night,night
c74c11fc-3d608bfa.jpg,F:\xlw\bdd100k_final\images\100k\val\c74c11fc-3d608bfa.jpg,val,clear,night,night
c74c11fc-50025b5d.jpg,F:\xlw\bdd100k_final\images\100k\val\c74c11fc-50025b5d.jpg,val,clear,night,night
c74c11fc-dd542383.jpg,F:\xlw\bdd100k_final\images\100k\val\c74c11fc-dd542383.jpg,val,clear,night,night
c74c11fc-f93447f7.jpg,F:\xlw\bdd100k_final\images\100k\val\c74c11fc-f93447f7.jpg,val,clear,night,night
c74cdf7e-2ab53378.jpg,F:\xlw\bdd100k_final\images\100k\val\c74cdf7e-2ab53378.jpg,val,clear,night,night
c74cfce0-1bccc6d0.jpg,F:\xlw\bdd100k_final\images\100k\val\c74cfce0-1bccc6d0.jpg,val,clear,night,night
c74f02dd-34e50eab.jpg,F:\xlw\bdd100k_final\images\100k\val\c74f02dd-34e50eab.jpg,val,clear,night,night
c74fff46-459c6503.jpg,F:\xlw\bdd100k_final\images\100k\val\c74fff46-459c6503.jpg,val,clear,night,night
c74fff46-bcbcf958.jpg,F:\xlw\bdd100k_final\images\100k\val\c74fff46-bcbcf958.jpg,val,clear,night,night
c74fff46-e992d40c.jpg,F:\xlw\bdd100k_final\images\100k\val\c74fff46-e992d40c.jpg,val,rainy,night,night
c750081d-7ff1ef52.jpg,F:\xlw\bdd100k_final\images\100k\val\c750081d-7ff1ef52.jpg,val,undefined,night,night
c7513860-d293b768.jpg,F:\xlw\bdd100k_final\images\100k\val\c7513860-d293b768.jpg,val,clear,daytime,clear
c752e922-4f7bcda0.jpg,F:\xlw\bdd100k_final\images\100k\val\c752e922-4f7bcda0.jpg,val,overcast,daytime,clear
c752e922-ae691e9d.jpg,F:\xlw\bdd100k_final\images\100k\val\c752e922-ae691e9d.jpg,val,snowy,daytime,snow
c752e922-bfcad24f.jpg,F:\xlw\bdd100k_final\images\100k\val\c752e922-bfcad24f.jpg,val,clear,night,night
c752e922-dc304441.jpg,F:\xlw\bdd100k_final\images\100k\val\c752e922-dc304441.jpg,val,clear,night,night
c752e922-ed300ef6.jpg,F:\xlw\bdd100k_final\images\100k\val\c752e922-ed300ef6.jpg,val,clear,night,night
c754ce77-a105a975.jpg,F:\xlw\bdd100k_final\images\100k\val\c754ce77-a105a975.jpg,val,clear,daytime,clear
c755d1f0-4c472aec.jpg,F:\xlw\bdd100k_final\images\100k\val\c755d1f0-4c472aec.jpg,val,rainy,night,night
c755d1f0-fc14c3a7.jpg,F:\xlw\bdd100k_final\images\100k\val\c755d1f0-fc14c3a7.jpg,val,clear,night,night
c7569602-82b4e54f.jpg,F:\xlw\bdd100k_final\images\100k\val\c7569602-82b4e54f.jpg,val,clear,night,night
c7576575-60923084.jpg,F:\xlw\bdd100k_final\images\100k\val\c7576575-60923084.jpg,val,snowy,daytime,snow
c759b6f8-e906aa6a.jpg,F:\xlw\bdd100k_final\images\100k\val\c759b6f8-e906aa6a.jpg,val,clear,daytime,clear
c759b6f8-fd634f2a.jpg,F:\xlw\bdd100k_final\images\100k\val\c759b6f8-fd634f2a.jpg,val,clear,daytime,clear
c75c7c7c-8e13bb04.jpg,F:\xlw\bdd100k_final\images\100k\val\c75c7c7c-8e13bb04.jpg,val,clear,night,night
c75d7961-49f17231.jpg,F:\xlw\bdd100k_final\images\100k\val\c75d7961-49f17231.jpg,val,clear,night,night
c75dff4f-c91e6880.jpg,F:\xlw\bdd100k_final\images\100k\val\c75dff4f-c91e6880.jpg,val,overcast,daytime,clear
c75e23fe-b2deb730.jpg,F:\xlw\bdd100k_final\images\100k\val\c75e23fe-b2deb730.jpg,val,clear,night,night
c75e23fe-fbadb3fa.jpg,F:\xlw\bdd100k_final\images\100k\val\c75e23fe-fbadb3fa.jpg,val,clear,night,night
c760a702-0a5e845b.jpg,F:\xlw\bdd100k_final\images\100k\val\c760a702-0a5e845b.jpg,val,rainy,night,night
c760a824-730269a3.jpg,F:\xlw\bdd100k_final\images\100k\val\c760a824-730269a3.jpg,val,overcast,daytime,clear
c760a824-c688f8a2.jpg,F:\xlw\bdd100k_final\images\100k\val\c760a824-c688f8a2.jpg,val,overcast,daytime,clear
c760a824-ea6ebc28.jpg,F:\xlw\bdd100k_final\images\100k\val\c760a824-ea6ebc28.jpg,val,overcast,daytime,clear
c76141d9-21508c56.jpg,F:\xlw\bdd100k_final\images\100k\val\c76141d9-21508c56.jpg,val,clear,night,night
c7640ee1-0cbc6ec0.jpg,F:\xlw\bdd100k_final\images\100k\val\c7640ee1-0cbc6ec0.jpg,val,rainy,night,night
c7640ee1-6c86d60f.jpg,F:\xlw\bdd100k_final\images\100k\val\c7640ee1-6c86d60f.jpg,val,clear,night,night
c7640ee1-8898b36d.jpg,F:\xlw\bdd100k_final\images\100k\val\c7640ee1-8898b36d.jpg,val,clear,night,night
c7648772-2a35b63f.jpg,F:\xlw\bdd100k_final\images\100k\val\c7648772-2a35b63f.jpg,val,clear,night,night
c7648772-50f60421.jpg,F:\xlw\bdd100k_final\images\100k\val\c7648772-50f60421.jpg,val,clear,night,night
c7648772-cbd18adf.jpg,F:\xlw\bdd100k_final\images\100k\val\c7648772-cbd18adf.jpg,val,clear,night,night
c7648772-e661b276.jpg,F:\xlw\bdd100k_final\images\100k\val\c7648772-e661b276.jpg,val,clear,night,night
c7648772-ed0b23ab.jpg,F:\xlw\bdd100k_final\images\100k\val\c7648772-ed0b23ab.jpg,val,clear,night,night
c7648772-fc04b1c3.jpg,F:\xlw\bdd100k_final\images\100k\val\c7648772-fc04b1c3.jpg,val,clear,night,night
c767ad39-119bf6f3.jpg,F:\xlw\bdd100k_final\images\100k\val\c767ad39-119bf6f3.jpg,val,clear,daytime,clear
c767ad39-1c9a5ce2.jpg,F:\xlw\bdd100k_final\images\100k\val\c767ad39-1c9a5ce2.jpg,val,clear,daytime,clear
c767ad39-b196c36a.jpg,F:\xlw\bdd100k_final\images\100k\val\c767ad39-b196c36a.jpg,val,clear,daytime,clear
c768f8a1-4c7b2504.jpg,F:\xlw\bdd100k_final\images\100k\val\c768f8a1-4c7b2504.jpg,val,clear,night,night
c76a5f2c-7efa0cc3.jpg,F:\xlw\bdd100k_final\images\100k\val\c76a5f2c-7efa0cc3.jpg,val,clear,night,night
c76adb6d-275e8f71.jpg,F:\xlw\bdd100k_final\images\100k\val\c76adb6d-275e8f71.jpg,val,clear,daytime,clear
c76b7109-830b56df.jpg,F:\xlw\bdd100k_final\images\100k\val\c76b7109-830b56df.jpg,val,overcast,daytime,clear
c76b7109-f2bedded.jpg,F:\xlw\bdd100k_final\images\100k\val\c76b7109-f2bedded.jpg,val,clear,night,night
c76d86ec-f11c0df0.jpg,F:\xlw\bdd100k_final\images\100k\val\c76d86ec-f11c0df0.jpg,val,rainy,daytime,rain
c76d90f2-975e81d1.jpg,F:\xlw\bdd100k_final\images\100k\val\c76d90f2-975e81d1.jpg,val,partly cloudy,daytime,clear
c76e42a3-362b5166.jpg,F:\xlw\bdd100k_final\images\100k\val\c76e42a3-362b5166.jpg,val,rainy,daytime,rain
c76e42a3-dac435c3.jpg,F:\xlw\bdd100k_final\images\100k\val\c76e42a3-dac435c3.jpg,val,clear,night,night
c76e6e4f-2915de4e.jpg,F:\xlw\bdd100k_final\images\100k\val\c76e6e4f-2915de4e.jpg,val,partly cloudy,daytime,clear
c76e6e4f-34963f80.jpg,F:\xlw\bdd100k_final\images\100k\val\c76e6e4f-34963f80.jpg,val,partly cloudy,daytime,clear
c76e8ace-01aa7d5b.jpg,F:\xlw\bdd100k_final\images\100k\val\c76e8ace-01aa7d5b.jpg,val,overcast,daytime,clear
c76fbaa1-d03af260.jpg,F:\xlw\bdd100k_final\images\100k\val\c76fbaa1-d03af260.jpg,val,clear,night,night
c770264c-1ebcf489.jpg,F:\xlw\bdd100k_final\images\100k\val\c770264c-1ebcf489.jpg,val,partly cloudy,daytime,clear
c7706d20-5f4987db.jpg,F:\xlw\bdd100k_final\images\100k\val\c7706d20-5f4987db.jpg,val,clear,daytime,clear
c7706d20-daa7bd9c.jpg,F:\xlw\bdd100k_final\images\100k\val\c7706d20-daa7bd9c.jpg,val,clear,daytime,clear
c771447a-481608db.jpg,F:\xlw\bdd100k_final\images\100k\val\c771447a-481608db.jpg,val,clear,night,night
c7729bd7-e38ccf62.jpg,F:\xlw\bdd100k_final\images\100k\val\c7729bd7-e38ccf62.jpg,val,rainy,daytime,rain
c7749319-823a3fd4.jpg,F:\xlw\bdd100k_final\images\100k\val\c7749319-823a3fd4.jpg,val,clear,daytime,clear
c775bec8-4c524651.jpg,F:\xlw\bdd100k_final\images\100k\val\c775bec8-4c524651.jpg,val,snowy,daytime,snow
c775bec8-5f039754.jpg,F:\xlw\bdd100k_final\images\100k\val\c775bec8-5f039754.jpg,val,snowy,daytime,snow
c775de6b-63083e8f.jpg,F:\xlw\bdd100k_final\images\100k\val\c775de6b-63083e8f.jpg,val,clear,night,night
c776d10b-06d930cf.jpg,F:\xlw\bdd100k_final\images\100k\val\c776d10b-06d930cf.jpg,val,clear,night,night
c776d10b-15486206.jpg,F:\xlw\bdd100k_final\images\100k\val\c776d10b-15486206.jpg,val,clear,daytime,clear
c776d10b-25177c93.jpg,F:\xlw\bdd100k_final\images\100k\val\c776d10b-25177c93.jpg,val,overcast,daytime,clear
c776d10b-6732b55c.jpg,F:\xlw\bdd100k_final\images\100k\val\c776d10b-6732b55c.jpg,val,clear,daytime,clear
c776d10b-79dd4fee.jpg,F:\xlw\bdd100k_final\images\100k\val\c776d10b-79dd4fee.jpg,val,clear,night,night
c776d10b-9d6f5ccb.jpg,F:\xlw\bdd100k_final\images\100k\val\c776d10b-9d6f5ccb.jpg,val,clear,night,night
c776d10b-a1314ad4.jpg,F:\xlw\bdd100k_final\images\100k\val\c776d10b-a1314ad4.jpg,val,clear,daytime,clear
c776d10b-ea20be3a.jpg,F:\xlw\bdd100k_final\images\100k\val\c776d10b-ea20be3a.jpg,val,clear,daytime,clear
c7776076-222a8092.jpg,F:\xlw\bdd100k_final\images\100k\val\c7776076-222a8092.jpg,val,snowy,night,night
c7776076-4907b63e.jpg,F:\xlw\bdd100k_final\images\100k\val\c7776076-4907b63e.jpg,val,snowy,night,night
c7776076-95aab855.jpg,F:\xlw\bdd100k_final\images\100k\val\c7776076-95aab855.jpg,val,snowy,night,night
c7782d73-8f4c444c.jpg,F:\xlw\bdd100k_final\images\100k\val\c7782d73-8f4c444c.jpg,val,clear,night,night
c7790bd2-299c163c.jpg,F:\xlw\bdd100k_final\images\100k\val\c7790bd2-299c163c.jpg,val,clear,night,night
c7796b42-3936bdf3.jpg,F:\xlw\bdd100k_final\images\100k\val\c7796b42-3936bdf3.jpg,val,clear,daytime,clear
c77bc56d-0c0356ff.jpg,F:\xlw\bdd100k_final\images\100k\val\c77bc56d-0c0356ff.jpg,val,partly cloudy,daytime,clear
c77c73fc-465be2e8.jpg,F:\xlw\bdd100k_final\images\100k\val\c77c73fc-465be2e8.jpg,val,clear,night,night
c77c73fc-eb090c8e.jpg,F:\xlw\bdd100k_final\images\100k\val\c77c73fc-eb090c8e.jpg,val,clear,night,night
c77ce550-150463e5.jpg,F:\xlw\bdd100k_final\images\100k\val\c77ce550-150463e5.jpg,val,clear,night,night
c77ce550-4cbe3a02.jpg,F:\xlw\bdd100k_final\images\100k\val\c77ce550-4cbe3a02.jpg,val,clear,night,night
c77e41a3-1f322b36.jpg,F:\xlw\bdd100k_final\images\100k\val\c77e41a3-1f322b36.jpg,val,clear,night,night
c77ed723-8715d065.jpg,F:\xlw\bdd100k_final\images\100k\val\c77ed723-8715d065.jpg,val,rainy,night,night
c784941b-8eb5d07c.jpg,F:\xlw\bdd100k_final\images\100k\val\c784941b-8eb5d07c.jpg,val,snowy,night,night
c787a6cc-7c83adf5.jpg,F:\xlw\bdd100k_final\images\100k\val\c787a6cc-7c83adf5.jpg,val,overcast,daytime,clear
c787a6cc-9b914e7d.jpg,F:\xlw\bdd100k_final\images\100k\val\c787a6cc-9b914e7d.jpg,val,overcast,daytime,clear
c788983e-01d5b664.jpg,F:\xlw\bdd100k_final\images\100k\val\c788983e-01d5b664.jpg,val,clear,daytime,clear
c7894612-eab9f189.jpg,F:\xlw\bdd100k_final\images\100k\val\c7894612-eab9f189.jpg,val,clear,night,night
c789571c-cb26b20b.jpg,F:\xlw\bdd100k_final\images\100k\val\c789571c-cb26b20b.jpg,val,clear,night,night
c789ecd3-819d4445.jpg,F:\xlw\bdd100k_final\images\100k\val\c789ecd3-819d4445.jpg,val,clear,night,night
c78eafc0-f18ef119.jpg,F:\xlw\bdd100k_final\images\100k\val\c78eafc0-f18ef119.jpg,val,clear,night,night
c78f7d9c-0b57c32f.jpg,F:\xlw\bdd100k_final\images\100k\val\c78f7d9c-0b57c32f.jpg,val,clear,daytime,clear
c78f7d9c-783ee02d.jpg,F:\xlw\bdd100k_final\images\100k\val\c78f7d9c-783ee02d.jpg,val,clear,daytime,clear
c78f9fc6-024da644.jpg,F:\xlw\bdd100k_final\images\100k\val\c78f9fc6-024da644.jpg,val,overcast,daytime,clear
c78f9fc6-efac7090.jpg,F:\xlw\bdd100k_final\images\100k\val\c78f9fc6-efac7090.jpg,val,foggy,daytime,fog
c7911b64-108fc2cd.jpg,F:\xlw\bdd100k_final\images\100k\val\c7911b64-108fc2cd.jpg,val,undefined,night,night
c7922063-76dde2db.jpg,F:\xlw\bdd100k_final\images\100k\val\c7922063-76dde2db.jpg,val,overcast,daytime,clear
c7926696-3661975d.jpg,F:\xlw\bdd100k_final\images\100k\val\c7926696-3661975d.jpg,val,clear,night,night
c7930146-1a9e5399.jpg,F:\xlw\bdd100k_final\images\100k\val\c7930146-1a9e5399.jpg,val,rainy,daytime,rain
c794c86d-e4fadf29.jpg,F:\xlw\bdd100k_final\images\100k\val\c794c86d-e4fadf29.jpg,val,clear,daytime,clear
c7955e20-3760bb8a.jpg,F:\xlw\bdd100k_final\images\100k\val\c7955e20-3760bb8a.jpg,val,clear,daytime,clear
c7955e20-a156a983.jpg,F:\xlw\bdd100k_final\images\100k\val\c7955e20-a156a983.jpg,val,clear,daytime,clear
c7955e20-b48c7a6a.jpg,F:\xlw\bdd100k_final\images\100k\val\c7955e20-b48c7a6a.jpg,val,clear,daytime,clear
c79687a5-923d4388.jpg,F:\xlw\bdd100k_final\images\100k\val\c79687a5-923d4388.jpg,val,clear,night,night
c79687a5-a0f3794d.jpg,F:\xlw\bdd100k_final\images\100k\val\c79687a5-a0f3794d.jpg,val,clear,night,night
c79687a5-b610723c.jpg,F:\xlw\bdd100k_final\images\100k\val\c79687a5-b610723c.jpg,val,clear,night,night
c79687a5-c8dae3f7.jpg,F:\xlw\bdd100k_final\images\100k\val\c79687a5-c8dae3f7.jpg,val,clear,night,night
c796ff16-6fed522b.jpg,F:\xlw\bdd100k_final\images\100k\val\c796ff16-6fed522b.jpg,val,clear,night,night
c7987da1-0b8fb6e0.jpg,F:\xlw\bdd100k_final\images\100k\val\c7987da1-0b8fb6e0.jpg,val,clear,night,night
c7987da1-e380f3bb.jpg,F:\xlw\bdd100k_final\images\100k\val\c7987da1-e380f3bb.jpg,val,clear,night,night
c798a9b7-116a549d.jpg,F:\xlw\bdd100k_final\images\100k\val\c798a9b7-116a549d.jpg,val,snowy,night,night
c798a9b7-fdfaecda.jpg,F:\xlw\bdd100k_final\images\100k\val\c798a9b7-fdfaecda.jpg,val,snowy,night,night
c7999be0-41ec7870.jpg,F:\xlw\bdd100k_final\images\100k\val\c7999be0-41ec7870.jpg,val,clear,night,night
c79be479-4278af09.jpg,F:\xlw\bdd100k_final\images\100k\val\c79be479-4278af09.jpg,val,clear,night,night
c79be479-ed810331.jpg,F:\xlw\bdd100k_final\images\100k\val\c79be479-ed810331.jpg,val,clear,night,night
c79be479-f221c1ff.jpg,F:\xlw\bdd100k_final\images\100k\val\c79be479-f221c1ff.jpg,val,clear,night,night
c79be479-f3c6c42d.jpg,F:\xlw\bdd100k_final\images\100k\val\c79be479-f3c6c42d.jpg,val,clear,night,night
c79de76f-e52908de.jpg,F:\xlw\bdd100k_final\images\100k\val\c79de76f-e52908de.jpg,val,clear,night,night
c79e3f00-5879235c.jpg,F:\xlw\bdd100k_final\images\100k\val\c79e3f00-5879235c.jpg,val,clear,night,night
c79e45ca-9ad90248.jpg,F:\xlw\bdd100k_final\images\100k\val\c79e45ca-9ad90248.jpg,val,clear,night,night
c79e8496-5004f68e.jpg,F:\xlw\bdd100k_final\images\100k\val\c79e8496-5004f68e.jpg,val,clear,night,night
c7a0fa73-1d4dbbf1.jpg,F:\xlw\bdd100k_final\images\100k\val\c7a0fa73-1d4dbbf1.jpg,val,clear,night,night
c7a1b520-811842d8.jpg,F:\xlw\bdd100k_final\images\100k\val\c7a1b520-811842d8.jpg,val,clear,night,night
c7a23570-73d2078f.jpg,F:\xlw\bdd100k_final\images\100k\val\c7a23570-73d2078f.jpg,val,clear,daytime,clear
c7a350a0-cbbae3f7.jpg,F:\xlw\bdd100k_final\images\100k\val\c7a350a0-cbbae3f7.jpg,val,rainy,daytime,rain
c7a61397-1049116d.jpg,F:\xlw\bdd100k_final\images\100k\val\c7a61397-1049116d.jpg,val,clear,night,night
c7a7d604-483d2d58.jpg,F:\xlw\bdd100k_final\images\100k\val\c7a7d604-483d2d58.jpg,val,clear,night,night
c7aa5575-09247466.jpg,F:\xlw\bdd100k_final\images\100k\val\c7aa5575-09247466.jpg,val,clear,night,night
c7aa5575-4706c0d1.jpg,F:\xlw\bdd100k_final\images\100k\val\c7aa5575-4706c0d1.jpg,val,clear,night,night
c7aa5575-7db02116.jpg,F:\xlw\bdd100k_final\images\100k\val\c7aa5575-7db02116.jpg,val,clear,night,night
c7ab28a2-a8981141.jpg,F:\xlw\bdd100k_final\images\100k\val\c7ab28a2-a8981141.jpg,val,partly cloudy,daytime,clear
c7ad303b-4957c5f8.jpg,F:\xlw\bdd100k_final\images\100k\val\c7ad303b-4957c5f8.jpg,val,clear,daytime,clear
c7ad303b-6312624f.jpg,F:\xlw\bdd100k_final\images\100k\val\c7ad303b-6312624f.jpg,val,clear,daytime,clear
c7ad303b-6381dac9.jpg,F:\xlw\bdd100k_final\images\100k\val\c7ad303b-6381dac9.jpg,val,partly cloudy,daytime,clear
c7b1001c-ee3bf034.jpg,F:\xlw\bdd100k_final\images\100k\val\c7b1001c-ee3bf034.jpg,val,overcast,daytime,clear
c7b32a0d-71d3cce5.jpg,F:\xlw\bdd100k_final\images\100k\val\c7b32a0d-71d3cce5.jpg,val,clear,night,night
c7b41787-4e83c33d.jpg,F:\xlw\bdd100k_final\images\100k\val\c7b41787-4e83c33d.jpg,val,clear,night,night
c7b41787-a0d67db5.jpg,F:\xlw\bdd100k_final\images\100k\val\c7b41787-a0d67db5.jpg,val,clear,night,night
c7b49761-5e5c8c62.jpg,F:\xlw\bdd100k_final\images\100k\val\c7b49761-5e5c8c62.jpg,val,partly cloudy,daytime,clear
c7b49761-fc7ed898.jpg,F:\xlw\bdd100k_final\images\100k\val\c7b49761-fc7ed898.jpg,val,clear,daytime,clear
c7b86405-da6e2abc.jpg,F:\xlw\bdd100k_final\images\100k\val\c7b86405-da6e2abc.jpg,val,clear,daytime,clear
c7bb31cc-8bd12af5.jpg,F:\xlw\bdd100k_final\images\100k\val\c7bb31cc-8bd12af5.jpg,val,rainy,night,night
c7bb5f81-1051148c.jpg,F:\xlw\bdd100k_final\images\100k\val\c7bb5f81-1051148c.jpg,val,snowy,daytime,snow
c7bbf4a6-71538fbd.jpg,F:\xlw\bdd100k_final\images\100k\val\c7bbf4a6-71538fbd.jpg,val,clear,night,night
c7bc09fc-3222b8db.jpg,F:\xlw\bdd100k_final\images\100k\val\c7bc09fc-3222b8db.jpg,val,snowy,daytime,snow
c7bc28e7-d2556929.jpg,F:\xlw\bdd100k_final\images\100k\val\c7bc28e7-d2556929.jpg,val,snowy,daytime,snow
c7bc7797-8f8c936a.jpg,F:\xlw\bdd100k_final\images\100k\val\c7bc7797-8f8c936a.jpg,val,rainy,night,night
c7bc7797-e6749988.jpg,F:\xlw\bdd100k_final\images\100k\val\c7bc7797-e6749988.jpg,val,rainy,daytime,rain
c7bcd5db-6483a43e.jpg,F:\xlw\bdd100k_final\images\100k\val\c7bcd5db-6483a43e.jpg,val,clear,daytime,clear
c7bed540-0d2ff5f7.jpg,F:\xlw\bdd100k_final\images\100k\val\c7bed540-0d2ff5f7.jpg,val,clear,night,night
c7bed540-cdb47d56.jpg,F:\xlw\bdd100k_final\images\100k\val\c7bed540-cdb47d56.jpg,val,clear,night,night
c7c03bf5-5188c467.jpg,F:\xlw\bdd100k_final\images\100k\val\c7c03bf5-5188c467.jpg,val,clear,night,night
c7c03bf5-8450a02e.jpg,F:\xlw\bdd100k_final\images\100k\val\c7c03bf5-8450a02e.jpg,val,clear,night,night
c7c03bf5-bed03c03.jpg,F:\xlw\bdd100k_final\images\100k\val\c7c03bf5-bed03c03.jpg,val,clear,night,night
c7c042ec-4986a853.jpg,F:\xlw\bdd100k_final\images\100k\val\c7c042ec-4986a853.jpg,val,clear,night,night
c7c12eb6-2752525d.jpg,F:\xlw\bdd100k_final\images\100k\val\c7c12eb6-2752525d.jpg,val,rainy,daytime,rain
c7c2a783-260d7aad.jpg,F:\xlw\bdd100k_final\images\100k\val\c7c2a783-260d7aad.jpg,val,partly cloudy,daytime,clear
c7c2a783-d98d5909.jpg,F:\xlw\bdd100k_final\images\100k\val\c7c2a783-d98d5909.jpg,val,overcast,daytime,clear
c7c39101-5935025f.jpg,F:\xlw\bdd100k_final\images\100k\val\c7c39101-5935025f.jpg,val,snowy,night,night
c7c39101-837064cb.jpg,F:\xlw\bdd100k_final\images\100k\val\c7c39101-837064cb.jpg,val,snowy,night,night
c7c5969b-3d72de47.jpg,F:\xlw\bdd100k_final\images\100k\val\c7c5969b-3d72de47.jpg,val,overcast,daytime,clear
c7c5969b-4fdfe484.jpg,F:\xlw\bdd100k_final\images\100k\val\c7c5969b-4fdfe484.jpg,val,overcast,daytime,clear
c7c5969b-c0899dbc.jpg,F:\xlw\bdd100k_final\images\100k\val\c7c5969b-c0899dbc.jpg,val,clear,daytime,clear
c7c5969b-d4264f7e.jpg,F:\xlw\bdd100k_final\images\100k\val\c7c5969b-d4264f7e.jpg,val,overcast,daytime,clear
c7c5969b-f1bc3e3a.jpg,F:\xlw\bdd100k_final\images\100k\val\c7c5969b-f1bc3e3a.jpg,val,overcast,daytime,clear
c7c6a4c4-e596d6ca.jpg,F:\xlw\bdd100k_final\images\100k\val\c7c6a4c4-e596d6ca.jpg,val,clear,night,night
c7c86a8e-f29f4e4e.jpg,F:\xlw\bdd100k_final\images\100k\val\c7c86a8e-f29f4e4e.jpg,val,overcast,daytime,clear
c7c97006-1093a6d0.jpg,F:\xlw\bdd100k_final\images\100k\val\c7c97006-1093a6d0.jpg,val,clear,daytime,clear
c7c9e31d-719f694c.jpg,F:\xlw\bdd100k_final\images\100k\val\c7c9e31d-719f694c.jpg,val,clear,night,night
c7cb4a74-ec912bd8.jpg,F:\xlw\bdd100k_final\images\100k\val\c7cb4a74-ec912bd8.jpg,val,clear,daytime,clear
c7cc0645-95e6a224.jpg,F:\xlw\bdd100k_final\images\100k\val\c7cc0645-95e6a224.jpg,val,clear,night,night
c7cece6c-3eccc86a.jpg,F:\xlw\bdd100k_final\images\100k\val\c7cece6c-3eccc86a.jpg,val,clear,night,night
c7cece6c-805179db.jpg,F:\xlw\bdd100k_final\images\100k\val\c7cece6c-805179db.jpg,val,snowy,night,night
c7d0b0a7-7f2306d8.jpg,F:\xlw\bdd100k_final\images\100k\val\c7d0b0a7-7f2306d8.jpg,val,overcast,daytime,clear
c7d0b0a7-a0e6b491.jpg,F:\xlw\bdd100k_final\images\100k\val\c7d0b0a7-a0e6b491.jpg,val,overcast,daytime,clear
c7d1b792-8a24c40e.jpg,F:\xlw\bdd100k_final\images\100k\val\c7d1b792-8a24c40e.jpg,val,clear,night,night
c7d1b792-ddcaf626.jpg,F:\xlw\bdd100k_final\images\100k\val\c7d1b792-ddcaf626.jpg,val,clear,night,night
c7d564fe-7c51e3a3.jpg,F:\xlw\bdd100k_final\images\100k\val\c7d564fe-7c51e3a3.jpg,val,clear,daytime,clear
c7d69f1b-e1ef4bf5.jpg,F:\xlw\bdd100k_final\images\100k\val\c7d69f1b-e1ef4bf5.jpg,val,clear,daytime,clear
c7d8260d-1c3f0898.jpg,F:\xlw\bdd100k_final\images\100k\val\c7d8260d-1c3f0898.jpg,val,overcast,daytime,clear
c7d8260d-9d45834e.jpg,F:\xlw\bdd100k_final\images\100k\val\c7d8260d-9d45834e.jpg,val,overcast,daytime,clear
c7d8260d-e1f6b3f8.jpg,F:\xlw\bdd100k_final\images\100k\val\c7d8260d-e1f6b3f8.jpg,val,overcast,daytime,clear
c7d87387-45ccc76d.jpg,F:\xlw\bdd100k_final\images\100k\val\c7d87387-45ccc76d.jpg,val,clear,daytime,clear
c7d8925a-f469385d.jpg,F:\xlw\bdd100k_final\images\100k\val\c7d8925a-f469385d.jpg,val,rainy,night,night
c7d9a24a-bdf745c8.jpg,F:\xlw\bdd100k_final\images\100k\val\c7d9a24a-bdf745c8.jpg,val,clear,daytime,clear
c7dab685-05c2f1df.jpg,F:\xlw\bdd100k_final\images\100k\val\c7dab685-05c2f1df.jpg,val,clear,daytime,clear
c7dbe674-55c1fda0.jpg,F:\xlw\bdd100k_final\images\100k\val\c7dbe674-55c1fda0.jpg,val,clear,night,night
c7dbfac6-5784ebc9.jpg,F:\xlw\bdd100k_final\images\100k\val\c7dbfac6-5784ebc9.jpg,val,clear,night,night
c7dbfac6-c3921e8b.jpg,F:\xlw\bdd100k_final\images\100k\val\c7dbfac6-c3921e8b.jpg,val,clear,night,night
c7dc648e-dd181375.jpg,F:\xlw\bdd100k_final\images\100k\val\c7dc648e-dd181375.jpg,val,clear,night,night
c7dc648e-ea816d21.jpg,F:\xlw\bdd100k_final\images\100k\val\c7dc648e-ea816d21.jpg,val,clear,night,night
c7dd6716-f165ff52.jpg,F:\xlw\bdd100k_final\images\100k\val\c7dd6716-f165ff52.jpg,val,clear,daytime,clear
c7e14afd-15600d7b.jpg,F:\xlw\bdd100k_final\images\100k\val\c7e14afd-15600d7b.jpg,val,clear,night,night
c7e25b5f-5c098837.jpg,F:\xlw\bdd100k_final\images\100k\val\c7e25b5f-5c098837.jpg,val,clear,night,night
c7e25b5f-9e6af053.jpg,F:\xlw\bdd100k_final\images\100k\val\c7e25b5f-9e6af053.jpg,val,clear,night,night
c7e64b14-990b5da5.jpg,F:\xlw\bdd100k_final\images\100k\val\c7e64b14-990b5da5.jpg,val,clear,night,night
c7e6bfe9-3256d95a.jpg,F:\xlw\bdd100k_final\images\100k\val\c7e6bfe9-3256d95a.jpg,val,clear,daytime,clear
c7e6d5d1-c8af9fe3.jpg,F:\xlw\bdd100k_final\images\100k\val\c7e6d5d1-c8af9fe3.jpg,val,clear,daytime,clear
c7e9dd39-2e5a6648.jpg,F:\xlw\bdd100k_final\images\100k\val\c7e9dd39-2e5a6648.jpg,val,partly cloudy,daytime,clear
c7e9dd39-997378b3.jpg,F:\xlw\bdd100k_final\images\100k\val\c7e9dd39-997378b3.jpg,val,clear,daytime,clear
c7e9dd39-ae653d55.jpg,F:\xlw\bdd100k_final\images\100k\val\c7e9dd39-ae653d55.jpg,val,clear,daytime,clear
c7e9dd39-e54b51ba.jpg,F:\xlw\bdd100k_final\images\100k\val\c7e9dd39-e54b51ba.jpg,val,clear,night,night
c7e9dd39-e640804c.jpg,F:\xlw\bdd100k_final\images\100k\val\c7e9dd39-e640804c.jpg,val,partly cloudy,daytime,clear
c7eab2ff-1292c919.jpg,F:\xlw\bdd100k_final\images\100k\val\c7eab2ff-1292c919.jpg,val,clear,night,night
c7eab2ff-29602d7b.jpg,F:\xlw\bdd100k_final\images\100k\val\c7eab2ff-29602d7b.jpg,val,clear,night,night
c7eab2ff-34e0497b.jpg,F:\xlw\bdd100k_final\images\100k\val\c7eab2ff-34e0497b.jpg,val,clear,night,night
c7eab2ff-65610875.jpg,F:\xlw\bdd100k_final\images\100k\val\c7eab2ff-65610875.jpg,val,clear,night,night
c7eab2ff-8737167f.jpg,F:\xlw\bdd100k_final\images\100k\val\c7eab2ff-8737167f.jpg,val,clear,night,night
c7eab2ff-8cf91286.jpg,F:\xlw\bdd100k_final\images\100k\val\c7eab2ff-8cf91286.jpg,val,clear,night,night
c7eab2ff-94d03413.jpg,F:\xlw\bdd100k_final\images\100k\val\c7eab2ff-94d03413.jpg,val,clear,night,night
c7eab2ff-d02c0a19.jpg,F:\xlw\bdd100k_final\images\100k\val\c7eab2ff-d02c0a19.jpg,val,clear,night,night
c7eab2ff-fad5c867.jpg,F:\xlw\bdd100k_final\images\100k\val\c7eab2ff-fad5c867.jpg,val,clear,night,night
c7ec3b49-2dea9747.jpg,F:\xlw\bdd100k_final\images\100k\val\c7ec3b49-2dea9747.jpg,val,clear,daytime,clear
c7eddd1b-73993ae6.jpg,F:\xlw\bdd100k_final\images\100k\val\c7eddd1b-73993ae6.jpg,val,clear,night,night
c7ee01b9-1fb43751.jpg,F:\xlw\bdd100k_final\images\100k\val\c7ee01b9-1fb43751.jpg,val,overcast,daytime,clear
c7f011d1-e88f3d4b.jpg,F:\xlw\bdd100k_final\images\100k\val\c7f011d1-e88f3d4b.jpg,val,clear,daytime,clear
c7f167f5-edf85801.jpg,F:\xlw\bdd100k_final\images\100k\val\c7f167f5-edf85801.jpg,val,clear,night,night
c7f1e810-aa686dab.jpg,F:\xlw\bdd100k_final\images\100k\val\c7f1e810-aa686dab.jpg,val,undefined,night,night
c7f24a49-8c5206a6.jpg,F:\xlw\bdd100k_final\images\100k\val\c7f24a49-8c5206a6.jpg,val,rainy,night,night
c7f68540-18a5e077.jpg,F:\xlw\bdd100k_final\images\100k\val\c7f68540-18a5e077.jpg,val,clear,night,night
c7f8589f-45c47b58.jpg,F:\xlw\bdd100k_final\images\100k\val\c7f8589f-45c47b58.jpg,val,clear,daytime,clear
c7f8589f-a2c6b9a4.jpg,F:\xlw\bdd100k_final\images\100k\val\c7f8589f-a2c6b9a4.jpg,val,clear,daytime,clear
c7f97365-1c2f54a0.jpg,F:\xlw\bdd100k_final\images\100k\val\c7f97365-1c2f54a0.jpg,val,clear,night,night
c7f97365-5be70930.jpg,F:\xlw\bdd100k_final\images\100k\val\c7f97365-5be70930.jpg,val,foggy,night,night
c7f97365-68b7e100.jpg,F:\xlw\bdd100k_final\images\100k\val\c7f97365-68b7e100.jpg,val,clear,night,night
c7f97365-9f629bd2.jpg,F:\xlw\bdd100k_final\images\100k\val\c7f97365-9f629bd2.jpg,val,clear,night,night
c7fa04ea-4cb7df93.jpg,F:\xlw\bdd100k_final\images\100k\val\c7fa04ea-4cb7df93.jpg,val,clear,night,night
c7fa04ea-9012bec6.jpg,F:\xlw\bdd100k_final\images\100k\val\c7fa04ea-9012bec6.jpg,val,clear,night,night
c7fa148b-89df90c1.jpg,F:\xlw\bdd100k_final\images\100k\val\c7fa148b-89df90c1.jpg,val,clear,daytime,clear
c7fa8344-959a77c9.jpg,F:\xlw\bdd100k_final\images\100k\val\c7fa8344-959a77c9.jpg,val,rainy,daytime,rain
c7fca0c0-c8778e79.jpg,F:\xlw\bdd100k_final\images\100k\val\c7fca0c0-c8778e79.jpg,val,overcast,daytime,clear
c7fd8df0-429644e7.jpg,F:\xlw\bdd100k_final\images\100k\val\c7fd8df0-429644e7.jpg,val,snowy,daytime,snow
c7fe62b1-831805d0.jpg,F:\xlw\bdd100k_final\images\100k\val\c7fe62b1-831805d0.jpg,val,overcast,daytime,clear
c7fee392-08329b19.jpg,F:\xlw\bdd100k_final\images\100k\val\c7fee392-08329b19.jpg,val,clear,daytime,clear
c7ff2c12-cf77c29d.jpg,F:\xlw\bdd100k_final\images\100k\val\c7ff2c12-cf77c29d.jpg,val,snowy,daytime,snow
c803615e-07407e4a.jpg,F:\xlw\bdd100k_final\images\100k\val\c803615e-07407e4a.jpg,val,overcast,daytime,clear
c8054f9c-3ff3c2b1.jpg,F:\xlw\bdd100k_final\images\100k\val\c8054f9c-3ff3c2b1.jpg,val,clear,night,night
c8062950-28712f80.jpg,F:\xlw\bdd100k_final\images\100k\val\c8062950-28712f80.jpg,val,clear,night,night
c8062950-e7ac08bd.jpg,F:\xlw\bdd100k_final\images\100k\val\c8062950-e7ac08bd.jpg,val,undefined,night,night
c80641a4-d91ca4a9.jpg,F:\xlw\bdd100k_final\images\100k\val\c80641a4-d91ca4a9.jpg,val,clear,night,night
c806608d-592923fd.jpg,F:\xlw\bdd100k_final\images\100k\val\c806608d-592923fd.jpg,val,overcast,daytime,clear
c8069625-0a547aca.jpg,F:\xlw\bdd100k_final\images\100k\val\c8069625-0a547aca.jpg,val,clear,night,night
c8069625-f1fe350d.jpg,F:\xlw\bdd100k_final\images\100k\val\c8069625-f1fe350d.jpg,val,clear,night,night
c8079133-fcaad73c.jpg,F:\xlw\bdd100k_final\images\100k\val\c8079133-fcaad73c.jpg,val,rainy,daytime,rain
c807cb19-7e09cb11.jpg,F:\xlw\bdd100k_final\images\100k\val\c807cb19-7e09cb11.jpg,val,clear,night,night
c807d32d-e5383e74.jpg,F:\xlw\bdd100k_final\images\100k\val\c807d32d-e5383e74.jpg,val,clear,daytime,clear
c809bd18-bd814eed.jpg,F:\xlw\bdd100k_final\images\100k\val\c809bd18-bd814eed.jpg,val,clear,night,night
c80bb624-37b71a0f.jpg,F:\xlw\bdd100k_final\images\100k\val\c80bb624-37b71a0f.jpg,val,clear,night,night
c80cf60a-8bb33a63.jpg,F:\xlw\bdd100k_final\images\100k\val\c80cf60a-8bb33a63.jpg,val,overcast,daytime,clear
c80cf60a-9a7aabc6.jpg,F:\xlw\bdd100k_final\images\100k\val\c80cf60a-9a7aabc6.jpg,val,clear,daytime,clear
c81079a0-5816ae39.jpg,F:\xlw\bdd100k_final\images\100k\val\c81079a0-5816ae39.jpg,val,clear,daytime,clear
c8111dda-1a7dded7.jpg,F:\xlw\bdd100k_final\images\100k\val\c8111dda-1a7dded7.jpg,val,partly cloudy,daytime,clear
c811793c-68a3c310.jpg,F:\xlw\bdd100k_final\images\100k\val\c811793c-68a3c310.jpg,val,clear,night,night
c811793c-7a592fd4.jpg,F:\xlw\bdd100k_final\images\100k\val\c811793c-7a592fd4.jpg,val,clear,night,night
c8152bfa-28181ba4.jpg,F:\xlw\bdd100k_final\images\100k\val\c8152bfa-28181ba4.jpg,val,clear,daytime,clear
c8152bfa-d1d0ceac.jpg,F:\xlw\bdd100k_final\images\100k\val\c8152bfa-d1d0ceac.jpg,val,clear,daytime,clear
c81840ad-6dec6be7.jpg,F:\xlw\bdd100k_final\images\100k\val\c81840ad-6dec6be7.jpg,val,overcast,daytime,clear
c81996a2-dcf3e308.jpg,F:\xlw\bdd100k_final\images\100k\val\c81996a2-dcf3e308.jpg,val,partly cloudy,daytime,clear
c81af731-7a2b15d7.jpg,F:\xlw\bdd100k_final\images\100k\val\c81af731-7a2b15d7.jpg,val,overcast,daytime,clear
c81af731-fe2bd777.jpg,F:\xlw\bdd100k_final\images\100k\val\c81af731-fe2bd777.jpg,val,partly cloudy,daytime,clear
c81afdad-8b689a37.jpg,F:\xlw\bdd100k_final\images\100k\val\c81afdad-8b689a37.jpg,val,partly cloudy,daytime,clear
c81afdad-8ceefe85.jpg,F:\xlw\bdd100k_final\images\100k\val\c81afdad-8ceefe85.jpg,val,clear,daytime,clear
c81c9789-fdf7aae2.jpg,F:\xlw\bdd100k_final\images\100k\val\c81c9789-fdf7aae2.jpg,val,clear,daytime,clear
c81f9adc-855868f5.jpg,F:\xlw\bdd100k_final\images\100k\val\c81f9adc-855868f5.jpg,val,snowy,daytime,snow
c81fac7d-867a6604.jpg,F:\xlw\bdd100k_final\images\100k\val\c81fac7d-867a6604.jpg,val,snowy,night,night
c81ff2c0-420a8956.jpg,F:\xlw\bdd100k_final\images\100k\val\c81ff2c0-420a8956.jpg,val,rainy,night,night
c81ff2c0-6243618f.jpg,F:\xlw\bdd100k_final\images\100k\val\c81ff2c0-6243618f.jpg,val,rainy,night,night
c81ff2c0-7204c5fe.jpg,F:\xlw\bdd100k_final\images\100k\val\c81ff2c0-7204c5fe.jpg,val,rainy,night,night
c822956a-316476e0.jpg,F:\xlw\bdd100k_final\images\100k\val\c822956a-316476e0.jpg,val,overcast,daytime,clear
c822956a-7e35a26e.jpg,F:\xlw\bdd100k_final\images\100k\val\c822956a-7e35a26e.jpg,val,rainy,daytime,rain
c823aede-898b2c0c.jpg,F:\xlw\bdd100k_final\images\100k\val\c823aede-898b2c0c.jpg,val,clear,night,night
c824280a-271f2a83.jpg,F:\xlw\bdd100k_final\images\100k\val\c824280a-271f2a83.jpg,val,clear,night,night
c8257ea8-ea7235f8.jpg,F:\xlw\bdd100k_final\images\100k\val\c8257ea8-ea7235f8.jpg,val,partly cloudy,daytime,clear
c8266770-0cc2a4c7.jpg,F:\xlw\bdd100k_final\images\100k\val\c8266770-0cc2a4c7.jpg,val,clear,daytime,clear
c82699fa-76163f60.jpg,F:\xlw\bdd100k_final\images\100k\val\c82699fa-76163f60.jpg,val,snowy,night,night
c8285354-3671f1b2.jpg,F:\xlw\bdd100k_final\images\100k\val\c8285354-3671f1b2.jpg,val,clear,night,night
c82ab19a-024cc3bc.jpg,F:\xlw\bdd100k_final\images\100k\val\c82ab19a-024cc3bc.jpg,val,partly cloudy,daytime,clear
c82ab19a-455ba0d8.jpg,F:\xlw\bdd100k_final\images\100k\val\c82ab19a-455ba0d8.jpg,val,overcast,daytime,clear
c82ab19a-4ac23d9f.jpg,F:\xlw\bdd100k_final\images\100k\val\c82ab19a-4ac23d9f.jpg,val,snowy,daytime,snow
c82b6633-15bb4cf5.jpg,F:\xlw\bdd100k_final\images\100k\val\c82b6633-15bb4cf5.jpg,val,rainy,night,night
c82b8f6c-0e90f4f7.jpg,F:\xlw\bdd100k_final\images\100k\val\c82b8f6c-0e90f4f7.jpg,val,clear,night,night
c82b8f6c-bb5a30c7.jpg,F:\xlw\bdd100k_final\images\100k\val\c82b8f6c-bb5a30c7.jpg,val,clear,night,night
c82cf5fc-43ee94c6.jpg,F:\xlw\bdd100k_final\images\100k\val\c82cf5fc-43ee94c6.jpg,val,clear,night,night
c82cf5fc-e45643c4.jpg,F:\xlw\bdd100k_final\images\100k\val\c82cf5fc-e45643c4.jpg,val,clear,night,night
c82d1b73-4138f567.jpg,F:\xlw\bdd100k_final\images\100k\val\c82d1b73-4138f567.jpg,val,clear,daytime,clear
c82d6978-3b12b940.jpg,F:\xlw\bdd100k_final\images\100k\val\c82d6978-3b12b940.jpg,val,clear,daytime,clear
c82d6978-af07c78d.jpg,F:\xlw\bdd100k_final\images\100k\val\c82d6978-af07c78d.jpg,val,clear,daytime,clear
c82e10a6-50b0d417.jpg,F:\xlw\bdd100k_final\images\100k\val\c82e10a6-50b0d417.jpg,val,clear,night,night
c82e10a6-7be21ed9.jpg,F:\xlw\bdd100k_final\images\100k\val\c82e10a6-7be21ed9.jpg,val,clear,night,night
c82e10a6-a19ceb0b.jpg,F:\xlw\bdd100k_final\images\100k\val\c82e10a6-a19ceb0b.jpg,val,rainy,night,night
c82e51e2-c87f5478.jpg,F:\xlw\bdd100k_final\images\100k\val\c82e51e2-c87f5478.jpg,val,rainy,night,night
c82f8a1c-8c0ee303.jpg,F:\xlw\bdd100k_final\images\100k\val\c82f8a1c-8c0ee303.jpg,val,rainy,night,night
c82f8a1c-dd1020b6.jpg,F:\xlw\bdd100k_final\images\100k\val\c82f8a1c-dd1020b6.jpg,val,rainy,night,night
c8317cdd-1703e2a7.jpg,F:\xlw\bdd100k_final\images\100k\val\c8317cdd-1703e2a7.jpg,val,snowy,night,night
c8333fbd-e2650427.jpg,F:\xlw\bdd100k_final\images\100k\val\c8333fbd-e2650427.jpg,val,partly cloudy,daytime,clear
c83351be-a122d44f.jpg,F:\xlw\bdd100k_final\images\100k\val\c83351be-a122d44f.jpg,val,clear,night,night
c833fb57-b7aef18a.jpg,F:\xlw\bdd100k_final\images\100k\val\c833fb57-b7aef18a.jpg,val,clear,night,night
c834d656-8f9f6538.jpg,F:\xlw\bdd100k_final\images\100k\val\c834d656-8f9f6538.jpg,val,rainy,night,night
c834d656-f1688dc3.jpg,F:\xlw\bdd100k_final\images\100k\val\c834d656-f1688dc3.jpg,val,rainy,night,night
c8359900-cda76263.jpg,F:\xlw\bdd100k_final\images\100k\val\c8359900-cda76263.jpg,val,clear,daytime,clear
c836d9b9-16a414cd.jpg,F:\xlw\bdd100k_final\images\100k\val\c836d9b9-16a414cd.jpg,val,clear,night,night
c836d9b9-215a90eb.jpg,F:\xlw\bdd100k_final\images\100k\val\c836d9b9-215a90eb.jpg,val,clear,night,night
c836f138-19c8ed41.jpg,F:\xlw\bdd100k_final\images\100k\val\c836f138-19c8ed41.jpg,val,rainy,daytime,rain
c836f138-aa4d7408.jpg,F:\xlw\bdd100k_final\images\100k\val\c836f138-aa4d7408.jpg,val,rainy,daytime,rain
c836f138-d9b4f7a1.jpg,F:\xlw\bdd100k_final\images\100k\val\c836f138-d9b4f7a1.jpg,val,rainy,daytime,rain
c83718f3-2dfdf688.jpg,F:\xlw\bdd100k_final\images\100k\val\c83718f3-2dfdf688.jpg,val,clear,night,night
c837d2ef-25f73789.jpg,F:\xlw\bdd100k_final\images\100k\val\c837d2ef-25f73789.jpg,val,clear,daytime,clear
c837fdf5-0362e336.jpg,F:\xlw\bdd100k_final\images\100k\val\c837fdf5-0362e336.jpg,val,overcast,daytime,clear
c838d26c-769b5f1b.jpg,F:\xlw\bdd100k_final\images\100k\val\c838d26c-769b5f1b.jpg,val,clear,night,night
c838d26c-d5612b4e.jpg,F:\xlw\bdd100k_final\images\100k\val\c838d26c-d5612b4e.jpg,val,snowy,night,night
c8390b6b-52f1f1b2.jpg,F:\xlw\bdd100k_final\images\100k\val\c8390b6b-52f1f1b2.jpg,val,clear,daytime,clear
c83a8e22-0454c45c.jpg,F:\xlw\bdd100k_final\images\100k\val\c83a8e22-0454c45c.jpg,val,overcast,daytime,clear
c83b360f-81c019aa.jpg,F:\xlw\bdd100k_final\images\100k\val\c83b360f-81c019aa.jpg,val,clear,night,night
c83c10de-85eef163.jpg,F:\xlw\bdd100k_final\images\100k\val\c83c10de-85eef163.jpg,val,clear,daytime,clear
c83c10de-a413f70e.jpg,F:\xlw\bdd100k_final\images\100k\val\c83c10de-a413f70e.jpg,val,clear,daytime,clear
c83c10de-ad9c3fe6.jpg,F:\xlw\bdd100k_final\images\100k\val\c83c10de-ad9c3fe6.jpg,val,clear,daytime,clear
c83c10de-e0aee9ee.jpg,F:\xlw\bdd100k_final\images\100k\val\c83c10de-e0aee9ee.jpg,val,clear,daytime,clear
c83d3fa4-c385cce0.jpg,F:\xlw\bdd100k_final\images\100k\val\c83d3fa4-c385cce0.jpg,val,clear,night,night
c8418e1b-5d58f814.jpg,F:\xlw\bdd100k_final\images\100k\val\c8418e1b-5d58f814.jpg,val,partly cloudy,daytime,clear
c8422169-81cbbb30.jpg,F:\xlw\bdd100k_final\images\100k\val\c8422169-81cbbb30.jpg,val,clear,night,night
c8438bd1-fdc959eb.jpg,F:\xlw\bdd100k_final\images\100k\val\c8438bd1-fdc959eb.jpg,val,snowy,night,night
c84417f6-ca6fd5ac.jpg,F:\xlw\bdd100k_final\images\100k\val\c84417f6-ca6fd5ac.jpg,val,clear,night,night
c84417f6-cd126053.jpg,F:\xlw\bdd100k_final\images\100k\val\c84417f6-cd126053.jpg,val,clear,night,night
c8448732-152cd271.jpg,F:\xlw\bdd100k_final\images\100k\val\c8448732-152cd271.jpg,val,snowy,daytime,snow
c845b617-34b9e98a.jpg,F:\xlw\bdd100k_final\images\100k\val\c845b617-34b9e98a.jpg,val,overcast,daytime,clear
c845b617-f7e6bd96.jpg,F:\xlw\bdd100k_final\images\100k\val\c845b617-f7e6bd96.jpg,val,rainy,daytime,rain
c845b699-ce6e759d.jpg,F:\xlw\bdd100k_final\images\100k\val\c845b699-ce6e759d.jpg,val,undefined,night,night
c8476b52-3f18494f.jpg,F:\xlw\bdd100k_final\images\100k\val\c8476b52-3f18494f.jpg,val,clear,night,night
c8476b52-a66aa1c5.jpg,F:\xlw\bdd100k_final\images\100k\val\c8476b52-a66aa1c5.jpg,val,clear,night,night
c8478dfd-872b0509.jpg,F:\xlw\bdd100k_final\images\100k\val\c8478dfd-872b0509.jpg,val,clear,night,night
c847e107-d70bbfe9.jpg,F:\xlw\bdd100k_final\images\100k\val\c847e107-d70bbfe9.jpg,val,clear,night,night
c848093f-09a4c946.jpg,F:\xlw\bdd100k_final\images\100k\val\c848093f-09a4c946.jpg,val,clear,night,night
c84a1922-9f8f21de.jpg,F:\xlw\bdd100k_final\images\100k\val\c84a1922-9f8f21de.jpg,val,snowy,daytime,snow
c84a1922-b11418ac.jpg,F:\xlw\bdd100k_final\images\100k\val\c84a1922-b11418ac.jpg,val,snowy,daytime,snow
c84cf4c9-8667fb28.jpg,F:\xlw\bdd100k_final\images\100k\val\c84cf4c9-8667fb28.jpg,val,clear,night,night
c84f848e-2a5e0737.jpg,F:\xlw\bdd100k_final\images\100k\val\c84f848e-2a5e0737.jpg,val,clear,night,night
c84f848e-581109ad.jpg,F:\xlw\bdd100k_final\images\100k\val\c84f848e-581109ad.jpg,val,clear,night,night
c84f848e-7ef75f08.jpg,F:\xlw\bdd100k_final\images\100k\val\c84f848e-7ef75f08.jpg,val,clear,night,night
c84f848e-a703d928.jpg,F:\xlw\bdd100k_final\images\100k\val\c84f848e-a703d928.jpg,val,clear,night,night
c84fc7aa-26a0b1c4.jpg,F:\xlw\bdd100k_final\images\100k\val\c84fc7aa-26a0b1c4.jpg,val,clear,daytime,clear
c84feccd-a9ee80f0.jpg,F:\xlw\bdd100k_final\images\100k\val\c84feccd-a9ee80f0.jpg,val,partly cloudy,daytime,clear
c85416bd-7dfe1936.jpg,F:\xlw\bdd100k_final\images\100k\val\c85416bd-7dfe1936.jpg,val,clear,daytime,clear
c85416bd-b4812a0c.jpg,F:\xlw\bdd100k_final\images\100k\val\c85416bd-b4812a0c.jpg,val,overcast,daytime,clear
c85416bd-db975d94.jpg,F:\xlw\bdd100k_final\images\100k\val\c85416bd-db975d94.jpg,val,partly cloudy,daytime,clear
c854d83c-ab3b375a.jpg,F:\xlw\bdd100k_final\images\100k\val\c854d83c-ab3b375a.jpg,val,partly cloudy,daytime,clear
c8573105-954608fb.jpg,F:\xlw\bdd100k_final\images\100k\val\c8573105-954608fb.jpg,val,overcast,daytime,clear
c85ca3b9-72a968aa.jpg,F:\xlw\bdd100k_final\images\100k\val\c85ca3b9-72a968aa.jpg,val,clear,daytime,clear
c85d1e8c-8013a9d3.jpg,F:\xlw\bdd100k_final\images\100k\val\c85d1e8c-8013a9d3.jpg,val,clear,night,night
c85d1e8c-a96baacd.jpg,F:\xlw\bdd100k_final\images\100k\val\c85d1e8c-a96baacd.jpg,val,clear,night,night
c85d3c7e-4501e8b4.jpg,F:\xlw\bdd100k_final\images\100k\val\c85d3c7e-4501e8b4.jpg,val,snowy,daytime,snow
c860c2bf-c683410d.jpg,F:\xlw\bdd100k_final\images\100k\val\c860c2bf-c683410d.jpg,val,overcast,daytime,clear
c8618b44-02824088.jpg,F:\xlw\bdd100k_final\images\100k\val\c8618b44-02824088.jpg,val,clear,night,night
c8618b44-09196f5c.jpg,F:\xlw\bdd100k_final\images\100k\val\c8618b44-09196f5c.jpg,val,clear,night,night
c8618b44-5b4f8afb.jpg,F:\xlw\bdd100k_final\images\100k\val\c8618b44-5b4f8afb.jpg,val,clear,night,night
c8618b44-65da0bb3.jpg,F:\xlw\bdd100k_final\images\100k\val\c8618b44-65da0bb3.jpg,val,clear,night,night
c8618b44-a824d6ae.jpg,F:\xlw\bdd100k_final\images\100k\val\c8618b44-a824d6ae.jpg,val,clear,night,night
c8618b44-cff1239b.jpg,F:\xlw\bdd100k_final\images\100k\val\c8618b44-cff1239b.jpg,val,clear,night,night
c8620a67-55f86ae2.jpg,F:\xlw\bdd100k_final\images\100k\val\c8620a67-55f86ae2.jpg,val,partly cloudy,daytime,clear
c86264ca-bf5ac7a5.jpg,F:\xlw\bdd100k_final\images\100k\val\c86264ca-bf5ac7a5.jpg,val,snowy,night,night
c862e633-4a5ae536.jpg,F:\xlw\bdd100k_final\images\100k\val\c862e633-4a5ae536.jpg,val,clear,daytime,clear
c8638ebb-151bc1c1.jpg,F:\xlw\bdd100k_final\images\100k\val\c8638ebb-151bc1c1.jpg,val,overcast,daytime,clear
c8638ebb-55791b54.jpg,F:\xlw\bdd100k_final\images\100k\val\c8638ebb-55791b54.jpg,val,snowy,daytime,snow
c8638ebb-5dc7483b.jpg,F:\xlw\bdd100k_final\images\100k\val\c8638ebb-5dc7483b.jpg,val,overcast,daytime,clear
c863c0b3-b53e2a37.jpg,F:\xlw\bdd100k_final\images\100k\val\c863c0b3-b53e2a37.jpg,val,snowy,daytime,snow
c86482ef-b74850ca.jpg,F:\xlw\bdd100k_final\images\100k\val\c86482ef-b74850ca.jpg,val,clear,daytime,clear
c8650e15-38bef9dc.jpg,F:\xlw\bdd100k_final\images\100k\val\c8650e15-38bef9dc.jpg,val,overcast,daytime,clear
c868e9bf-9dc0f67e.jpg,F:\xlw\bdd100k_final\images\100k\val\c868e9bf-9dc0f67e.jpg,val,clear,night,night
c86b771a-b1c0561b.jpg,F:\xlw\bdd100k_final\images\100k\val\c86b771a-b1c0561b.jpg,val,overcast,daytime,clear
c86db817-522e17d6.jpg,F:\xlw\bdd100k_final\images\100k\val\c86db817-522e17d6.jpg,val,clear,night,night
c86db817-d6bec56a.jpg,F:\xlw\bdd100k_final\images\100k\val\c86db817-d6bec56a.jpg,val,clear,night,night
c86ee6aa-a2ef00fe.jpg,F:\xlw\bdd100k_final\images\100k\val\c86ee6aa-a2ef00fe.jpg,val,clear,night,night
c86ee6aa-b5dbd391.jpg,F:\xlw\bdd100k_final\images\100k\val\c86ee6aa-b5dbd391.jpg,val,clear,night,night
c86ef161-6b77193e.jpg,F:\xlw\bdd100k_final\images\100k\val\c86ef161-6b77193e.jpg,val,clear,night,night
c86f5924-0ec535db.jpg,F:\xlw\bdd100k_final\images\100k\val\c86f5924-0ec535db.jpg,val,clear,night,night
c86f5924-26a09613.jpg,F:\xlw\bdd100k_final\images\100k\val\c86f5924-26a09613.jpg,val,clear,night,night
c86f5924-83259ed3.jpg,F:\xlw\bdd100k_final\images\100k\val\c86f5924-83259ed3.jpg,val,undefined,night,night
c87438f0-d1875e08.jpg,F:\xlw\bdd100k_final\images\100k\val\c87438f0-d1875e08.jpg,val,clear,night,night
c874ddc1-78b9084d.jpg,F:\xlw\bdd100k_final\images\100k\val\c874ddc1-78b9084d.jpg,val,snowy,daytime,snow
c874ddc1-d660401e.jpg,F:\xlw\bdd100k_final\images\100k\val\c874ddc1-d660401e.jpg,val,rainy,night,night
c874ddc1-ff4e2b39.jpg,F:\xlw\bdd100k_final\images\100k\val\c874ddc1-ff4e2b39.jpg,val,snowy,daytime,snow
c8759ab5-f6a3273f.jpg,F:\xlw\bdd100k_final\images\100k\val\c8759ab5-f6a3273f.jpg,val,partly cloudy,daytime,clear
c8759b14-8e37ed36.jpg,F:\xlw\bdd100k_final\images\100k\val\c8759b14-8e37ed36.jpg,val,rainy,night,night
c8766d9e-4289f547.jpg,F:\xlw\bdd100k_final\images\100k\val\c8766d9e-4289f547.jpg,val,rainy,daytime,rain
c876a58b-97c4d16e.jpg,F:\xlw\bdd100k_final\images\100k\val\c876a58b-97c4d16e.jpg,val,partly cloudy,daytime,clear
c876f8b1-f19a1697.jpg,F:\xlw\bdd100k_final\images\100k\val\c876f8b1-f19a1697.jpg,val,clear,night,night
c8773c4a-092e1a3f.jpg,F:\xlw\bdd100k_final\images\100k\val\c8773c4a-092e1a3f.jpg,val,rainy,night,night
c87793e4-f899b0b4.jpg,F:\xlw\bdd100k_final\images\100k\val\c87793e4-f899b0b4.jpg,val,clear,night,night
c877ac5b-56eb96fb.jpg,F:\xlw\bdd100k_final\images\100k\val\c877ac5b-56eb96fb.jpg,val,foggy,night,night
c877c1e3-d9eaa422.jpg,F:\xlw\bdd100k_final\images\100k\val\c877c1e3-d9eaa422.jpg,val,clear,night,night
c878b7e1-a736922b.jpg,F:\xlw\bdd100k_final\images\100k\val\c878b7e1-a736922b.jpg,val,rainy,daytime,rain
c8792c3c-a42cb3f6.jpg,F:\xlw\bdd100k_final\images\100k\val\c8792c3c-a42cb3f6.jpg,val,clear,daytime,clear
c87a634a-83007615.jpg,F:\xlw\bdd100k_final\images\100k\val\c87a634a-83007615.jpg,val,overcast,daytime,clear
c87a634a-bacc0924.jpg,F:\xlw\bdd100k_final\images\100k\val\c87a634a-bacc0924.jpg,val,partly cloudy,daytime,clear
c87a634a-d8248e08.jpg,F:\xlw\bdd100k_final\images\100k\val\c87a634a-d8248e08.jpg,val,overcast,daytime,clear
c87a6aba-757a0a27.jpg,F:\xlw\bdd100k_final\images\100k\val\c87a6aba-757a0a27.jpg,val,rainy,night,night
c87ba6b4-4b91b210.jpg,F:\xlw\bdd100k_final\images\100k\val\c87ba6b4-4b91b210.jpg,val,clear,night,night
c87d3555-1b67b671.jpg,F:\xlw\bdd100k_final\images\100k\val\c87d3555-1b67b671.jpg,val,snowy,daytime,snow
c87d3555-23765ccd.jpg,F:\xlw\bdd100k_final\images\100k\val\c87d3555-23765ccd.jpg,val,snowy,daytime,snow
c87d3555-5c159851.jpg,F:\xlw\bdd100k_final\images\100k\val\c87d3555-5c159851.jpg,val,overcast,daytime,clear
c87e0427-31e8946b.jpg,F:\xlw\bdd100k_final\images\100k\val\c87e0427-31e8946b.jpg,val,clear,daytime,clear
c87ef40a-d9c511a4.jpg,F:\xlw\bdd100k_final\images\100k\val\c87ef40a-d9c511a4.jpg,val,clear,night,night
c87ef40a-f8631ab2.jpg,F:\xlw\bdd100k_final\images\100k\val\c87ef40a-f8631ab2.jpg,val,clear,night,night
c88144fc-d2606369.jpg,F:\xlw\bdd100k_final\images\100k\val\c88144fc-d2606369.jpg,val,clear,night,night
c88439db-75bc1603.jpg,F:\xlw\bdd100k_final\images\100k\val\c88439db-75bc1603.jpg,val,clear,daytime,clear
c88555fb-a5e194ab.jpg,F:\xlw\bdd100k_final\images\100k\val\c88555fb-a5e194ab.jpg,val,clear,daytime,clear
c88555fb-d0df0339.jpg,F:\xlw\bdd100k_final\images\100k\val\c88555fb-d0df0339.jpg,val,clear,daytime,clear
c8863aea-d79c8788.jpg,F:\xlw\bdd100k_final\images\100k\val\c8863aea-d79c8788.jpg,val,clear,night,night
c888a3fb-286c1528.jpg,F:\xlw\bdd100k_final\images\100k\val\c888a3fb-286c1528.jpg,val,clear,daytime,clear
c889c950-1bafea05.jpg,F:\xlw\bdd100k_final\images\100k\val\c889c950-1bafea05.jpg,val,rainy,night,night
c889c950-53fabe91.jpg,F:\xlw\bdd100k_final\images\100k\val\c889c950-53fabe91.jpg,val,snowy,night,night
c889c950-6efe6d79.jpg,F:\xlw\bdd100k_final\images\100k\val\c889c950-6efe6d79.jpg,val,snowy,night,night
c889c950-865ca5b6.jpg,F:\xlw\bdd100k_final\images\100k\val\c889c950-865ca5b6.jpg,val,clear,night,night
c889c950-8a382793.jpg,F:\xlw\bdd100k_final\images\100k\val\c889c950-8a382793.jpg,val,rainy,night,night
c889c950-9604f14d.jpg,F:\xlw\bdd100k_final\images\100k\val\c889c950-9604f14d.jpg,val,snowy,night,night
c889c950-9f421d51.jpg,F:\xlw\bdd100k_final\images\100k\val\c889c950-9f421d51.jpg,val,clear,night,night
c889c950-af3a6dd9.jpg,F:\xlw\bdd100k_final\images\100k\val\c889c950-af3a6dd9.jpg,val,clear,night,night
c889c950-af58a038.jpg,F:\xlw\bdd100k_final\images\100k\val\c889c950-af58a038.jpg,val,rainy,night,night
c889c950-e75d6454.jpg,F:\xlw\bdd100k_final\images\100k\val\c889c950-e75d6454.jpg,val,rainy,night,night
c88a29cf-4acca487.jpg,F:\xlw\bdd100k_final\images\100k\val\c88a29cf-4acca487.jpg,val,snowy,night,night
c88a29cf-a10941c6.jpg,F:\xlw\bdd100k_final\images\100k\val\c88a29cf-a10941c6.jpg,val,snowy,night,night
c88aac1c-940c43af.jpg,F:\xlw\bdd100k_final\images\100k\val\c88aac1c-940c43af.jpg,val,clear,daytime,clear
c88b26c5-0a03ff8e.jpg,F:\xlw\bdd100k_final\images\100k\val\c88b26c5-0a03ff8e.jpg,val,clear,daytime,clear
c88c11f9-46b63b1e.jpg,F:\xlw\bdd100k_final\images\100k\val\c88c11f9-46b63b1e.jpg,val,clear,daytime,clear
c88f9916-2a874e4d.jpg,F:\xlw\bdd100k_final\images\100k\val\c88f9916-2a874e4d.jpg,val,clear,night,night
c88fa35f-b1639d6e.jpg,F:\xlw\bdd100k_final\images\100k\val\c88fa35f-b1639d6e.jpg,val,partly cloudy,daytime,clear
c88fa35f-e6582069.jpg,F:\xlw\bdd100k_final\images\100k\val\c88fa35f-e6582069.jpg,val,partly cloudy,daytime,clear
c891763b-fea20b04.jpg,F:\xlw\bdd100k_final\images\100k\val\c891763b-fea20b04.jpg,val,clear,night,night
c892a4e4-9bf183c0.jpg,F:\xlw\bdd100k_final\images\100k\val\c892a4e4-9bf183c0.jpg,val,rainy,daytime,rain
c895041f-b2d189ed.jpg,F:\xlw\bdd100k_final\images\100k\val\c895041f-b2d189ed.jpg,val,overcast,daytime,clear
c897cc2b-01aaad95.jpg,F:\xlw\bdd100k_final\images\100k\val\c897cc2b-01aaad95.jpg,val,clear,daytime,clear
c897cc2b-2a1bc9f0.jpg,F:\xlw\bdd100k_final\images\100k\val\c897cc2b-2a1bc9f0.jpg,val,clear,daytime,clear
c897cc2b-4104fbc7.jpg,F:\xlw\bdd100k_final\images\100k\val\c897cc2b-4104fbc7.jpg,val,clear,daytime,clear
c897cc2b-6612f914.jpg,F:\xlw\bdd100k_final\images\100k\val\c897cc2b-6612f914.jpg,val,clear,daytime,clear
c89a1ff4-b538297b.jpg,F:\xlw\bdd100k_final\images\100k\val\c89a1ff4-b538297b.jpg,val,clear,night,night
c89bec33-797b5aca.jpg,F:\xlw\bdd100k_final\images\100k\val\c89bec33-797b5aca.jpg,val,overcast,daytime,clear
c89ee093-58ed3db1.jpg,F:\xlw\bdd100k_final\images\100k\val\c89ee093-58ed3db1.jpg,val,clear,daytime,clear
c89ee093-65ac0019.jpg,F:\xlw\bdd100k_final\images\100k\val\c89ee093-65ac0019.jpg,val,clear,daytime,clear
c89ee093-bf3f50b3.jpg,F:\xlw\bdd100k_final\images\100k\val\c89ee093-bf3f50b3.jpg,val,partly cloudy,daytime,clear
c89fc3e2-aaab0dfb.jpg,F:\xlw\bdd100k_final\images\100k\val\c89fc3e2-aaab0dfb.jpg,val,clear,daytime,clear
c8a13aff-dfec2bff.jpg,F:\xlw\bdd100k_final\images\100k\val\c8a13aff-dfec2bff.jpg,val,clear,daytime,clear
c8a5a379-cb506f54.jpg,F:\xlw\bdd100k_final\images\100k\val\c8a5a379-cb506f54.jpg,val,clear,daytime,clear
c8a5c2cd-c1d58c72.jpg,F:\xlw\bdd100k_final\images\100k\val\c8a5c2cd-c1d58c72.jpg,val,rainy,daytime,rain
c8a5ddd2-3dae7adb.jpg,F:\xlw\bdd100k_final\images\100k\val\c8a5ddd2-3dae7adb.jpg,val,clear,night,night
c8a6707c-ce95509d.jpg,F:\xlw\bdd100k_final\images\100k\val\c8a6707c-ce95509d.jpg,val,clear,night,night
c8a7a62d-e58e7297.jpg,F:\xlw\bdd100k_final\images\100k\val\c8a7a62d-e58e7297.jpg,val,overcast,daytime,clear
c8a830e0-95b22cac.jpg,F:\xlw\bdd100k_final\images\100k\val\c8a830e0-95b22cac.jpg,val,clear,daytime,clear
c8a8a0da-10ead00e.jpg,F:\xlw\bdd100k_final\images\100k\val\c8a8a0da-10ead00e.jpg,val,overcast,daytime,clear
c8a8a8b3-e36009e8.jpg,F:\xlw\bdd100k_final\images\100k\val\c8a8a8b3-e36009e8.jpg,val,overcast,daytime,clear
c8af3e03-11a30ece.jpg,F:\xlw\bdd100k_final\images\100k\val\c8af3e03-11a30ece.jpg,val,clear,night,night
c8af3e03-7468b30d.jpg,F:\xlw\bdd100k_final\images\100k\val\c8af3e03-7468b30d.jpg,val,clear,night,night
c8af3e03-876c4d1b.jpg,F:\xlw\bdd100k_final\images\100k\val\c8af3e03-876c4d1b.jpg,val,clear,night,night
c8af3e03-8966234c.jpg,F:\xlw\bdd100k_final\images\100k\val\c8af3e03-8966234c.jpg,val,clear,night,night
c8af3e03-a4734700.jpg,F:\xlw\bdd100k_final\images\100k\val\c8af3e03-a4734700.jpg,val,clear,night,night
c8afab60-93f92fc5.jpg,F:\xlw\bdd100k_final\images\100k\val\c8afab60-93f92fc5.jpg,val,rainy,night,night
c8b0bab6-04d79fe4.jpg,F:\xlw\bdd100k_final\images\100k\val\c8b0bab6-04d79fe4.jpg,val,clear,night,night
c8b0bab6-1032cf1e.jpg,F:\xlw\bdd100k_final\images\100k\val\c8b0bab6-1032cf1e.jpg,val,clear,night,night
c8b0bab6-2f0f5619.jpg,F:\xlw\bdd100k_final\images\100k\val\c8b0bab6-2f0f5619.jpg,val,clear,night,night
c8b0bab6-60153935.jpg,F:\xlw\bdd100k_final\images\100k\val\c8b0bab6-60153935.jpg,val,clear,night,night
c8b2aaa6-1a53d715.jpg,F:\xlw\bdd100k_final\images\100k\val\c8b2aaa6-1a53d715.jpg,val,rainy,daytime,rain
c8b4e0ea-598432a7.jpg,F:\xlw\bdd100k_final\images\100k\val\c8b4e0ea-598432a7.jpg,val,clear,daytime,clear
c8b528fd-12a62505.jpg,F:\xlw\bdd100k_final\images\100k\val\c8b528fd-12a62505.jpg,val,clear,night,night
c8b528fd-9010dcaf.jpg,F:\xlw\bdd100k_final\images\100k\val\c8b528fd-9010dcaf.jpg,val,clear,night,night
c8b528fd-f3a72223.jpg,F:\xlw\bdd100k_final\images\100k\val\c8b528fd-f3a72223.jpg,val,clear,night,night
c8b5bc59-7e4f7285.jpg,F:\xlw\bdd100k_final\images\100k\val\c8b5bc59-7e4f7285.jpg,val,clear,night,night
c8b5bc59-ad1aa597.jpg,F:\xlw\bdd100k_final\images\100k\val\c8b5bc59-ad1aa597.jpg,val,clear,night,night
c8b7195b-738b9147.jpg,F:\xlw\bdd100k_final\images\100k\val\c8b7195b-738b9147.jpg,val,clear,daytime,clear
c8b7358d-fc3bd36c.jpg,F:\xlw\bdd100k_final\images\100k\val\c8b7358d-fc3bd36c.jpg,val,partly cloudy,daytime,clear
c8b7358d-fcb96006.jpg,F:\xlw\bdd100k_final\images\100k\val\c8b7358d-fcb96006.jpg,val,partly cloudy,daytime,clear
c8b983aa-59bbf82b.jpg,F:\xlw\bdd100k_final\images\100k\val\c8b983aa-59bbf82b.jpg,val,partly cloudy,daytime,clear
c8bad943-c78f2df3.jpg,F:\xlw\bdd100k_final\images\100k\val\c8bad943-c78f2df3.jpg,val,clear,daytime,clear
c8bc1028-89f17211.jpg,F:\xlw\bdd100k_final\images\100k\val\c8bc1028-89f17211.jpg,val,clear,night,night
c8bd76fd-04a1c915.jpg,F:\xlw\bdd100k_final\images\100k\val\c8bd76fd-04a1c915.jpg,val,snowy,daytime,snow
c8bd76fd-1fda46a5.jpg,F:\xlw\bdd100k_final\images\100k\val\c8bd76fd-1fda46a5.jpg,val,snowy,daytime,snow
c8bd76fd-77472fba.jpg,F:\xlw\bdd100k_final\images\100k\val\c8bd76fd-77472fba.jpg,val,snowy,daytime,snow
c8bdf9c7-f5773522.jpg,F:\xlw\bdd100k_final\images\100k\val\c8bdf9c7-f5773522.jpg,val,snowy,night,night
c8beac4c-f1d1d6b5.jpg,F:\xlw\bdd100k_final\images\100k\val\c8beac4c-f1d1d6b5.jpg,val,partly cloudy,daytime,clear
c8bf003e-59bda2b9.jpg,F:\xlw\bdd100k_final\images\100k\val\c8bf003e-59bda2b9.jpg,val,undefined,night,night
c8bf003e-a663547a.jpg,F:\xlw\bdd100k_final\images\100k\val\c8bf003e-a663547a.jpg,val,clear,night,night
c8bf003e-abd8611d.jpg,F:\xlw\bdd100k_final\images\100k\val\c8bf003e-abd8611d.jpg,val,clear,night,night
c8bf003e-c2e23e42.jpg,F:\xlw\bdd100k_final\images\100k\val\c8bf003e-c2e23e42.jpg,val,clear,night,night
c8bf003e-c4202676.jpg,F:\xlw\bdd100k_final\images\100k\val\c8bf003e-c4202676.jpg,val,clear,night,night
c8bf16f5-dd333834.jpg,F:\xlw\bdd100k_final\images\100k\val\c8bf16f5-dd333834.jpg,val,clear,night,night
c8c0c00c-39ef4894.jpg,F:\xlw\bdd100k_final\images\100k\val\c8c0c00c-39ef4894.jpg,val,overcast,daytime,clear
c8c0c00c-5a90317a.jpg,F:\xlw\bdd100k_final\images\100k\val\c8c0c00c-5a90317a.jpg,val,rainy,daytime,rain
c8c0c00c-f54a95c9.jpg,F:\xlw\bdd100k_final\images\100k\val\c8c0c00c-f54a95c9.jpg,val,overcast,daytime,clear
c8c21a87-5eb41ad6.jpg,F:\xlw\bdd100k_final\images\100k\val\c8c21a87-5eb41ad6.jpg,val,clear,daytime,clear
c8c34ebe-07e082be.jpg,F:\xlw\bdd100k_final\images\100k\val\c8c34ebe-07e082be.jpg,val,clear,night,night
c8c34ebe-756f7560.jpg,F:\xlw\bdd100k_final\images\100k\val\c8c34ebe-756f7560.jpg,val,clear,night,night
c8c40f8e-20c429b3.jpg,F:\xlw\bdd100k_final\images\100k\val\c8c40f8e-20c429b3.jpg,val,snowy,night,night
c8c40f8e-36103452.jpg,F:\xlw\bdd100k_final\images\100k\val\c8c40f8e-36103452.jpg,val,snowy,night,night
c8c40f8e-73bfa1bb.jpg,F:\xlw\bdd100k_final\images\100k\val\c8c40f8e-73bfa1bb.jpg,val,snowy,night,night
c8c40f8e-a4f64719.jpg,F:\xlw\bdd100k_final\images\100k\val\c8c40f8e-a4f64719.jpg,val,snowy,night,night
c8c4134b-6e17c1d0.jpg,F:\xlw\bdd100k_final\images\100k\val\c8c4134b-6e17c1d0.jpg,val,clear,daytime,clear
c8c6e143-981c8f06.jpg,F:\xlw\bdd100k_final\images\100k\val\c8c6e143-981c8f06.jpg,val,rainy,daytime,rain
c8c6e143-d85ae0f6.jpg,F:\xlw\bdd100k_final\images\100k\val\c8c6e143-d85ae0f6.jpg,val,rainy,daytime,rain
c8c76d82-9502dce2.jpg,F:\xlw\bdd100k_final\images\100k\val\c8c76d82-9502dce2.jpg,val,clear,daytime,clear
c8c87708-09d22f5b.jpg,F:\xlw\bdd100k_final\images\100k\val\c8c87708-09d22f5b.jpg,val,partly cloudy,daytime,clear
c8c97803-0a84ce2b.jpg,F:\xlw\bdd100k_final\images\100k\val\c8c97803-0a84ce2b.jpg,val,clear,night,night
c8c97803-35a64c37.jpg,F:\xlw\bdd100k_final\images\100k\val\c8c97803-35a64c37.jpg,val,clear,night,night
c8c97803-657086fb.jpg,F:\xlw\bdd100k_final\images\100k\val\c8c97803-657086fb.jpg,val,snowy,night,night
c8c97803-6c607d47.jpg,F:\xlw\bdd100k_final\images\100k\val\c8c97803-6c607d47.jpg,val,clear,night,night
c8c97803-75867166.jpg,F:\xlw\bdd100k_final\images\100k\val\c8c97803-75867166.jpg,val,clear,night,night
c8c97803-8f294a3f.jpg,F:\xlw\bdd100k_final\images\100k\val\c8c97803-8f294a3f.jpg,val,clear,night,night
c8c97803-c1e8543d.jpg,F:\xlw\bdd100k_final\images\100k\val\c8c97803-c1e8543d.jpg,val,clear,night,night
c8c97803-ddd12fbf.jpg,F:\xlw\bdd100k_final\images\100k\val\c8c97803-ddd12fbf.jpg,val,snowy,night,night
c8c97803-f16dd813.jpg,F:\xlw\bdd100k_final\images\100k\val\c8c97803-f16dd813.jpg,val,clear,night,night
c8c9db85-9d8a90c1.jpg,F:\xlw\bdd100k_final\images\100k\val\c8c9db85-9d8a90c1.jpg,val,clear,night,night
c8cbb112-9d16c5da.jpg,F:\xlw\bdd100k_final\images\100k\val\c8cbb112-9d16c5da.jpg,val,clear,daytime,clear
c8cbb112-c7c84f4b.jpg,F:\xlw\bdd100k_final\images\100k\val\c8cbb112-c7c84f4b.jpg,val,clear,daytime,clear
c8ce53ef-0209f9ea.jpg,F:\xlw\bdd100k_final\images\100k\val\c8ce53ef-0209f9ea.jpg,val,clear,night,night
c8ce53ef-5bbb0ed2.jpg,F:\xlw\bdd100k_final\images\100k\val\c8ce53ef-5bbb0ed2.jpg,val,clear,night,night
c8ce53ef-62708a1f.jpg,F:\xlw\bdd100k_final\images\100k\val\c8ce53ef-62708a1f.jpg,val,clear,night,night
c8d08ef4-8ed1534f.jpg,F:\xlw\bdd100k_final\images\100k\val\c8d08ef4-8ed1534f.jpg,val,clear,daytime,clear
c8d0d179-7492f586.jpg,F:\xlw\bdd100k_final\images\100k\val\c8d0d179-7492f586.jpg,val,clear,night,night
c8d1bc4e-9c43c393.jpg,F:\xlw\bdd100k_final\images\100k\val\c8d1bc4e-9c43c393.jpg,val,snowy,daytime,snow
c8d1bc4e-fa045566.jpg,F:\xlw\bdd100k_final\images\100k\val\c8d1bc4e-fa045566.jpg,val,snowy,daytime,snow
c8d2202b-74e688c8.jpg,F:\xlw\bdd100k_final\images\100k\val\c8d2202b-74e688c8.jpg,val,partly cloudy,daytime,clear
c8d2ec66-6f31d0dc.jpg,F:\xlw\bdd100k_final\images\100k\val\c8d2ec66-6f31d0dc.jpg,val,clear,daytime,clear
c8d3c68c-da2089e8.jpg,F:\xlw\bdd100k_final\images\100k\val\c8d3c68c-da2089e8.jpg,val,partly cloudy,daytime,clear
c8d42255-691c9c96.jpg,F:\xlw\bdd100k_final\images\100k\val\c8d42255-691c9c96.jpg,val,overcast,daytime,clear
c8d4fbd6-5d396c2e.jpg,F:\xlw\bdd100k_final\images\100k\val\c8d4fbd6-5d396c2e.jpg,val,snowy,daytime,snow
c8d7cfb3-347e6733.jpg,F:\xlw\bdd100k_final\images\100k\val\c8d7cfb3-347e6733.jpg,val,clear,night,night
c8d7cfb3-83ab1da7.jpg,F:\xlw\bdd100k_final\images\100k\val\c8d7cfb3-83ab1da7.jpg,val,clear,night,night
c8d7cfb3-cd9f103f.jpg,F:\xlw\bdd100k_final\images\100k\val\c8d7cfb3-cd9f103f.jpg,val,clear,night,night
c8d838f3-750f337e.jpg,F:\xlw\bdd100k_final\images\100k\val\c8d838f3-750f337e.jpg,val,partly cloudy,daytime,clear
c8ddb7b2-8c453f30.jpg,F:\xlw\bdd100k_final\images\100k\val\c8ddb7b2-8c453f30.jpg,val,overcast,daytime,clear
c8ddd93f-8e314f90.jpg,F:\xlw\bdd100k_final\images\100k\val\c8ddd93f-8e314f90.jpg,val,clear,night,night
c8df9893-499c95bc.jpg,F:\xlw\bdd100k_final\images\100k\val\c8df9893-499c95bc.jpg,val,clear,night,night
c8e01103-8c1b5190.jpg,F:\xlw\bdd100k_final\images\100k\val\c8e01103-8c1b5190.jpg,val,rainy,daytime,rain
c8e01103-9ff8595d.jpg,F:\xlw\bdd100k_final\images\100k\val\c8e01103-9ff8595d.jpg,val,rainy,daytime,rain
c8e22fdb-a7148306.jpg,F:\xlw\bdd100k_final\images\100k\val\c8e22fdb-a7148306.jpg,val,clear,night,night
c8e59150-52042127.jpg,F:\xlw\bdd100k_final\images\100k\val\c8e59150-52042127.jpg,val,clear,daytime,clear
c8e70aac-614de268.jpg,F:\xlw\bdd100k_final\images\100k\val\c8e70aac-614de268.jpg,val,clear,daytime,clear
c8e79c93-00e1d82a.jpg,F:\xlw\bdd100k_final\images\100k\val\c8e79c93-00e1d82a.jpg,val,rainy,night,night
c8e895be-9bf55449.jpg,F:\xlw\bdd100k_final\images\100k\val\c8e895be-9bf55449.jpg,val,clear,daytime,clear
c8e8cd4a-3d1efe93.jpg,F:\xlw\bdd100k_final\images\100k\val\c8e8cd4a-3d1efe93.jpg,val,rainy,daytime,rain
c8e8cd4a-9dd5daeb.jpg,F:\xlw\bdd100k_final\images\100k\val\c8e8cd4a-9dd5daeb.jpg,val,rainy,daytime,rain
c8e8f29f-09ac075a.jpg,F:\xlw\bdd100k_final\images\100k\val\c8e8f29f-09ac075a.jpg,val,clear,daytime,clear
c8e8f29f-aa6b38d9.jpg,F:\xlw\bdd100k_final\images\100k\val\c8e8f29f-aa6b38d9.jpg,val,partly cloudy,daytime,clear
c8ed2212-b60fa314.jpg,F:\xlw\bdd100k_final\images\100k\val\c8ed2212-b60fa314.jpg,val,clear,daytime,clear
c8ed3fad-623b1616.jpg,F:\xlw\bdd100k_final\images\100k\val\c8ed3fad-623b1616.jpg,val,clear,daytime,clear
c8edf7ac-e984287f.jpg,F:\xlw\bdd100k_final\images\100k\val\c8edf7ac-e984287f.jpg,val,overcast,daytime,clear
c8ee7748-be80b2c6.jpg,F:\xlw\bdd100k_final\images\100k\val\c8ee7748-be80b2c6.jpg,val,clear,night,night
c8eeb9c9-922af0bb.jpg,F:\xlw\bdd100k_final\images\100k\val\c8eeb9c9-922af0bb.jpg,val,clear,night,night
c8ef1a34-e7c66c0c.jpg,F:\xlw\bdd100k_final\images\100k\val\c8ef1a34-e7c66c0c.jpg,val,clear,daytime,clear
c8ef6556-56df81da.jpg,F:\xlw\bdd100k_final\images\100k\val\c8ef6556-56df81da.jpg,val,clear,daytime,clear
c8ef6556-c033218f.jpg,F:\xlw\bdd100k_final\images\100k\val\c8ef6556-c033218f.jpg,val,clear,daytime,clear
c8efd5bf-dc61bcfd.jpg,F:\xlw\bdd100k_final\images\100k\val\c8efd5bf-dc61bcfd.jpg,val,clear,daytime,clear
c8f0adf0-85eb7754.jpg,F:\xlw\bdd100k_final\images\100k\val\c8f0adf0-85eb7754.jpg,val,partly cloudy,daytime,clear
c8f1cdd6-9d2a3186.jpg,F:\xlw\bdd100k_final\images\100k\val\c8f1cdd6-9d2a3186.jpg,val,overcast,daytime,clear
c8f39d22-69f436d4.jpg,F:\xlw\bdd100k_final\images\100k\val\c8f39d22-69f436d4.jpg,val,clear,night,night
c8f39d22-9e3f76f8.jpg,F:\xlw\bdd100k_final\images\100k\val\c8f39d22-9e3f76f8.jpg,val,clear,night,night
c8f48328-67aa756a.jpg,F:\xlw\bdd100k_final\images\100k\val\c8f48328-67aa756a.jpg,val,clear,night,night
c8f48328-7de61e93.jpg,F:\xlw\bdd100k_final\images\100k\val\c8f48328-7de61e93.jpg,val,clear,night,night
c8f48328-8b9e4717.jpg,F:\xlw\bdd100k_final\images\100k\val\c8f48328-8b9e4717.jpg,val,clear,night,night
c8f61b8f-81c16429.jpg,F:\xlw\bdd100k_final\images\100k\val\c8f61b8f-81c16429.jpg,val,partly cloudy,daytime,clear
c8f90ec2-37aa3a28.jpg,F:\xlw\bdd100k_final\images\100k\val\c8f90ec2-37aa3a28.jpg,val,clear,night,night
c8f90ec2-8b0d49de.jpg,F:\xlw\bdd100k_final\images\100k\val\c8f90ec2-8b0d49de.jpg,val,clear,night,night
c8f962d8-1925ff9b.jpg,F:\xlw\bdd100k_final\images\100k\val\c8f962d8-1925ff9b.jpg,val,clear,night,night
c8fa732b-fbdaa989.jpg,F:\xlw\bdd100k_final\images\100k\val\c8fa732b-fbdaa989.jpg,val,clear,daytime,clear
c8fc1373-3ce39fc9.jpg,F:\xlw\bdd100k_final\images\100k\val\c8fc1373-3ce39fc9.jpg,val,clear,daytime,clear
c8fd5c4a-16dbf91b.jpg,F:\xlw\bdd100k_final\images\100k\val\c8fd5c4a-16dbf91b.jpg,val,overcast,daytime,clear
c8fddab0-13dbb312.jpg,F:\xlw\bdd100k_final\images\100k\val\c8fddab0-13dbb312.jpg,val,clear,night,night
c8fddab0-9ea6d001.jpg,F:\xlw\bdd100k_final\images\100k\val\c8fddab0-9ea6d001.jpg,val,clear,night,night
c8ffbba5-334918b7.jpg,F:\xlw\bdd100k_final\images\100k\val\c8ffbba5-334918b7.jpg,val,clear,night,night
c900eb3c-4b7befc1.jpg,F:\xlw\bdd100k_final\images\100k\val\c900eb3c-4b7befc1.jpg,val,partly cloudy,daytime,clear
c9018c4e-976ad16e.jpg,F:\xlw\bdd100k_final\images\100k\val\c9018c4e-976ad16e.jpg,val,undefined,night,night
c909551e-fb24caeb.jpg,F:\xlw\bdd100k_final\images\100k\val\c909551e-fb24caeb.jpg,val,partly cloudy,daytime,clear
c909f3df-69d1a96a.jpg,F:\xlw\bdd100k_final\images\100k\val\c909f3df-69d1a96a.jpg,val,snowy,night,night
c909f3df-ac4074ed.jpg,F:\xlw\bdd100k_final\images\100k\val\c909f3df-ac4074ed.jpg,val,snowy,night,night
c909f3df-d3ce29f1.jpg,F:\xlw\bdd100k_final\images\100k\val\c909f3df-d3ce29f1.jpg,val,snowy,night,night
c90a2111-04776fd3.jpg,F:\xlw\bdd100k_final\images\100k\val\c90a2111-04776fd3.jpg,val,overcast,daytime,clear
c90b5398-63556b1c.jpg,F:\xlw\bdd100k_final\images\100k\val\c90b5398-63556b1c.jpg,val,clear,daytime,clear
c90b5398-8d49f2f2.jpg,F:\xlw\bdd100k_final\images\100k\val\c90b5398-8d49f2f2.jpg,val,clear,daytime,clear
c90bf06d-4ed5dc9e.jpg,F:\xlw\bdd100k_final\images\100k\val\c90bf06d-4ed5dc9e.jpg,val,clear,night,night
c90bf06d-5782a8fb.jpg,F:\xlw\bdd100k_final\images\100k\val\c90bf06d-5782a8fb.jpg,val,snowy,night,night
c90bf06d-eda5f238.jpg,F:\xlw\bdd100k_final\images\100k\val\c90bf06d-eda5f238.jpg,val,rainy,night,night
c90bf06d-fc30a08e.jpg,F:\xlw\bdd100k_final\images\100k\val\c90bf06d-fc30a08e.jpg,val,undefined,night,night
c90c8198-f73aed79.jpg,F:\xlw\bdd100k_final\images\100k\val\c90c8198-f73aed79.jpg,val,overcast,daytime,clear
c90e0afb-911ffd59.jpg,F:\xlw\bdd100k_final\images\100k\val\c90e0afb-911ffd59.jpg,val,partly cloudy,daytime,clear
c90ec86b-c3698408.jpg,F:\xlw\bdd100k_final\images\100k\val\c90ec86b-c3698408.jpg,val,snowy,daytime,snow
c90ecab0-505559be.jpg,F:\xlw\bdd100k_final\images\100k\val\c90ecab0-505559be.jpg,val,rainy,daytime,rain
c90ecab0-68dc9839.jpg,F:\xlw\bdd100k_final\images\100k\val\c90ecab0-68dc9839.jpg,val,rainy,daytime,rain
c90ff73f-d76cc0c4.jpg,F:\xlw\bdd100k_final\images\100k\val\c90ff73f-d76cc0c4.jpg,val,rainy,night,night
c9106ec8-1df793b7.jpg,F:\xlw\bdd100k_final\images\100k\val\c9106ec8-1df793b7.jpg,val,clear,night,night
c911f50f-e7958776.jpg,F:\xlw\bdd100k_final\images\100k\val\c911f50f-e7958776.jpg,val,clear,daytime,clear
c9123546-b647e40f.jpg,F:\xlw\bdd100k_final\images\100k\val\c9123546-b647e40f.jpg,val,partly cloudy,daytime,clear
c9160b61-80e5089a.jpg,F:\xlw\bdd100k_final\images\100k\val\c9160b61-80e5089a.jpg,val,clear,daytime,clear
c9161830-52503e77.jpg,F:\xlw\bdd100k_final\images\100k\val\c9161830-52503e77.jpg,val,clear,night,night
c917201f-5bbb8087.jpg,F:\xlw\bdd100k_final\images\100k\val\c917201f-5bbb8087.jpg,val,overcast,daytime,clear
c9172da6-c3a38f22.jpg,F:\xlw\bdd100k_final\images\100k\val\c9172da6-c3a38f22.jpg,val,clear,night,night
c9178f1b-e33f5de8.jpg,F:\xlw\bdd100k_final\images\100k\val\c9178f1b-e33f5de8.jpg,val,overcast,daytime,clear
c9185b69-e0fda3f0.jpg,F:\xlw\bdd100k_final\images\100k\val\c9185b69-e0fda3f0.jpg,val,clear,night,night
c9195e43-b2fdd978.jpg,F:\xlw\bdd100k_final\images\100k\val\c9195e43-b2fdd978.jpg,val,overcast,daytime,clear
c9197398-2fea0795.jpg,F:\xlw\bdd100k_final\images\100k\val\c9197398-2fea0795.jpg,val,partly cloudy,daytime,clear
c91a3cef-888fc664.jpg,F:\xlw\bdd100k_final\images\100k\val\c91a3cef-888fc664.jpg,val,clear,daytime,clear
c91a3cef-e63379c7.jpg,F:\xlw\bdd100k_final\images\100k\val\c91a3cef-e63379c7.jpg,val,clear,daytime,clear
c91a84db-31862c42.jpg,F:\xlw\bdd100k_final\images\100k\val\c91a84db-31862c42.jpg,val,overcast,daytime,clear
c91a84db-3aee7c05.jpg,F:\xlw\bdd100k_final\images\100k\val\c91a84db-3aee7c05.jpg,val,overcast,daytime,clear
c91a84db-a199dd0d.jpg,F:\xlw\bdd100k_final\images\100k\val\c91a84db-a199dd0d.jpg,val,overcast,daytime,clear
c91a84db-cc93d5a1.jpg,F:\xlw\bdd100k_final\images\100k\val\c91a84db-cc93d5a1.jpg,val,overcast,daytime,clear
c91b89eb-bd95cbff.jpg,F:\xlw\bdd100k_final\images\100k\val\c91b89eb-bd95cbff.jpg,val,clear,night,night
c91d0862-74c58649.jpg,F:\xlw\bdd100k_final\images\100k\val\c91d0862-74c58649.jpg,val,overcast,daytime,clear
c91da210-1252e4c6.jpg,F:\xlw\bdd100k_final\images\100k\val\c91da210-1252e4c6.jpg,val,clear,daytime,clear
c91da210-af3c069e.jpg,F:\xlw\bdd100k_final\images\100k\val\c91da210-af3c069e.jpg,val,partly cloudy,daytime,clear
c91da210-b1922917.jpg,F:\xlw\bdd100k_final\images\100k\val\c91da210-b1922917.jpg,val,clear,daytime,clear
c91da210-bc038b99.jpg,F:\xlw\bdd100k_final\images\100k\val\c91da210-bc038b99.jpg,val,clear,daytime,clear
c91db2b0-38312b9f.jpg,F:\xlw\bdd100k_final\images\100k\val\c91db2b0-38312b9f.jpg,val,rainy,daytime,rain
c91e8a26-3025d41e.jpg,F:\xlw\bdd100k_final\images\100k\val\c91e8a26-3025d41e.jpg,val,clear,night,night
c91eb48f-a7497694.jpg,F:\xlw\bdd100k_final\images\100k\val\c91eb48f-a7497694.jpg,val,clear,daytime,clear
c91eb48f-fa7a6cdc.jpg,F:\xlw\bdd100k_final\images\100k\val\c91eb48f-fa7a6cdc.jpg,val,clear,daytime,clear
c92005f1-24f38b48.jpg,F:\xlw\bdd100k_final\images\100k\val\c92005f1-24f38b48.jpg,val,clear,night,night
c92005f1-27eb3d9e.jpg,F:\xlw\bdd100k_final\images\100k\val\c92005f1-27eb3d9e.jpg,val,clear,night,night
c92046a2-2a0b5a9e.jpg,F:\xlw\bdd100k_final\images\100k\val\c92046a2-2a0b5a9e.jpg,val,clear,daytime,clear
c92046a2-2f8e5345.jpg,F:\xlw\bdd100k_final\images\100k\val\c92046a2-2f8e5345.jpg,val,clear,daytime,clear
c92046a2-5264bdd4.jpg,F:\xlw\bdd100k_final\images\100k\val\c92046a2-5264bdd4.jpg,val,clear,daytime,clear
c9240f77-08db8836.jpg,F:\xlw\bdd100k_final\images\100k\val\c9240f77-08db8836.jpg,val,clear,daytime,clear
c9240f77-37f30fb5.jpg,F:\xlw\bdd100k_final\images\100k\val\c9240f77-37f30fb5.jpg,val,partly cloudy,daytime,clear
c9240f77-93292ea6.jpg,F:\xlw\bdd100k_final\images\100k\val\c9240f77-93292ea6.jpg,val,clear,daytime,clear
c924c4a4-7f9aa43a.jpg,F:\xlw\bdd100k_final\images\100k\val\c924c4a4-7f9aa43a.jpg,val,partly cloudy,daytime,clear
c924c4a4-bd2df2dc.jpg,F:\xlw\bdd100k_final\images\100k\val\c924c4a4-bd2df2dc.jpg,val,overcast,daytime,clear
c926408d-2118bffc.jpg,F:\xlw\bdd100k_final\images\100k\val\c926408d-2118bffc.jpg,val,clear,daytime,clear
c926408d-6840aaf6.jpg,F:\xlw\bdd100k_final\images\100k\val\c926408d-6840aaf6.jpg,val,clear,daytime,clear
c927d51b-43e6a4e8.jpg,F:\xlw\bdd100k_final\images\100k\val\c927d51b-43e6a4e8.jpg,val,clear,night,night
c927d51b-5c078571.jpg,F:\xlw\bdd100k_final\images\100k\val\c927d51b-5c078571.jpg,val,clear,daytime,clear
c927d51b-92852659.jpg,F:\xlw\bdd100k_final\images\100k\val\c927d51b-92852659.jpg,val,clear,daytime,clear
c927d51b-99c8166b.jpg,F:\xlw\bdd100k_final\images\100k\val\c927d51b-99c8166b.jpg,val,clear,daytime,clear
c927d51b-cb5b7850.jpg,F:\xlw\bdd100k_final\images\100k\val\c927d51b-cb5b7850.jpg,val,clear,daytime,clear
c927d51b-fa863734.jpg,F:\xlw\bdd100k_final\images\100k\val\c927d51b-fa863734.jpg,val,clear,night,night
c9283177-1ac311e2.jpg,F:\xlw\bdd100k_final\images\100k\val\c9283177-1ac311e2.jpg,val,overcast,daytime,clear
c9283177-4ac407c3.jpg,F:\xlw\bdd100k_final\images\100k\val\c9283177-4ac407c3.jpg,val,overcast,daytime,clear
c928749e-62bc39dd.jpg,F:\xlw\bdd100k_final\images\100k\val\c928749e-62bc39dd.jpg,val,clear,daytime,clear
c928c559-7cd84c9f.jpg,F:\xlw\bdd100k_final\images\100k\val\c928c559-7cd84c9f.jpg,val,clear,daytime,clear
c928c559-b70b74cf.jpg,F:\xlw\bdd100k_final\images\100k\val\c928c559-b70b74cf.jpg,val,clear,daytime,clear
c92aeef7-3d38133c.jpg,F:\xlw\bdd100k_final\images\100k\val\c92aeef7-3d38133c.jpg,val,clear,night,night
c92aeef7-a19d7070.jpg,F:\xlw\bdd100k_final\images\100k\val\c92aeef7-a19d7070.jpg,val,clear,night,night
c92aeef7-c8f9fb98.jpg,F:\xlw\bdd100k_final\images\100k\val\c92aeef7-c8f9fb98.jpg,val,clear,night,night
c92db9da-58694b5b.jpg,F:\xlw\bdd100k_final\images\100k\val\c92db9da-58694b5b.jpg,val,clear,night,night
c93017ac-e728a438.jpg,F:\xlw\bdd100k_final\images\100k\val\c93017ac-e728a438.jpg,val,clear,daytime,clear
c9312bb0-091a6594.jpg,F:\xlw\bdd100k_final\images\100k\val\c9312bb0-091a6594.jpg,val,clear,night,night
c9312bb0-7ac780f4.jpg,F:\xlw\bdd100k_final\images\100k\val\c9312bb0-7ac780f4.jpg,val,clear,night,night
c9312bb0-89c7cf4d.jpg,F:\xlw\bdd100k_final\images\100k\val\c9312bb0-89c7cf4d.jpg,val,clear,night,night
c9312bb0-95b57597.jpg,F:\xlw\bdd100k_final\images\100k\val\c9312bb0-95b57597.jpg,val,clear,night,night
c9312bb0-f07bcf18.jpg,F:\xlw\bdd100k_final\images\100k\val\c9312bb0-f07bcf18.jpg,val,clear,night,night
c93310c6-1224728c.jpg,F:\xlw\bdd100k_final\images\100k\val\c93310c6-1224728c.jpg,val,overcast,daytime,clear
c93310c6-228c8cce.jpg,F:\xlw\bdd100k_final\images\100k\val\c93310c6-228c8cce.jpg,val,overcast,daytime,clear
c93310c6-c662ee4b.jpg,F:\xlw\bdd100k_final\images\100k\val\c93310c6-c662ee4b.jpg,val,overcast,daytime,clear
c93364f2-95b285aa.jpg,F:\xlw\bdd100k_final\images\100k\val\c93364f2-95b285aa.jpg,val,snowy,daytime,snow
c933ade8-68159c26.jpg,F:\xlw\bdd100k_final\images\100k\val\c933ade8-68159c26.jpg,val,clear,night,night
c933ade8-e95faf28.jpg,F:\xlw\bdd100k_final\images\100k\val\c933ade8-e95faf28.jpg,val,clear,night,night
c933ade8-f5cb06c8.jpg,F:\xlw\bdd100k_final\images\100k\val\c933ade8-f5cb06c8.jpg,val,clear,night,night
c933ade8-f63b2db4.jpg,F:\xlw\bdd100k_final\images\100k\val\c933ade8-f63b2db4.jpg,val,clear,night,night
c934b18d-b08b04d2.jpg,F:\xlw\bdd100k_final\images\100k\val\c934b18d-b08b04d2.jpg,val,clear,daytime,clear
c93557c9-87e615cc.jpg,F:\xlw\bdd100k_final\images\100k\val\c93557c9-87e615cc.jpg,val,clear,night,night
c936d348-99cf17b9.jpg,F:\xlw\bdd100k_final\images\100k\val\c936d348-99cf17b9.jpg,val,partly cloudy,daytime,clear
c9375798-85c143f7.jpg,F:\xlw\bdd100k_final\images\100k\val\c9375798-85c143f7.jpg,val,clear,daytime,clear
c938658b-62746b31.jpg,F:\xlw\bdd100k_final\images\100k\val\c938658b-62746b31.jpg,val,snowy,night,night
c938658b-7aac4679.jpg,F:\xlw\bdd100k_final\images\100k\val\c938658b-7aac4679.jpg,val,clear,night,night
c938658b-c232988e.jpg,F:\xlw\bdd100k_final\images\100k\val\c938658b-c232988e.jpg,val,rainy,night,night
c93a7768-f84a9b8f.jpg,F:\xlw\bdd100k_final\images\100k\val\c93a7768-f84a9b8f.jpg,val,overcast,daytime,clear
c93a7ee2-e21d6bc5.jpg,F:\xlw\bdd100k_final\images\100k\val\c93a7ee2-e21d6bc5.jpg,val,clear,daytime,clear
c93b0369-a0cb051b.jpg,F:\xlw\bdd100k_final\images\100k\val\c93b0369-a0cb051b.jpg,val,overcast,daytime,clear
c93baa24-3b8c5ab3.jpg,F:\xlw\bdd100k_final\images\100k\val\c93baa24-3b8c5ab3.jpg,val,clear,night,night
c93bd9ce-30b0d752.jpg,F:\xlw\bdd100k_final\images\100k\val\c93bd9ce-30b0d752.jpg,val,rainy,night,night
c93bd9ce-d2617cc7.jpg,F:\xlw\bdd100k_final\images\100k\val\c93bd9ce-d2617cc7.jpg,val,snowy,night,night
c93bd9ce-ea579ed8.jpg,F:\xlw\bdd100k_final\images\100k\val\c93bd9ce-ea579ed8.jpg,val,rainy,daytime,rain
c93c1596-372a77b9.jpg,F:\xlw\bdd100k_final\images\100k\val\c93c1596-372a77b9.jpg,val,clear,night,night
c93c1596-49d96696.jpg,F:\xlw\bdd100k_final\images\100k\val\c93c1596-49d96696.jpg,val,clear,night,night
c93c1596-693b041f.jpg,F:\xlw\bdd100k_final\images\100k\val\c93c1596-693b041f.jpg,val,clear,night,night
c93dc018-9a022605.jpg,F:\xlw\bdd100k_final\images\100k\val\c93dc018-9a022605.jpg,val,clear,daytime,clear
c93e76b7-a0e64488.jpg,F:\xlw\bdd100k_final\images\100k\val\c93e76b7-a0e64488.jpg,val,overcast,daytime,clear
c9403737-33cab241.jpg,F:\xlw\bdd100k_final\images\100k\val\c9403737-33cab241.jpg,val,partly cloudy,daytime,clear
c9403737-55c6220f.jpg,F:\xlw\bdd100k_final\images\100k\val\c9403737-55c6220f.jpg,val,clear,daytime,clear
c9403737-5f34d857.jpg,F:\xlw\bdd100k_final\images\100k\val\c9403737-5f34d857.jpg,val,partly cloudy,daytime,clear
c9403737-9675db60.jpg,F:\xlw\bdd100k_final\images\100k\val\c9403737-9675db60.jpg,val,clear,daytime,clear
c9403737-bf414a95.jpg,F:\xlw\bdd100k_final\images\100k\val\c9403737-bf414a95.jpg,val,clear,daytime,clear
c9427dd5-4779940e.jpg,F:\xlw\bdd100k_final\images\100k\val\c9427dd5-4779940e.jpg,val,overcast,daytime,clear
c9427dd5-8dd8e51f.jpg,F:\xlw\bdd100k_final\images\100k\val\c9427dd5-8dd8e51f.jpg,val,partly cloudy,daytime,clear
c946b395-eac458c3.jpg,F:\xlw\bdd100k_final\images\100k\val\c946b395-eac458c3.jpg,val,overcast,daytime,clear
c946c532-07177e0a.jpg,F:\xlw\bdd100k_final\images\100k\val\c946c532-07177e0a.jpg,val,clear,daytime,clear
c9484a09-4a6da4f1.jpg,F:\xlw\bdd100k_final\images\100k\val\c9484a09-4a6da4f1.jpg,val,clear,night,night
c9484cde-1da408d7.jpg,F:\xlw\bdd100k_final\images\100k\val\c9484cde-1da408d7.jpg,val,overcast,daytime,clear
c9484cde-c9b46dc0.jpg,F:\xlw\bdd100k_final\images\100k\val\c9484cde-c9b46dc0.jpg,val,overcast,daytime,clear
c94958a6-299180ee.jpg,F:\xlw\bdd100k_final\images\100k\val\c94958a6-299180ee.jpg,val,clear,night,night
c94958a6-b66af171.jpg,F:\xlw\bdd100k_final\images\100k\val\c94958a6-b66af171.jpg,val,clear,daytime,clear
c94958a6-beac6097.jpg,F:\xlw\bdd100k_final\images\100k\val\c94958a6-beac6097.jpg,val,clear,daytime,clear
c949b637-0f47dc98.jpg,F:\xlw\bdd100k_final\images\100k\val\c949b637-0f47dc98.jpg,val,snowy,daytime,snow
c94a5fb6-446b8726.jpg,F:\xlw\bdd100k_final\images\100k\val\c94a5fb6-446b8726.jpg,val,clear,night,night
c94adc37-20233549.jpg,F:\xlw\bdd100k_final\images\100k\val\c94adc37-20233549.jpg,val,clear,night,night
c94adc37-76e1ff0b.jpg,F:\xlw\bdd100k_final\images\100k\val\c94adc37-76e1ff0b.jpg,val,rainy,night,night
c94b896e-40638bf9.jpg,F:\xlw\bdd100k_final\images\100k\val\c94b896e-40638bf9.jpg,val,clear,daytime,clear
c94c7ebc-dfcf2578.jpg,F:\xlw\bdd100k_final\images\100k\val\c94c7ebc-dfcf2578.jpg,val,clear,night,night
c94c8cef-e3a67ff5.jpg,F:\xlw\bdd100k_final\images\100k\val\c94c8cef-e3a67ff5.jpg,val,snowy,daytime,snow
c94ceb93-5b8608c4.jpg,F:\xlw\bdd100k_final\images\100k\val\c94ceb93-5b8608c4.jpg,val,clear,night,night
c94d8213-1f593522.jpg,F:\xlw\bdd100k_final\images\100k\val\c94d8213-1f593522.jpg,val,partly cloudy,daytime,clear
c94d8213-847662eb.jpg,F:\xlw\bdd100k_final\images\100k\val\c94d8213-847662eb.jpg,val,partly cloudy,daytime,clear
c94d86ee-9835e761.jpg,F:\xlw\bdd100k_final\images\100k\val\c94d86ee-9835e761.jpg,val,clear,night,night
c94d86ee-e18fa7ec.jpg,F:\xlw\bdd100k_final\images\100k\val\c94d86ee-e18fa7ec.jpg,val,rainy,night,night
c9517ae9-19790405.jpg,F:\xlw\bdd100k_final\images\100k\val\c9517ae9-19790405.jpg,val,clear,night,night
c9517ae9-b9d3b2f0.jpg,F:\xlw\bdd100k_final\images\100k\val\c9517ae9-b9d3b2f0.jpg,val,clear,night,night
c9557697-363a490d.jpg,F:\xlw\bdd100k_final\images\100k\val\c9557697-363a490d.jpg,val,clear,night,night
c9557697-64dfbc0f.jpg,F:\xlw\bdd100k_final\images\100k\val\c9557697-64dfbc0f.jpg,val,clear,night,night
c9557697-86314e9b.jpg,F:\xlw\bdd100k_final\images\100k\val\c9557697-86314e9b.jpg,val,clear,night,night
c9557697-8a2ab930.jpg,F:\xlw\bdd100k_final\images\100k\val\c9557697-8a2ab930.jpg,val,clear,night,night
c9557697-a50c7ba4.jpg,F:\xlw\bdd100k_final\images\100k\val\c9557697-a50c7ba4.jpg,val,clear,night,night
c9557697-e1fc666a.jpg,F:\xlw\bdd100k_final\images\100k\val\c9557697-e1fc666a.jpg,val,clear,night,night
c957b1a8-d327e7fb.jpg,F:\xlw\bdd100k_final\images\100k\val\c957b1a8-d327e7fb.jpg,val,clear,night,night
c95979e7-efb74491.jpg,F:\xlw\bdd100k_final\images\100k\val\c95979e7-efb74491.jpg,val,clear,night,night
c95c7aac-1ede8bc6.jpg,F:\xlw\bdd100k_final\images\100k\val\c95c7aac-1ede8bc6.jpg,val,clear,night,night
c95c7aac-2259b8d6.jpg,F:\xlw\bdd100k_final\images\100k\val\c95c7aac-2259b8d6.jpg,val,clear,night,night
c95c7aac-4af0d339.jpg,F:\xlw\bdd100k_final\images\100k\val\c95c7aac-4af0d339.jpg,val,clear,night,night
c95c7aac-86c314d4.jpg,F:\xlw\bdd100k_final\images\100k\val\c95c7aac-86c314d4.jpg,val,clear,night,night
c95c7aac-a58cbd30.jpg,F:\xlw\bdd100k_final\images\100k\val\c95c7aac-a58cbd30.jpg,val,clear,night,night
c95c7aac-ec4ec867.jpg,F:\xlw\bdd100k_final\images\100k\val\c95c7aac-ec4ec867.jpg,val,clear,night,night
c95f8af6-a4693b4e.jpg,F:\xlw\bdd100k_final\images\100k\val\c95f8af6-a4693b4e.jpg,val,clear,night,night
c95f8af6-f4a9099f.jpg,F:\xlw\bdd100k_final\images\100k\val\c95f8af6-f4a9099f.jpg,val,clear,night,night
c95f8ca5-0cf1c43c.jpg,F:\xlw\bdd100k_final\images\100k\val\c95f8ca5-0cf1c43c.jpg,val,clear,daytime,clear
c95fecc3-41401a5f.jpg,F:\xlw\bdd100k_final\images\100k\val\c95fecc3-41401a5f.jpg,val,overcast,daytime,clear
c95fecc3-4a1dd709.jpg,F:\xlw\bdd100k_final\images\100k\val\c95fecc3-4a1dd709.jpg,val,partly cloudy,daytime,clear
c95fecc3-4e289a4e.jpg,F:\xlw\bdd100k_final\images\100k\val\c95fecc3-4e289a4e.jpg,val,clear,daytime,clear
c96109b8-caf84a36.jpg,F:\xlw\bdd100k_final\images\100k\val\c96109b8-caf84a36.jpg,val,clear,daytime,clear
c962949b-dddd40b2.jpg,F:\xlw\bdd100k_final\images\100k\val\c962949b-dddd40b2.jpg,val,clear,daytime,clear
c96299f2-8e89da2c.jpg,F:\xlw\bdd100k_final\images\100k\val\c96299f2-8e89da2c.jpg,val,rainy,night,night
c96299f2-e7dd8431.jpg,F:\xlw\bdd100k_final\images\100k\val\c96299f2-e7dd8431.jpg,val,rainy,night,night
c962fce0-dcea4e6a.jpg,F:\xlw\bdd100k_final\images\100k\val\c962fce0-dcea4e6a.jpg,val,clear,night,night
c963d910-fa6c706d.jpg,F:\xlw\bdd100k_final\images\100k\val\c963d910-fa6c706d.jpg,val,partly cloudy,daytime,clear
c96519fa-2d8cc863.jpg,F:\xlw\bdd100k_final\images\100k\val\c96519fa-2d8cc863.jpg,val,clear,night,night
c96519fa-d85ac570.jpg,F:\xlw\bdd100k_final\images\100k\val\c96519fa-d85ac570.jpg,val,clear,night,night
c9683e6e-68b49262.jpg,F:\xlw\bdd100k_final\images\100k\val\c9683e6e-68b49262.jpg,val,clear,night,night
c968f598-3507eb4b.jpg,F:\xlw\bdd100k_final\images\100k\val\c968f598-3507eb4b.jpg,val,clear,night,night
c968f598-7b3b4c6d.jpg,F:\xlw\bdd100k_final\images\100k\val\c968f598-7b3b4c6d.jpg,val,clear,night,night
c96ab7ea-3894685f.jpg,F:\xlw\bdd100k_final\images\100k\val\c96ab7ea-3894685f.jpg,val,clear,night,night
c96ab7ea-6b63e676.jpg,F:\xlw\bdd100k_final\images\100k\val\c96ab7ea-6b63e676.jpg,val,clear,night,night
c96ab7ea-761efabd.jpg,F:\xlw\bdd100k_final\images\100k\val\c96ab7ea-761efabd.jpg,val,clear,night,night
c96ab7ea-a10139b9.jpg,F:\xlw\bdd100k_final\images\100k\val\c96ab7ea-a10139b9.jpg,val,clear,night,night
c96ab7ea-f0802092.jpg,F:\xlw\bdd100k_final\images\100k\val\c96ab7ea-f0802092.jpg,val,clear,night,night
c96ab7ea-f3e268c8.jpg,F:\xlw\bdd100k_final\images\100k\val\c96ab7ea-f3e268c8.jpg,val,clear,night,night
c96b5ea4-f4c45a46.jpg,F:\xlw\bdd100k_final\images\100k\val\c96b5ea4-f4c45a46.jpg,val,clear,night,night
c96d485d-63a73865.jpg,F:\xlw\bdd100k_final\images\100k\val\c96d485d-63a73865.jpg,val,clear,night,night
c96d4996-d78b1b88.jpg,F:\xlw\bdd100k_final\images\100k\val\c96d4996-d78b1b88.jpg,val,overcast,daytime,clear
c96e6559-2b1401da.jpg,F:\xlw\bdd100k_final\images\100k\val\c96e6559-2b1401da.jpg,val,clear,night,night
c96fcc84-d7778d41.jpg,F:\xlw\bdd100k_final\images\100k\val\c96fcc84-d7778d41.jpg,val,clear,night,night
c96fcc84-faebc9c9.jpg,F:\xlw\bdd100k_final\images\100k\val\c96fcc84-faebc9c9.jpg,val,overcast,daytime,clear
c96ffe59-1cf2df11.jpg,F:\xlw\bdd100k_final\images\100k\val\c96ffe59-1cf2df11.jpg,val,clear,daytime,clear
c96ffe59-25022c0b.jpg,F:\xlw\bdd100k_final\images\100k\val\c96ffe59-25022c0b.jpg,val,clear,daytime,clear
c96ffe59-d72b7012.jpg,F:\xlw\bdd100k_final\images\100k\val\c96ffe59-d72b7012.jpg,val,clear,night,night
c96ffe59-e18bc459.jpg,F:\xlw\bdd100k_final\images\100k\val\c96ffe59-e18bc459.jpg,val,clear,night,night
c970d004-efeb8b97.jpg,F:\xlw\bdd100k_final\images\100k\val\c970d004-efeb8b97.jpg,val,overcast,daytime,clear
c972204c-e7d86629.jpg,F:\xlw\bdd100k_final\images\100k\val\c972204c-e7d86629.jpg,val,clear,night,night
c9736046-5b96af10.jpg,F:\xlw\bdd100k_final\images\100k\val\c9736046-5b96af10.jpg,val,rainy,daytime,rain
c9736046-d8b9fd11.jpg,F:\xlw\bdd100k_final\images\100k\val\c9736046-d8b9fd11.jpg,val,rainy,daytime,rain
c975393b-d0309026.jpg,F:\xlw\bdd100k_final\images\100k\val\c975393b-d0309026.jpg,val,clear,daytime,clear
c975761f-42dd555b.jpg,F:\xlw\bdd100k_final\images\100k\val\c975761f-42dd555b.jpg,val,clear,night,night
c9768773-d9cf584c.jpg,F:\xlw\bdd100k_final\images\100k\val\c9768773-d9cf584c.jpg,val,partly cloudy,daytime,clear
c977423c-43dddd3b.jpg,F:\xlw\bdd100k_final\images\100k\val\c977423c-43dddd3b.jpg,val,clear,night,night
c978b30e-673341ec.jpg,F:\xlw\bdd100k_final\images\100k\val\c978b30e-673341ec.jpg,val,clear,night,night
c978b30e-76bd39af.jpg,F:\xlw\bdd100k_final\images\100k\val\c978b30e-76bd39af.jpg,val,clear,night,night
c978b30e-b7e84613.jpg,F:\xlw\bdd100k_final\images\100k\val\c978b30e-b7e84613.jpg,val,clear,night,night
c979b818-481e9da0.jpg,F:\xlw\bdd100k_final\images\100k\val\c979b818-481e9da0.jpg,val,clear,daytime,clear
c97abe9e-ccbca525.jpg,F:\xlw\bdd100k_final\images\100k\val\c97abe9e-ccbca525.jpg,val,overcast,daytime,clear
c97b2568-576a4ba1.jpg,F:\xlw\bdd100k_final\images\100k\val\c97b2568-576a4ba1.jpg,val,clear,night,night
c97c0d3c-64a7bc09.jpg,F:\xlw\bdd100k_final\images\100k\val\c97c0d3c-64a7bc09.jpg,val,clear,night,night
c97c0d3c-70e91ccf.jpg,F:\xlw\bdd100k_final\images\100k\val\c97c0d3c-70e91ccf.jpg,val,undefined,night,night
c97c0d3c-b656cd59.jpg,F:\xlw\bdd100k_final\images\100k\val\c97c0d3c-b656cd59.jpg,val,clear,night,night
c97c4556-6055e106.jpg,F:\xlw\bdd100k_final\images\100k\val\c97c4556-6055e106.jpg,val,overcast,daytime,clear
c97d6560-103e2fc4.jpg,F:\xlw\bdd100k_final\images\100k\val\c97d6560-103e2fc4.jpg,val,clear,night,night
c97deb16-924a514f.jpg,F:\xlw\bdd100k_final\images\100k\val\c97deb16-924a514f.jpg,val,clear,night,night
c97fc7da-4bca948f.jpg,F:\xlw\bdd100k_final\images\100k\val\c97fc7da-4bca948f.jpg,val,clear,night,night
c97fc7da-a19144af.jpg,F:\xlw\bdd100k_final\images\100k\val\c97fc7da-a19144af.jpg,val,clear,night,night
c97fc7da-ed179cad.jpg,F:\xlw\bdd100k_final\images\100k\val\c97fc7da-ed179cad.jpg,val,clear,night,night
c981c004-35dc44b9.jpg,F:\xlw\bdd100k_final\images\100k\val\c981c004-35dc44b9.jpg,val,clear,night,night
c9821da0-2b4ef0c0.jpg,F:\xlw\bdd100k_final\images\100k\val\c9821da0-2b4ef0c0.jpg,val,clear,night,night
c986e8a4-81f5a043.jpg,F:\xlw\bdd100k_final\images\100k\val\c986e8a4-81f5a043.jpg,val,clear,night,night
c988c74a-32132434.jpg,F:\xlw\bdd100k_final\images\100k\val\c988c74a-32132434.jpg,val,clear,daytime,clear
c988c74a-8d679348.jpg,F:\xlw\bdd100k_final\images\100k\val\c988c74a-8d679348.jpg,val,clear,daytime,clear
c98a01d0-a1e7bb72.jpg,F:\xlw\bdd100k_final\images\100k\val\c98a01d0-a1e7bb72.jpg,val,clear,night,night
c98b35d1-b66b62c2.jpg,F:\xlw\bdd100k_final\images\100k\val\c98b35d1-b66b62c2.jpg,val,overcast,daytime,clear
c98c1005-1a53d7d2.jpg,F:\xlw\bdd100k_final\images\100k\val\c98c1005-1a53d7d2.jpg,val,partly cloudy,daytime,clear
c98c1005-7d014761.jpg,F:\xlw\bdd100k_final\images\100k\val\c98c1005-7d014761.jpg,val,snowy,daytime,snow
c992d89e-45d612c4.jpg,F:\xlw\bdd100k_final\images\100k\val\c992d89e-45d612c4.jpg,val,clear,daytime,clear
c992d89e-63020be4.jpg,F:\xlw\bdd100k_final\images\100k\val\c992d89e-63020be4.jpg,val,partly cloudy,daytime,clear
c993615f-20359e85.jpg,F:\xlw\bdd100k_final\images\100k\val\c993615f-20359e85.jpg,val,clear,daytime,clear
c993615f-33101e6b.jpg,F:\xlw\bdd100k_final\images\100k\val\c993615f-33101e6b.jpg,val,clear,night,night
c993615f-350c682c.jpg,F:\xlw\bdd100k_final\images\100k\val\c993615f-350c682c.jpg,val,clear,night,night
c993615f-613d6034.jpg,F:\xlw\bdd100k_final\images\100k\val\c993615f-613d6034.jpg,val,clear,night,night
c993615f-768a9187.jpg,F:\xlw\bdd100k_final\images\100k\val\c993615f-768a9187.jpg,val,overcast,daytime,clear
c993615f-8cda0568.jpg,F:\xlw\bdd100k_final\images\100k\val\c993615f-8cda0568.jpg,val,clear,night,night
c993615f-ab858bd2.jpg,F:\xlw\bdd100k_final\images\100k\val\c993615f-ab858bd2.jpg,val,clear,night,night
c993615f-c333ae32.jpg,F:\xlw\bdd100k_final\images\100k\val\c993615f-c333ae32.jpg,val,undefined,night,night
c993615f-c9f6e6aa.jpg,F:\xlw\bdd100k_final\images\100k\val\c993615f-c9f6e6aa.jpg,val,clear,night,night
c994e726-55ae7597.jpg,F:\xlw\bdd100k_final\images\100k\val\c994e726-55ae7597.jpg,val,clear,night,night
c994e726-d8b6115b.jpg,F:\xlw\bdd100k_final\images\100k\val\c994e726-d8b6115b.jpg,val,clear,night,night
c9957093-21cf5834.jpg,F:\xlw\bdd100k_final\images\100k\val\c9957093-21cf5834.jpg,val,clear,night,night
c99927e4-a37dc628.jpg,F:\xlw\bdd100k_final\images\100k\val\c99927e4-a37dc628.jpg,val,clear,night,night
c99a4baf-9b8ca7d9.jpg,F:\xlw\bdd100k_final\images\100k\val\c99a4baf-9b8ca7d9.jpg,val,overcast,daytime,clear
c99a4baf-a0146015.jpg,F:\xlw\bdd100k_final\images\100k\val\c99a4baf-a0146015.jpg,val,partly cloudy,daytime,clear
c99a4baf-daaaed61.jpg,F:\xlw\bdd100k_final\images\100k\val\c99a4baf-daaaed61.jpg,val,clear,daytime,clear
c9a03aa8-301aafe7.jpg,F:\xlw\bdd100k_final\images\100k\val\c9a03aa8-301aafe7.jpg,val,overcast,night,night
c9a270fa-dddd15ff.jpg,F:\xlw\bdd100k_final\images\100k\val\c9a270fa-dddd15ff.jpg,val,clear,night,night
c9a2a6db-a5b0a35d.jpg,F:\xlw\bdd100k_final\images\100k\val\c9a2a6db-a5b0a35d.jpg,val,clear,daytime,clear
c9a2b46c-e2f795a7.jpg,F:\xlw\bdd100k_final\images\100k\val\c9a2b46c-e2f795a7.jpg,val,clear,night,night
c9a41ce3-bd04c1ae.jpg,F:\xlw\bdd100k_final\images\100k\val\c9a41ce3-bd04c1ae.jpg,val,clear,night,night
c9a4aaee-24651f2a.jpg,F:\xlw\bdd100k_final\images\100k\val\c9a4aaee-24651f2a.jpg,val,clear,night,night
c9a4c2a2-e2ef482c.jpg,F:\xlw\bdd100k_final\images\100k\val\c9a4c2a2-e2ef482c.jpg,val,snowy,night,night
c9a5380e-01e2abe2.jpg,F:\xlw\bdd100k_final\images\100k\val\c9a5380e-01e2abe2.jpg,val,overcast,daytime,clear
c9a653e3-746daa0d.jpg,F:\xlw\bdd100k_final\images\100k\val\c9a653e3-746daa0d.jpg,val,clear,night,night
c9a80c9b-67f90548.jpg,F:\xlw\bdd100k_final\images\100k\val\c9a80c9b-67f90548.jpg,val,clear,daytime,clear
c9a91df9-fa338ec9.jpg,F:\xlw\bdd100k_final\images\100k\val\c9a91df9-fa338ec9.jpg,val,clear,night,night
c9a9290b-86ad51fb.jpg,F:\xlw\bdd100k_final\images\100k\val\c9a9290b-86ad51fb.jpg,val,snowy,daytime,snow
c9a9a2a9-57519e11.jpg,F:\xlw\bdd100k_final\images\100k\val\c9a9a2a9-57519e11.jpg,val,clear,daytime,clear
c9aa50be-62caa81b.jpg,F:\xlw\bdd100k_final\images\100k\val\c9aa50be-62caa81b.jpg,val,clear,daytime,clear
c9aa50be-8c87193e.jpg,F:\xlw\bdd100k_final\images\100k\val\c9aa50be-8c87193e.jpg,val,clear,daytime,clear
c9aa50be-9e8cd399.jpg,F:\xlw\bdd100k_final\images\100k\val\c9aa50be-9e8cd399.jpg,val,clear,daytime,clear
c9b0054d-bded8b46.jpg,F:\xlw\bdd100k_final\images\100k\val\c9b0054d-bded8b46.jpg,val,clear,night,night
c9b0054d-c043599e.jpg,F:\xlw\bdd100k_final\images\100k\val\c9b0054d-c043599e.jpg,val,undefined,night,night
c9b099e4-6ab2e4f4.jpg,F:\xlw\bdd100k_final\images\100k\val\c9b099e4-6ab2e4f4.jpg,val,overcast,daytime,clear
c9b099e4-efc9579f.jpg,F:\xlw\bdd100k_final\images\100k\val\c9b099e4-efc9579f.jpg,val,overcast,daytime,clear
c9b19b83-da526c25.jpg,F:\xlw\bdd100k_final\images\100k\val\c9b19b83-da526c25.jpg,val,clear,daytime,clear
c9b29647-95da8336.jpg,F:\xlw\bdd100k_final\images\100k\val\c9b29647-95da8336.jpg,val,clear,daytime,clear
c9b2aaae-f2ff02a7.jpg,F:\xlw\bdd100k_final\images\100k\val\c9b2aaae-f2ff02a7.jpg,val,clear,daytime,clear
c9b55e48-8c2b4097.jpg,F:\xlw\bdd100k_final\images\100k\val\c9b55e48-8c2b4097.jpg,val,clear,daytime,clear
c9b82f4e-454a5878.jpg,F:\xlw\bdd100k_final\images\100k\val\c9b82f4e-454a5878.jpg,val,clear,daytime,clear
c9b82f4e-fd73af29.jpg,F:\xlw\bdd100k_final\images\100k\val\c9b82f4e-fd73af29.jpg,val,clear,daytime,clear
c9b96433-8473dd77.jpg,F:\xlw\bdd100k_final\images\100k\val\c9b96433-8473dd77.jpg,val,overcast,daytime,clear
c9bbc56e-b61223fd.jpg,F:\xlw\bdd100k_final\images\100k\val\c9bbc56e-b61223fd.jpg,val,rainy,daytime,rain
c9bbc56e-b9f39d14.jpg,F:\xlw\bdd100k_final\images\100k\val\c9bbc56e-b9f39d14.jpg,val,rainy,daytime,rain
c9bdd74a-9dc0ad2e.jpg,F:\xlw\bdd100k_final\images\100k\val\c9bdd74a-9dc0ad2e.jpg,val,rainy,daytime,rain
c9c31e57-3f228293.jpg,F:\xlw\bdd100k_final\images\100k\val\c9c31e57-3f228293.jpg,val,overcast,daytime,clear
c9c31e57-45b42452.jpg,F:\xlw\bdd100k_final\images\100k\val\c9c31e57-45b42452.jpg,val,clear,daytime,clear
c9c4d608-4555cd80.jpg,F:\xlw\bdd100k_final\images\100k\val\c9c4d608-4555cd80.jpg,val,partly cloudy,daytime,clear
c9c4e755-d4a99803.jpg,F:\xlw\bdd100k_final\images\100k\val\c9c4e755-d4a99803.jpg,val,clear,night,night
c9c77676-1fa8e0d6.jpg,F:\xlw\bdd100k_final\images\100k\val\c9c77676-1fa8e0d6.jpg,val,clear,night,night
c9c778b5-772ddc4a.jpg,F:\xlw\bdd100k_final\images\100k\val\c9c778b5-772ddc4a.jpg,val,partly cloudy,daytime,clear
c9c778b5-83f9cec1.jpg,F:\xlw\bdd100k_final\images\100k\val\c9c778b5-83f9cec1.jpg,val,clear,daytime,clear
c9c778b5-86bddb7e.jpg,F:\xlw\bdd100k_final\images\100k\val\c9c778b5-86bddb7e.jpg,val,partly cloudy,daytime,clear
c9c9235f-2215a6b7.jpg,F:\xlw\bdd100k_final\images\100k\val\c9c9235f-2215a6b7.jpg,val,clear,night,night
c9c9235f-27dae64a.jpg,F:\xlw\bdd100k_final\images\100k\val\c9c9235f-27dae64a.jpg,val,clear,night,night
c9c9235f-2bf3ae13.jpg,F:\xlw\bdd100k_final\images\100k\val\c9c9235f-2bf3ae13.jpg,val,clear,night,night
c9c9235f-361e5664.jpg,F:\xlw\bdd100k_final\images\100k\val\c9c9235f-361e5664.jpg,val,clear,night,night
c9c9235f-3d954113.jpg,F:\xlw\bdd100k_final\images\100k\val\c9c9235f-3d954113.jpg,val,clear,night,night
c9c9235f-8c053a4c.jpg,F:\xlw\bdd100k_final\images\100k\val\c9c9235f-8c053a4c.jpg,val,clear,night,night
c9c9235f-94e65449.jpg,F:\xlw\bdd100k_final\images\100k\val\c9c9235f-94e65449.jpg,val,clear,night,night
c9c9235f-c15e8390.jpg,F:\xlw\bdd100k_final\images\100k\val\c9c9235f-c15e8390.jpg,val,clear,night,night
c9c9235f-c6c0bdf8.jpg,F:\xlw\bdd100k_final\images\100k\val\c9c9235f-c6c0bdf8.jpg,val,clear,night,night
c9c9235f-cc8f42ba.jpg,F:\xlw\bdd100k_final\images\100k\val\c9c9235f-cc8f42ba.jpg,val,clear,night,night
c9c9235f-d2de2015.jpg,F:\xlw\bdd100k_final\images\100k\val\c9c9235f-d2de2015.jpg,val,clear,night,night
c9ca4c6c-4c9db372.jpg,F:\xlw\bdd100k_final\images\100k\val\c9ca4c6c-4c9db372.jpg,val,partly cloudy,daytime,clear
c9ca4ffe-8eb6d592.jpg,F:\xlw\bdd100k_final\images\100k\val\c9ca4ffe-8eb6d592.jpg,val,clear,night,night
c9ca4ffe-c34137ab.jpg,F:\xlw\bdd100k_final\images\100k\val\c9ca4ffe-c34137ab.jpg,val,clear,night,night
c9cc3cb0-b0085030.jpg,F:\xlw\bdd100k_final\images\100k\val\c9cc3cb0-b0085030.jpg,val,clear,night,night
c9cc53f7-2ac83c8c.jpg,F:\xlw\bdd100k_final\images\100k\val\c9cc53f7-2ac83c8c.jpg,val,clear,night,night
c9cd9fa8-30108c57.jpg,F:\xlw\bdd100k_final\images\100k\val\c9cd9fa8-30108c57.jpg,val,clear,night,night
c9cd9fa8-6f90442b.jpg,F:\xlw\bdd100k_final\images\100k\val\c9cd9fa8-6f90442b.jpg,val,clear,night,night
c9cd9fa8-d69dfb4e.jpg,F:\xlw\bdd100k_final\images\100k\val\c9cd9fa8-d69dfb4e.jpg,val,clear,night,night
c9cf1065-0f19dbe2.jpg,F:\xlw\bdd100k_final\images\100k\val\c9cf1065-0f19dbe2.jpg,val,snowy,night,night
c9cf1065-5578a982.jpg,F:\xlw\bdd100k_final\images\100k\val\c9cf1065-5578a982.jpg,val,clear,night,night
c9cf1065-58a17ed3.jpg,F:\xlw\bdd100k_final\images\100k\val\c9cf1065-58a17ed3.jpg,val,clear,night,night
c9cf1065-71498367.jpg,F:\xlw\bdd100k_final\images\100k\val\c9cf1065-71498367.jpg,val,clear,night,night
c9cf1065-8dbf1363.jpg,F:\xlw\bdd100k_final\images\100k\val\c9cf1065-8dbf1363.jpg,val,clear,night,night
c9cf1065-e9fd4f91.jpg,F:\xlw\bdd100k_final\images\100k\val\c9cf1065-e9fd4f91.jpg,val,snowy,night,night
c9cf1065-f841eddc.jpg,F:\xlw\bdd100k_final\images\100k\val\c9cf1065-f841eddc.jpg,val,snowy,night,night
c9cf1065-fd69ddbf.jpg,F:\xlw\bdd100k_final\images\100k\val\c9cf1065-fd69ddbf.jpg,val,clear,night,night
c9cf175a-131d4aae.jpg,F:\xlw\bdd100k_final\images\100k\val\c9cf175a-131d4aae.jpg,val,clear,night,night
c9d61a6d-92609e9c.jpg,F:\xlw\bdd100k_final\images\100k\val\c9d61a6d-92609e9c.jpg,val,clear,daytime,clear
c9d61a6d-986df2e9.jpg,F:\xlw\bdd100k_final\images\100k\val\c9d61a6d-986df2e9.jpg,val,partly cloudy,daytime,clear
c9d7b898-27eba05f.jpg,F:\xlw\bdd100k_final\images\100k\val\c9d7b898-27eba05f.jpg,val,clear,daytime,clear
c9d7eba9-57de0925.jpg,F:\xlw\bdd100k_final\images\100k\val\c9d7eba9-57de0925.jpg,val,partly cloudy,daytime,clear
c9d89485-18576ffb.jpg,F:\xlw\bdd100k_final\images\100k\val\c9d89485-18576ffb.jpg,val,overcast,daytime,clear
c9d9a47f-951c00bd.jpg,F:\xlw\bdd100k_final\images\100k\val\c9d9a47f-951c00bd.jpg,val,clear,night,night
c9d9cbf9-e86cf1ef.jpg,F:\xlw\bdd100k_final\images\100k\val\c9d9cbf9-e86cf1ef.jpg,val,clear,daytime,clear
c9dc0649-b5aa2483.jpg,F:\xlw\bdd100k_final\images\100k\val\c9dc0649-b5aa2483.jpg,val,clear,night,night
c9de245d-d0bf2816.jpg,F:\xlw\bdd100k_final\images\100k\val\c9de245d-d0bf2816.jpg,val,clear,daytime,clear
c9dedfc8-b23ac57e.jpg,F:\xlw\bdd100k_final\images\100k\val\c9dedfc8-b23ac57e.jpg,val,overcast,daytime,clear
c9df3b7e-0bf4fa31.jpg,F:\xlw\bdd100k_final\images\100k\val\c9df3b7e-0bf4fa31.jpg,val,clear,night,night
c9df3b7e-2b54cd7f.jpg,F:\xlw\bdd100k_final\images\100k\val\c9df3b7e-2b54cd7f.jpg,val,undefined,night,night
c9df3b7e-4701c0f2.jpg,F:\xlw\bdd100k_final\images\100k\val\c9df3b7e-4701c0f2.jpg,val,clear,night,night
c9df3b7e-bfcabe04.jpg,F:\xlw\bdd100k_final\images\100k\val\c9df3b7e-bfcabe04.jpg,val,clear,night,night
c9df3b7e-ef94efe9.jpg,F:\xlw\bdd100k_final\images\100k\val\c9df3b7e-ef94efe9.jpg,val,snowy,night,night
c9df836e-5955e515.jpg,F:\xlw\bdd100k_final\images\100k\val\c9df836e-5955e515.jpg,val,clear,night,night
c9df836e-80c5caa3.jpg,F:\xlw\bdd100k_final\images\100k\val\c9df836e-80c5caa3.jpg,val,clear,night,night
c9df836e-b8fcc9d7.jpg,F:\xlw\bdd100k_final\images\100k\val\c9df836e-b8fcc9d7.jpg,val,clear,night,night
c9dfbc72-db954e64.jpg,F:\xlw\bdd100k_final\images\100k\val\c9dfbc72-db954e64.jpg,val,overcast,daytime,clear
c9dfbdd0-1d00a047.jpg,F:\xlw\bdd100k_final\images\100k\val\c9dfbdd0-1d00a047.jpg,val,clear,night,night
c9e4a2e8-2ac2fabd.jpg,F:\xlw\bdd100k_final\images\100k\val\c9e4a2e8-2ac2fabd.jpg,val,clear,night,night
c9e4a2e8-e29e53ec.jpg,F:\xlw\bdd100k_final\images\100k\val\c9e4a2e8-e29e53ec.jpg,val,clear,daytime,clear
c9e77458-658d5966.jpg,F:\xlw\bdd100k_final\images\100k\val\c9e77458-658d5966.jpg,val,clear,night,night
c9e7c9d4-18d31194.jpg,F:\xlw\bdd100k_final\images\100k\val\c9e7c9d4-18d31194.jpg,val,clear,daytime,clear
c9ead9ee-4ebeef77.jpg,F:\xlw\bdd100k_final\images\100k\val\c9ead9ee-4ebeef77.jpg,val,clear,night,night
c9eb9a86-523e6e0f.jpg,F:\xlw\bdd100k_final\images\100k\val\c9eb9a86-523e6e0f.jpg,val,clear,night,night
c9eb9a86-c9dd6104.jpg,F:\xlw\bdd100k_final\images\100k\val\c9eb9a86-c9dd6104.jpg,val,clear,night,night
c9ece337-21d7e75e.jpg,F:\xlw\bdd100k_final\images\100k\val\c9ece337-21d7e75e.jpg,val,partly cloudy,daytime,clear
c9ee0f8e-3308c0e4.jpg,F:\xlw\bdd100k_final\images\100k\val\c9ee0f8e-3308c0e4.jpg,val,rainy,daytime,rain
c9ef0aa9-41d939af.jpg,F:\xlw\bdd100k_final\images\100k\val\c9ef0aa9-41d939af.jpg,val,rainy,daytime,rain
c9ef51b7-9dc86de1.jpg,F:\xlw\bdd100k_final\images\100k\val\c9ef51b7-9dc86de1.jpg,val,overcast,daytime,clear
c9f5283d-1b02cbcc.jpg,F:\xlw\bdd100k_final\images\100k\val\c9f5283d-1b02cbcc.jpg,val,clear,night,night
c9f5283d-36783b15.jpg,F:\xlw\bdd100k_final\images\100k\val\c9f5283d-36783b15.jpg,val,overcast,daytime,clear
c9f5283d-71e7d62c.jpg,F:\xlw\bdd100k_final\images\100k\val\c9f5283d-71e7d62c.jpg,val,clear,daytime,clear
c9f5283d-7b81eb6b.jpg,F:\xlw\bdd100k_final\images\100k\val\c9f5283d-7b81eb6b.jpg,val,clear,night,night
c9f5283d-8e8344c6.jpg,F:\xlw\bdd100k_final\images\100k\val\c9f5283d-8e8344c6.jpg,val,overcast,night,night
c9f6b520-523674ac.jpg,F:\xlw\bdd100k_final\images\100k\val\c9f6b520-523674ac.jpg,val,overcast,daytime,clear
c9f9c6ac-b3270e58.jpg,F:\xlw\bdd100k_final\images\100k\val\c9f9c6ac-b3270e58.jpg,val,clear,night,night
c9f9c6ac-ba013d70.jpg,F:\xlw\bdd100k_final\images\100k\val\c9f9c6ac-ba013d70.jpg,val,clear,night,night
c9f9c6ac-e412ca03.jpg,F:\xlw\bdd100k_final\images\100k\val\c9f9c6ac-e412ca03.jpg,val,clear,night,night
c9fa0253-3a8bc597.jpg,F:\xlw\bdd100k_final\images\100k\val\c9fa0253-3a8bc597.jpg,val,clear,night,night
c9fb03a5-9a1788d9.jpg,F:\xlw\bdd100k_final\images\100k\val\c9fb03a5-9a1788d9.jpg,val,clear,night,night
c9fb1a4c-0bd0ea9d.jpg,F:\xlw\bdd100k_final\images\100k\val\c9fb1a4c-0bd0ea9d.jpg,val,clear,daytime,clear
c9fc208f-16aa9283.jpg,F:\xlw\bdd100k_final\images\100k\val\c9fc208f-16aa9283.jpg,val,partly cloudy,daytime,clear
c9fc208f-4cf24bbd.jpg,F:\xlw\bdd100k_final\images\100k\val\c9fc208f-4cf24bbd.jpg,val,partly cloudy,daytime,clear
c9fc208f-75876b0b.jpg,F:\xlw\bdd100k_final\images\100k\val\c9fc208f-75876b0b.jpg,val,clear,daytime,clear
c9fcc762-bf7c7c67.jpg,F:\xlw\bdd100k_final\images\100k\val\c9fcc762-bf7c7c67.jpg,val,clear,night,night
c9fea009-ee6a4d2a.jpg,F:\xlw\bdd100k_final\images\100k\val\c9fea009-ee6a4d2a.jpg,val,overcast,daytime,clear
c9ffe9d7-7558d38d.jpg,F:\xlw\bdd100k_final\images\100k\val\c9ffe9d7-7558d38d.jpg,val,partly cloudy,daytime,clear
ca00540c-261a3e99.jpg,F:\xlw\bdd100k_final\images\100k\val\ca00540c-261a3e99.jpg,val,clear,night,night
ca009e13-fdb666f6.jpg,F:\xlw\bdd100k_final\images\100k\val\ca009e13-fdb666f6.jpg,val,clear,daytime,clear
ca049e30-02338b16.jpg,F:\xlw\bdd100k_final\images\100k\val\ca049e30-02338b16.jpg,val,clear,night,night
ca049e30-1b2337e2.jpg,F:\xlw\bdd100k_final\images\100k\val\ca049e30-1b2337e2.jpg,val,clear,night,night
ca049e30-382d661d.jpg,F:\xlw\bdd100k_final\images\100k\val\ca049e30-382d661d.jpg,val,clear,night,night
ca049e30-4e81f5ee.jpg,F:\xlw\bdd100k_final\images\100k\val\ca049e30-4e81f5ee.jpg,val,clear,night,night
ca049e30-5d1864a5.jpg,F:\xlw\bdd100k_final\images\100k\val\ca049e30-5d1864a5.jpg,val,clear,night,night
ca049e30-cb9982a6.jpg,F:\xlw\bdd100k_final\images\100k\val\ca049e30-cb9982a6.jpg,val,clear,night,night
ca049e30-f0a8ccd4.jpg,F:\xlw\bdd100k_final\images\100k\val\ca049e30-f0a8ccd4.jpg,val,clear,night,night
ca04d99f-c1282bb7.jpg,F:\xlw\bdd100k_final\images\100k\val\ca04d99f-c1282bb7.jpg,val,clear,night,night
ca057c8b-e42f0882.jpg,F:\xlw\bdd100k_final\images\100k\val\ca057c8b-e42f0882.jpg,val,clear,daytime,clear
ca0619a2-ccd6a93c.jpg,F:\xlw\bdd100k_final\images\100k\val\ca0619a2-ccd6a93c.jpg,val,partly cloudy,daytime,clear
ca068cb6-1418f2fb.jpg,F:\xlw\bdd100k_final\images\100k\val\ca068cb6-1418f2fb.jpg,val,overcast,daytime,clear
ca068cb6-e29842f7.jpg,F:\xlw\bdd100k_final\images\100k\val\ca068cb6-e29842f7.jpg,val,partly cloudy,daytime,clear
ca077fe9-b7f766fd.jpg,F:\xlw\bdd100k_final\images\100k\val\ca077fe9-b7f766fd.jpg,val,partly cloudy,daytime,clear
ca077fe9-d2cf4446.jpg,F:\xlw\bdd100k_final\images\100k\val\ca077fe9-d2cf4446.jpg,val,clear,daytime,clear
ca08d93c-c406e9aa.jpg,F:\xlw\bdd100k_final\images\100k\val\ca08d93c-c406e9aa.jpg,val,clear,night,night
ca095e13-3477eff3.jpg,F:\xlw\bdd100k_final\images\100k\val\ca095e13-3477eff3.jpg,val,clear,daytime,clear
ca098890-0947e76a.jpg,F:\xlw\bdd100k_final\images\100k\val\ca098890-0947e76a.jpg,val,clear,night,night
ca098890-6ef745ed.jpg,F:\xlw\bdd100k_final\images\100k\val\ca098890-6ef745ed.jpg,val,rainy,night,night
ca0b4ef4-3917ead1.jpg,F:\xlw\bdd100k_final\images\100k\val\ca0b4ef4-3917ead1.jpg,val,overcast,daytime,clear
ca0b4ef4-effd52f4.jpg,F:\xlw\bdd100k_final\images\100k\val\ca0b4ef4-effd52f4.jpg,val,overcast,daytime,clear
ca0de85e-53bdd171.jpg,F:\xlw\bdd100k_final\images\100k\val\ca0de85e-53bdd171.jpg,val,clear,night,night
ca0e9da5-d7dece6c.jpg,F:\xlw\bdd100k_final\images\100k\val\ca0e9da5-d7dece6c.jpg,val,clear,night,night
ca0e9da5-f5507d00.jpg,F:\xlw\bdd100k_final\images\100k\val\ca0e9da5-f5507d00.jpg,val,clear,night,night
ca0eb18c-165a3cc9.jpg,F:\xlw\bdd100k_final\images\100k\val\ca0eb18c-165a3cc9.jpg,val,clear,night,night
ca0eb18c-772780e0.jpg,F:\xlw\bdd100k_final\images\100k\val\ca0eb18c-772780e0.jpg,val,clear,night,night
ca0eb18c-907cd101.jpg,F:\xlw\bdd100k_final\images\100k\val\ca0eb18c-907cd101.jpg,val,clear,night,night
ca0eb18c-b0e6fe6c.jpg,F:\xlw\bdd100k_final\images\100k\val\ca0eb18c-b0e6fe6c.jpg,val,snowy,night,night
ca0f0248-0350c116.jpg,F:\xlw\bdd100k_final\images\100k\val\ca0f0248-0350c116.jpg,val,clear,night,night
ca0f0248-0d55e8dd.jpg,F:\xlw\bdd100k_final\images\100k\val\ca0f0248-0d55e8dd.jpg,val,clear,night,night
ca0fd2c4-82195ac4.jpg,F:\xlw\bdd100k_final\images\100k\val\ca0fd2c4-82195ac4.jpg,val,overcast,daytime,clear
ca130ab2-7f5598b7.jpg,F:\xlw\bdd100k_final\images\100k\val\ca130ab2-7f5598b7.jpg,val,clear,night,night
ca146661-7f70d0c4.jpg,F:\xlw\bdd100k_final\images\100k\val\ca146661-7f70d0c4.jpg,val,clear,daytime,clear
ca1543ec-4ef9d107.jpg,F:\xlw\bdd100k_final\images\100k\val\ca1543ec-4ef9d107.jpg,val,clear,daytime,clear
ca1543ec-6ad48f6e.jpg,F:\xlw\bdd100k_final\images\100k\val\ca1543ec-6ad48f6e.jpg,val,clear,daytime,clear
ca15f699-e51c14c0.jpg,F:\xlw\bdd100k_final\images\100k\val\ca15f699-e51c14c0.jpg,val,clear,night,night
ca177f63-6cb08f25.jpg,F:\xlw\bdd100k_final\images\100k\val\ca177f63-6cb08f25.jpg,val,clear,daytime,clear
ca17cd93-f9c06b09.jpg,F:\xlw\bdd100k_final\images\100k\val\ca17cd93-f9c06b09.jpg,val,rainy,night,night
ca189794-fa2c18e9.jpg,F:\xlw\bdd100k_final\images\100k\val\ca189794-fa2c18e9.jpg,val,clear,night,night
ca194104-1aa2aa9a.jpg,F:\xlw\bdd100k_final\images\100k\val\ca194104-1aa2aa9a.jpg,val,overcast,daytime,clear
ca1a41b3-38240d1e.jpg,F:\xlw\bdd100k_final\images\100k\val\ca1a41b3-38240d1e.jpg,val,clear,night,night
ca1a87ef-4f83ae99.jpg,F:\xlw\bdd100k_final\images\100k\val\ca1a87ef-4f83ae99.jpg,val,clear,night,night
ca1a87ef-5b03345d.jpg,F:\xlw\bdd100k_final\images\100k\val\ca1a87ef-5b03345d.jpg,val,clear,night,night
ca1a87ef-783b4ceb.jpg,F:\xlw\bdd100k_final\images\100k\val\ca1a87ef-783b4ceb.jpg,val,clear,night,night
ca1a92b5-4677f24c.jpg,F:\xlw\bdd100k_final\images\100k\val\ca1a92b5-4677f24c.jpg,val,snowy,night,night
ca1b1f3e-64dd9b2a.jpg,F:\xlw\bdd100k_final\images\100k\val\ca1b1f3e-64dd9b2a.jpg,val,snowy,daytime,snow
ca1b5c7f-2ef9c22a.jpg,F:\xlw\bdd100k_final\images\100k\val\ca1b5c7f-2ef9c22a.jpg,val,rainy,night,night
ca1c6003-aad4464c.jpg,F:\xlw\bdd100k_final\images\100k\val\ca1c6003-aad4464c.jpg,val,partly cloudy,daytime,clear
ca1d52b5-84e8dfa0.jpg,F:\xlw\bdd100k_final\images\100k\val\ca1d52b5-84e8dfa0.jpg,val,clear,night,night
ca21055c-8a012812.jpg,F:\xlw\bdd100k_final\images\100k\val\ca21055c-8a012812.jpg,val,clear,night,night
ca21055c-a1a80ec4.jpg,F:\xlw\bdd100k_final\images\100k\val\ca21055c-a1a80ec4.jpg,val,clear,daytime,clear
ca222491-8d710efa.jpg,F:\xlw\bdd100k_final\images\100k\val\ca222491-8d710efa.jpg,val,overcast,daytime,clear
ca2260e9-51ebcdc6.jpg,F:\xlw\bdd100k_final\images\100k\val\ca2260e9-51ebcdc6.jpg,val,snowy,daytime,snow
ca23fea0-97c90df7.jpg,F:\xlw\bdd100k_final\images\100k\val\ca23fea0-97c90df7.jpg,val,partly cloudy,daytime,clear
ca25cf74-7cb42159.jpg,F:\xlw\bdd100k_final\images\100k\val\ca25cf74-7cb42159.jpg,val,rainy,daytime,rain
ca284215-73cade97.jpg,F:\xlw\bdd100k_final\images\100k\val\ca284215-73cade97.jpg,val,clear,night,night
ca284215-d643be76.jpg,F:\xlw\bdd100k_final\images\100k\val\ca284215-d643be76.jpg,val,clear,night,night
ca28f275-03f8cef5.jpg,F:\xlw\bdd100k_final\images\100k\val\ca28f275-03f8cef5.jpg,val,rainy,night,night
ca28f275-08807c93.jpg,F:\xlw\bdd100k_final\images\100k\val\ca28f275-08807c93.jpg,val,snowy,night,night
ca28f275-24384f38.jpg,F:\xlw\bdd100k_final\images\100k\val\ca28f275-24384f38.jpg,val,snowy,night,night
ca28f275-95fc6836.jpg,F:\xlw\bdd100k_final\images\100k\val\ca28f275-95fc6836.jpg,val,clear,night,night
ca28f275-ca28f770.jpg,F:\xlw\bdd100k_final\images\100k\val\ca28f275-ca28f770.jpg,val,clear,night,night
ca28f275-cac4f254.jpg,F:\xlw\bdd100k_final\images\100k\val\ca28f275-cac4f254.jpg,val,clear,night,night
ca297f76-c2ce18f5.jpg,F:\xlw\bdd100k_final\images\100k\val\ca297f76-c2ce18f5.jpg,val,clear,night,night
ca29b7bd-0820fffb.jpg,F:\xlw\bdd100k_final\images\100k\val\ca29b7bd-0820fffb.jpg,val,clear,night,night
ca2b7ab0-bfdc0fec.jpg,F:\xlw\bdd100k_final\images\100k\val\ca2b7ab0-bfdc0fec.jpg,val,clear,night,night
ca2ba838-fdddb1fb.jpg,F:\xlw\bdd100k_final\images\100k\val\ca2ba838-fdddb1fb.jpg,val,overcast,daytime,clear
ca2bcf0e-69e964d2.jpg,F:\xlw\bdd100k_final\images\100k\val\ca2bcf0e-69e964d2.jpg,val,clear,daytime,clear
ca2c7c84-39bf84ee.jpg,F:\xlw\bdd100k_final\images\100k\val\ca2c7c84-39bf84ee.jpg,val,partly cloudy,daytime,clear
ca2c7c84-5902ee09.jpg,F:\xlw\bdd100k_final\images\100k\val\ca2c7c84-5902ee09.jpg,val,clear,daytime,clear
ca2d1df6-54538d1a.jpg,F:\xlw\bdd100k_final\images\100k\val\ca2d1df6-54538d1a.jpg,val,rainy,night,night
ca2d1df6-76d59c0c.jpg,F:\xlw\bdd100k_final\images\100k\val\ca2d1df6-76d59c0c.jpg,val,rainy,night,night
ca2d32b3-5e8835ac.jpg,F:\xlw\bdd100k_final\images\100k\val\ca2d32b3-5e8835ac.jpg,val,overcast,daytime,clear
ca2fb80b-9d22e350.jpg,F:\xlw\bdd100k_final\images\100k\val\ca2fb80b-9d22e350.jpg,val,clear,daytime,clear
ca3045ee-a27490fa.jpg,F:\xlw\bdd100k_final\images\100k\val\ca3045ee-a27490fa.jpg,val,clear,night,night
ca3045ee-b8ab4712.jpg,F:\xlw\bdd100k_final\images\100k\val\ca3045ee-b8ab4712.jpg,val,clear,night,night
ca3045ee-ec76b7c9.jpg,F:\xlw\bdd100k_final\images\100k\val\ca3045ee-ec76b7c9.jpg,val,clear,night,night
ca309fd3-c485c1eb.jpg,F:\xlw\bdd100k_final\images\100k\val\ca309fd3-c485c1eb.jpg,val,rainy,daytime,rain
ca3165e0-3a330c98.jpg,F:\xlw\bdd100k_final\images\100k\val\ca3165e0-3a330c98.jpg,val,clear,night,night
ca3165e0-949dbfc8.jpg,F:\xlw\bdd100k_final\images\100k\val\ca3165e0-949dbfc8.jpg,val,overcast,daytime,clear
ca3165e0-a8c1ce7a.jpg,F:\xlw\bdd100k_final\images\100k\val\ca3165e0-a8c1ce7a.jpg,val,clear,night,night
ca3165e0-c1c82c8f.jpg,F:\xlw\bdd100k_final\images\100k\val\ca3165e0-c1c82c8f.jpg,val,clear,night,night
ca319f4c-b34af0f1.jpg,F:\xlw\bdd100k_final\images\100k\val\ca319f4c-b34af0f1.jpg,val,clear,night,night
ca326312-b648ccab.jpg,F:\xlw\bdd100k_final\images\100k\val\ca326312-b648ccab.jpg,val,clear,night,night
ca35c192-7f0eadba.jpg,F:\xlw\bdd100k_final\images\100k\val\ca35c192-7f0eadba.jpg,val,overcast,daytime,clear
ca3736db-ab6db00c.jpg,F:\xlw\bdd100k_final\images\100k\val\ca3736db-ab6db00c.jpg,val,partly cloudy,daytime,clear
ca3736db-cc8e1fb7.jpg,F:\xlw\bdd100k_final\images\100k\val\ca3736db-cc8e1fb7.jpg,val,partly cloudy,daytime,clear
ca3736db-cd087585.jpg,F:\xlw\bdd100k_final\images\100k\val\ca3736db-cd087585.jpg,val,clear,daytime,clear
ca3736db-cf9e0cd4.jpg,F:\xlw\bdd100k_final\images\100k\val\ca3736db-cf9e0cd4.jpg,val,clear,daytime,clear
ca3bbb0a-115a055f.jpg,F:\xlw\bdd100k_final\images\100k\val\ca3bbb0a-115a055f.jpg,val,clear,night,night
ca3bbb0a-255bb069.jpg,F:\xlw\bdd100k_final\images\100k\val\ca3bbb0a-255bb069.jpg,val,clear,night,night
ca3bbb0a-b711f4e3.jpg,F:\xlw\bdd100k_final\images\100k\val\ca3bbb0a-b711f4e3.jpg,val,overcast,daytime,clear
ca3bbb0a-cd13da9e.jpg,F:\xlw\bdd100k_final\images\100k\val\ca3bbb0a-cd13da9e.jpg,val,overcast,daytime,clear
ca3bf9b0-55d6ae41.jpg,F:\xlw\bdd100k_final\images\100k\val\ca3bf9b0-55d6ae41.jpg,val,rainy,night,night
ca3bf9b0-ab1201eb.jpg,F:\xlw\bdd100k_final\images\100k\val\ca3bf9b0-ab1201eb.jpg,val,clear,night,night
ca3e6e3d-f66373c8.jpg,F:\xlw\bdd100k_final\images\100k\val\ca3e6e3d-f66373c8.jpg,val,clear,night,night
ca3f4c16-add215c4.jpg,F:\xlw\bdd100k_final\images\100k\val\ca3f4c16-add215c4.jpg,val,clear,night,night
ca3f4c16-b33f3a0b.jpg,F:\xlw\bdd100k_final\images\100k\val\ca3f4c16-b33f3a0b.jpg,val,rainy,night,night
ca4071a6-6fa1a1c8.jpg,F:\xlw\bdd100k_final\images\100k\val\ca4071a6-6fa1a1c8.jpg,val,rainy,daytime,rain
ca40ddd3-102f3b02.jpg,F:\xlw\bdd100k_final\images\100k\val\ca40ddd3-102f3b02.jpg,val,clear,night,night
ca40ddd3-f81f28e9.jpg,F:\xlw\bdd100k_final\images\100k\val\ca40ddd3-f81f28e9.jpg,val,clear,night,night
ca4269e1-0f1e4f92.jpg,F:\xlw\bdd100k_final\images\100k\val\ca4269e1-0f1e4f92.jpg,val,rainy,night,night
ca4269e1-80c4e87b.jpg,F:\xlw\bdd100k_final\images\100k\val\ca4269e1-80c4e87b.jpg,val,overcast,daytime,clear
ca4269e1-914f1061.jpg,F:\xlw\bdd100k_final\images\100k\val\ca4269e1-914f1061.jpg,val,rainy,night,night
ca4269e1-a3a6e21a.jpg,F:\xlw\bdd100k_final\images\100k\val\ca4269e1-a3a6e21a.jpg,val,rainy,night,night
ca4269e1-db6d731e.jpg,F:\xlw\bdd100k_final\images\100k\val\ca4269e1-db6d731e.jpg,val,rainy,night,night
ca430005-edb0085d.jpg,F:\xlw\bdd100k_final\images\100k\val\ca430005-edb0085d.jpg,val,clear,night,night
ca430d8c-0b371423.jpg,F:\xlw\bdd100k_final\images\100k\val\ca430d8c-0b371423.jpg,val,overcast,daytime,clear
ca455727-92566d05.jpg,F:\xlw\bdd100k_final\images\100k\val\ca455727-92566d05.jpg,val,snowy,daytime,snow
ca4bdfab-34ec6a3a.jpg,F:\xlw\bdd100k_final\images\100k\val\ca4bdfab-34ec6a3a.jpg,val,clear,daytime,clear
ca509e4e-a3166aa9.jpg,F:\xlw\bdd100k_final\images\100k\val\ca509e4e-a3166aa9.jpg,val,clear,night,night
ca52e79f-eca3eeec.jpg,F:\xlw\bdd100k_final\images\100k\val\ca52e79f-eca3eeec.jpg,val,clear,daytime,clear
ca546e6d-852f3913.jpg,F:\xlw\bdd100k_final\images\100k\val\ca546e6d-852f3913.jpg,val,partly cloudy,daytime,clear
ca551156-5999d6d4.jpg,F:\xlw\bdd100k_final\images\100k\val\ca551156-5999d6d4.jpg,val,clear,night,night
ca551156-fb7d1680.jpg,F:\xlw\bdd100k_final\images\100k\val\ca551156-fb7d1680.jpg,val,clear,night,night
ca55fb23-6aec0f71.jpg,F:\xlw\bdd100k_final\images\100k\val\ca55fb23-6aec0f71.jpg,val,undefined,night,night
ca55fb23-83a86167.jpg,F:\xlw\bdd100k_final\images\100k\val\ca55fb23-83a86167.jpg,val,clear,daytime,clear
ca55fb23-f91ca9ad.jpg,F:\xlw\bdd100k_final\images\100k\val\ca55fb23-f91ca9ad.jpg,val,clear,daytime,clear
ca561e94-d40cddf8.jpg,F:\xlw\bdd100k_final\images\100k\val\ca561e94-d40cddf8.jpg,val,overcast,daytime,clear
ca56898d-f6400cb3.jpg,F:\xlw\bdd100k_final\images\100k\val\ca56898d-f6400cb3.jpg,val,snowy,daytime,snow
ca59adc8-62801139.jpg,F:\xlw\bdd100k_final\images\100k\val\ca59adc8-62801139.jpg,val,clear,night,night
ca59adc8-9001648c.jpg,F:\xlw\bdd100k_final\images\100k\val\ca59adc8-9001648c.jpg,val,clear,night,night
ca59adc8-d7551f95.jpg,F:\xlw\bdd100k_final\images\100k\val\ca59adc8-d7551f95.jpg,val,clear,night,night
ca5e947c-c2f1d14b.jpg,F:\xlw\bdd100k_final\images\100k\val\ca5e947c-c2f1d14b.jpg,val,clear,night,night
ca5e947c-c6ac10fd.jpg,F:\xlw\bdd100k_final\images\100k\val\ca5e947c-c6ac10fd.jpg,val,clear,night,night
ca5f8e49-0df2e0a1.jpg,F:\xlw\bdd100k_final\images\100k\val\ca5f8e49-0df2e0a1.jpg,val,snowy,night,night
ca5fba82-4e60d94e.jpg,F:\xlw\bdd100k_final\images\100k\val\ca5fba82-4e60d94e.jpg,val,overcast,daytime,clear
ca6142b4-ef037b5b.jpg,F:\xlw\bdd100k_final\images\100k\val\ca6142b4-ef037b5b.jpg,val,clear,night,night
ca6170df-1893979a.jpg,F:\xlw\bdd100k_final\images\100k\val\ca6170df-1893979a.jpg,val,clear,night,night
ca6170df-a566823d.jpg,F:\xlw\bdd100k_final\images\100k\val\ca6170df-a566823d.jpg,val,clear,night,night
ca6170df-c1a75664.jpg,F:\xlw\bdd100k_final\images\100k\val\ca6170df-c1a75664.jpg,val,clear,night,night
ca6412a2-3db85e24.jpg,F:\xlw\bdd100k_final\images\100k\val\ca6412a2-3db85e24.jpg,val,clear,night,night
ca656c47-876ad414.jpg,F:\xlw\bdd100k_final\images\100k\val\ca656c47-876ad414.jpg,val,clear,daytime,clear
ca679a1e-b92f424d.jpg,F:\xlw\bdd100k_final\images\100k\val\ca679a1e-b92f424d.jpg,val,clear,night,night
ca68e8b3-3ecd270a.jpg,F:\xlw\bdd100k_final\images\100k\val\ca68e8b3-3ecd270a.jpg,val,rainy,daytime,rain
ca6927ab-497d6b29.jpg,F:\xlw\bdd100k_final\images\100k\val\ca6927ab-497d6b29.jpg,val,clear,night,night
fe189115-9981a740.jpg,F:\xlw\bdd100k_final\images\100k\val\fe189115-9981a740.jpg,val,overcast,daytime,clear
fe189115-c31cac5a.jpg,F:\xlw\bdd100k_final\images\100k\val\fe189115-c31cac5a.jpg,val,overcast,daytime,clear
fe194677-e2d2ac8c.jpg,F:\xlw\bdd100k_final\images\100k\val\fe194677-e2d2ac8c.jpg,val,snowy,daytime,snow
fe1b92a1-faaaa1eb.jpg,F:\xlw\bdd100k_final\images\100k\val\fe1b92a1-faaaa1eb.jpg,val,clear,night,night
fe1d74f0-5cdc4057.jpg,F:\xlw\bdd100k_final\images\100k\val\fe1d74f0-5cdc4057.jpg,val,clear,daytime,clear
fe1d74f0-6969bdb5.jpg,F:\xlw\bdd100k_final\images\100k\val\fe1d74f0-6969bdb5.jpg,val,clear,night,night
fe1d9184-cd999efe.jpg,F:\xlw\bdd100k_final\images\100k\val\fe1d9184-cd999efe.jpg,val,partly cloudy,daytime,clear
fe1d9184-d144106a.jpg,F:\xlw\bdd100k_final\images\100k\val\fe1d9184-d144106a.jpg,val,clear,daytime,clear
fe1d9184-dec09b65.jpg,F:\xlw\bdd100k_final\images\100k\val\fe1d9184-dec09b65.jpg,val,overcast,daytime,clear
fe1f2409-5b415eb7.jpg,F:\xlw\bdd100k_final\images\100k\val\fe1f2409-5b415eb7.jpg,val,clear,daytime,clear
fe1f2409-c16ea1ed.jpg,F:\xlw\bdd100k_final\images\100k\val\fe1f2409-c16ea1ed.jpg,val,clear,daytime,clear
fe1f55fa-19ba3600.jpg,F:\xlw\bdd100k_final\images\100k\val\fe1f55fa-19ba3600.jpg,val,snowy,daytime,snow
